Workbook

Sheet LƯƠNG THÁNG 2
A12: BẢNG LƯƠNG THÁNG 2-A ĐIỆP
A13: TÊN | B13: MỨC LƯƠNG | C13: HỆ SỐ | D13: TỔNG | I13: BẢNG LƯƠNG THÁNG 2-A ƯỚC
A14: LƯƠNG CỨNG | B14: 7000000 | C14: 1 | D14: =B14*C14 -> 7000000 | I14: TÊN | J14: MỨC LƯƠNG | K14: HỆ SỐ | L14: TỔNG
A15: LƯƠNG THÂM NIÊN | B15: 2000000 | C15: 1 | D15: =B15*C15 -> 2000000 | I15: LƯƠNG CỨNG | J15: 7000000 | K15: 1 | L15: =J15*K15 -> 7000000
A16: TIỀN CÔNG ( THEO BẢNG KÊ) | B16: ='a Điệp T2.26'!E3 -> 2900000 | C16: 1 | D16: =B16*C16 -> 2900000 | I16: LƯƠNG THÂM NIÊN | J16: 2000000 | K16: 1 | L16: =J16*K16 -> 2000000
A17: HỖ TRỢ ĂN TRƯA | B17: 700000 | C17: 1 | D17: =B17*C17 -> 700000 | I17: TIỀN CÔNG ( THEO BẢNG KÊ) | J17: ='A Ước T2.26'!E3 -> 3600000 | K17: 1 | L17: =J17*K17 -> 3600000
D18: =B18*C18 -> 0 | I18: HỖ TRỢ ĂN TRƯA | J18: 700000 | K18: 1 | L18: =J18*K18 -> 700000
D19: =B19*C19 -> 0
D20: =B20*C20 -> 0
A21: TỔNG | D21: =SUM(D14:D20) -> 12600000
L22: =J22*K22 -> 0
I23: TỔNG | L23: =SUM(L15:L22) -> 13300000
A24: BẢNG ỨNG CHI THÁNG 2- A ĐIỆP
A25: Ứng chi | B25: 3000000
A26: Chi thực tế | B26: 3920000 | I26: BẢNG ỨNG CHI THÁNG 2- A ƯỚC
A27: Tổng HT back lại | B27: =B26-B25 -> 920000 | I27: Ứng chi | J27: 6000000
I28: Chi thực tế | J28: 2210000
I29: Tổng HT back lại | J29: =J28-J27 -> -3790000
A34: BẢNG LƯƠNG THÁNG 2-TRƯỜNG
A35: TÊN | B35: MỨC LƯƠNG | C35: HỆ SỐ | D35: TỔNG
A36: LƯƠNG CỨNG | B36: 4000000 | C36: 1 | D36: =B36*C36 -> 4000000
A37: TIỀN CÔNG ( THEO BẢNG KÊ) | B37: 140000 | C37: 1 | D37: =B37*C37 -> 140000
D39: =B39*C39 -> 0
A41: TỔNG | D41: =SUM(D36:D40) -> 4140000
A44: BẢNG ỨNG CHI THÁNG 2- TRƯỜNG
A45: Ứng chi | B45: 0
A46: Chi thực tế | B46: 325000
A47: Tổng HT back lại | B47: =B46-B45 -> 325000

Sheet A Điệp T1.26
A1: TIMEHOUSE SỬA CHỮA THÁNG 1.26
A2: NGÀY | B2: TÒA | C2: MÃ PHÒNG | D2: NỘI DUNG SỬA CHỮA | E2: TIỀN CÔNG | F2: MUA VẬT TƯ | G2: GHI CHÚ
E3: =SUBTOTAL(109,E4:E77) -> 4750000 | F3: =SUBTOTAL(109,F4:F77) -> 11315000
A4: 26/12 | B4: T21 | D4: Sơn chống thấm mặt ngoài trục 3+4. Làm đường ống thoát nước điều hoà 3+4 . Bịt keo lỗ ống dẫn điều hoà . Làm lại mái tôn sân thượng | E4: 1000000 | F4: 479000
A5: 27/12 | B5: G1 | D5: Lắp máy giặt sân thượng | F5: 356000
B6: T7 | C6: 101 | D6: Sửa cửa chính khó đóng mở | F6: 70000
A7: 28/12 | B7: T31 | C7: 304 | D7: Sơn chống thấm nvs | E7: 200000
B8: T31 | C8: 303 | D8: Sơn phòng | E8: 200000
B9: S2 | C9: Tầng 2 | D9: Đi dây làm ổ cắm điện cho máy giặt | F9: 107000 | G9: Dây điện + ổ + đế
A10: 29/12 | B10: T24 | D10: Thay át tổng 3p 501 + 502 +601 | F10: 60000
B11: T18 | C11: 303 | D11: Sơn chống thấm gác xép, tít keo bọt vào khe hở | E11: 50000 | F11: 50000
A12: 30/12 | B12: T26 | C12: 403 | D12: Thay 2 bóng âm trần | F12: 70000
A13: 31/12 | B13: T35 | C13: 302 | D13: Dọn phòng | E13: 100000
B14: T28 | C14: 302 | D14: Dọn phòng | E14: 100000
B15: T28 | C15: 302 | D15: Sơn phòng | E15: 200000
A16: 3/1 | B16: T36 | C16: 203 | D16: Dọn phòng | E16: 100000
B17: T2 | C17: 201 | D17: Dọn phòng | E17: 200000 | G17: Bẩn + nhiều đồ
A18: 4/1 | B18: S12 | C18: 101 | D18: Dọn phòng | E18: 100000
B19: S12 | C19: 101 | D19: Sơn phòng | E19: 100000
B20: S12 | C20: 504 | D20: Lắp kệ gương | F20: 80000
B21: T21 | C21: 101 | D21: Thay dây vòi xịt bệt | F21: 80000
B22: T13 | C22: 601 | D22: Dọn phòng | E22: 100000
B23: T13 | C23: 601 | D23: Sơn phòng | E23: 200000
B24: T13 | C24: 301 | D24: Dọn phòng | E24: 200000 | G24: Quá bẩn + Nhiều đồ
B25: T13 | C25: 301 | D25: Sơn phòng | E25: 100000
A26: 5/1 | B26: T11 | C26: 202 | D26: Thay 4 bóng đèn ốp trần | F26: 140000
B27: S41 | C27: 401 | D27: Dọn phòng | E27: 100000
B28: S12 | C28: 408 | D28: Xử lý trần thủng + cố định bồn cầu + Tít keo silicon cửa sổ | F28: =65000+10000+55000 -> 130000
B29: T33 | C29: 404 | D29: Lắp móc khoá cửa | F29: 15000
B30: T33 | C30: 404 | D30: Lắp giá cài vòi xịt | F30: 10000
A31: 6/1 | B31: T25 | C31: 302 | D31: Dọn phòng | E31: 100000
B32: T25 | C32: 302 | D32: Sơn phòng vá tỉa | E32: 50000
B33: T20 | C33: 301 | D33: Sơn phòng | E33: 200000
B34: T20 | D34: Dọn phòng | E34: 100000
B35: T20 | D35: Bắn tấm alu sau tủ | F35: 215000
B36: T20 | D36: Lắp thêm bóng trong 40W + thay công tắc | F36: =60000+10000 -> 70000
A37: 7/1 | B37: S45 | C37: 501 | D37: Thay vòi nước chậu rửa bát | F37: 60000 | G37: Khách đã chi 1 nửa
B38: S5 | C38: 501 | D38: Hỏng van 1 chiều BNL | F38: 50000
A39: 8/1 | B39: G1 | D39: Lắp bơm tăng áp sân thượng | F39: 1175000 | G39: Bơm + dây + giá + zen trong 26 + nơ + tê 40-225 + mang sông 25
A40: 9/1 | B40: S45 | C40: 403 | D40: Lắp ổ điện cắm tủ lạnh | F40: 35000
B41: S45 | D41: Sửa BNL | F41: 120000
B42: S24 | C42: 301 | D42: Dọn phòng | E42: 100000
B43: T31 | C43: 401 | D43: Thay vòi gạt | F43: 35000
A44: 11/1 | B44: T18 | D44: Lắp cam nhà xe | E44: 100000
B45: T5 | C45: 201 | D45: Sơn phòng | E45: 100000
A46: 12/1 | B46: T32 | C46: 401 | D46: Hỏng van nước | F46: 145000
B47: T41 | D47: Sửa mất nước | F47: 80000
A48: 13/1 | B48: S5 | D48: Lắp bơm tăng áp | F48: 1933000
A49: 15/1 | B49: S45 | D49: Thay máy bơm đẩy lên téc | F49: 2494000
B50: S45 | D50: Thay phao điện bể ngầm | F50: 80000
B51: S45 | D51: Lắp rơ le chống cạn | F51: 635000
A52: 16/1 | B52: T41 | D52: Lắp thêm bóng điện nhà xe | F52: 135000
B53: T41 | C53: 403 | D53: Sửa cửa ban công kẹt + vệ sinh củ sen + vòi rửa mặt + bồn cầu, sàn nvs | E53: 50000 | F53: 55000
B54: T41 | C54: 401 | D54: Thay bát sen + Vệ sinh củ sen, kính, bồn cầu, sàn nhà vs | E54: 50000 | F54: =40000+35000 -> 75000
A55: 17/1 | B55: T3 | C55: 204 | D55: Thay khoá cửa nhà bếp | F55: 195000
B56: T20 | D56: Sơn lại toàn bộ nhà xe + Hành lang cầu thang | G56: 3,5 thùng sơn
B57: T8 | D57: Sửa mất nước | F57: 80000
A58: 18/1 | B58: T21 | D58: Sửa mất nước | F58: 210000
B59: T21 | D59: Thay phao điện + phao cơ bể ngầm
B60: S45 | D60: Thay phao điện trên téc | F60: 80000
A61: 19/1 | B61: T31 | C61: 303 | D61: Thay bóng típ led | F61: 45000
B62: T37 | C62: 403 | D62: Sửa khoá cửa ban công | F62: 195000
B63: T20 | D63: Chống thấm cổ giếng trời | E63: 200000 | F63: 185000
A64: 20/1 | B64: T25 | C64: 501 | D64: Thay đồng hồ điện | F64: 140000
A65: 21/1 | B65: S15 | D65: Sửa bơm mất nước | F65: 350000
B66: S50 | D66: Đấu lại nguồn điện cam ở cổng | F66: 35000
A67: 22/1 | B67: S5 | C67: 502 | D67: Xử lý ngấm trần nhà | E67: 250000 | F67: 285000 | G67: Keo + ống + cút + xi măng +….
B68: S45 | C68: 102 | D68: Bắn lại tấm alu cửa cuốn | F68: 15000
B69: T24 | D69: Thay bóng 40W sân phơi | F69: 45000
B70: T24 | D70: Thay bóng + đui cảm ứng hành lang tầng 6 | F70: 90000
A71: 24/1 | B71: S22 | D71: Lắp cam sân phơi | E71: 100000 | F71: 31000
A72: 25/1 | B72: T31 | C72: 301 | D72: Nát lại sàn nhà bị bung | E72: 300000 | F72: 295000 | G72: Gạch xi măng cát

Sheet A Ước T1.26
A1: TIMEHOUSE SỬA CHỮA THÁNG 1.26
A2: NGÀY | B2: TÒA | C2: MÃ PHÒNG | D2: NỘI DUNG SỬA CHỮA | E2: TIỀN CÔNG | F2: MUA VẬT TƯ | G2: GHI CHÚ
B3: G1 | D3: lắp át nhà vệ sinh chung tầng 6 | F3: 60000
B4: S13 | C4: 501 | D4: Sơn phòng | E4: 150000 | G4: 501+401 = 1 thùng lấy T20
B5: S13 | C5: 501 | D5: Dọn vệ sinh phòng | E5: 150000
B6: S13 | C6: 401 | D6: Sơn phòng | E6: 150000
A7: 14/1 | B7: S13 | D7: Thay van cấp nước máy giặt | F7: 60000
B8: S13 | C8: 401 | D8: Thay vòi xịt | F8: 40000
B9: S15 | D9: Thay bơm | F9: 1300000
B10: S15 | C10: 101 | D10: Dọn vệ sinh phòng | E10: 100000
A11: 46023 | B11: S18 | C11: 304 | D11: Sơn phòng | E11: 150000
B12: S19A | C12: 502 | D12: dọn vệ sinh phòng | E12: 100000
A13: 29/12 | B13: S19C | C13: 202 | D13: Dọn vệ sinh phòng | E13: 200000 | G13: Bẩn
B14: S19C | C14: 202 | D14: Sơn phòng | E14: 100000 | G14: 202+302+402
B15: S19C | C15: 302 | D15: Dọn vệ sinh phòng | E15: 150000 | G15: 1 thùng sơn lấy ở T20
B16: S19C | C16: 302 | D16: Sơn phòng | E16: 100000
B17: S19C | C17: 301 | D17: Thay bóng típ | F17: 40000
B18: S19C | C18: 202 | D18: Thay bóng tròn | F18: 20000
B19: S19C | C19: 302 | D19: Thay 2 bóng tròn | F19: 40000
B20: S19C | C20: 402 | D20: sơn phòng | E20: 200000
B21: S19C | C21: 402 | D21: dọn phòng | E21: 100000
B22: S2 | C22: 304 | D22: Thay bình nóng lạnh | F22: 1200000
B23: S2 | D23: Sửa bơm | F23: 200000
B24: S25A | C24: 402 | D24: dọn vệ sinh phòng | E24: 100000
A25: 46082 | B25: S25B | C25: 102 | D25: dọn vệ sinh phòng + sửa điện+ thay vòi xịt | E25: 200000
A26: 46327 | B26: S26 | C26: 601 | D26: Sơn phòng | E26: 150000
B27: S29 | C27: 201 | D27: lát lại nền gạch | E27: 300000 | F27: 500000
B28: S3 | D28: Thay rơle bơm áp | F28: 115000
B29: S30 | C29: 203 | D29: Dọn vệ sinh phòng | E29: 100000
B30: S30 | D30: Dọn vệ sinh phòng | E30: 100000
A31: 30/12 | B31: S42 | C31: 301 | D31: Thay át nóng lạnh | F31: 60000
A32: 31/12 | B32: S45 | D32: Sửa bơm | F32: 400000
B33: S4B | D33: Tháo 3 tủ + 1 giường + 1 điều hoà | E33: 500000
B34: T15 | C34: 603 | D34: Bắn dây phơi | F34: 80000 | G34: Nở sắt + tăng móc + dây thép
B35: T15 | C35: 603 | D35: dọn phòng | E35: 200000
B36: T15 | C36: 502 | D36: dọn phòng | E36: 100000
B37: T17 | C37: 401 | D37: sơn và dọn phòng | E37: 300000
B38: T17 | C38: 401 | D38: thay vòi chậu, dây cấp, làm khung bắn lưới 4 phòng | E38: 100000 | F38: 85000
B39: T21 | C39: 503 | D39: Sơn phòng | E39: 200000 | G39: 1 Thùng sơn lấy ở T20
B40: T21 | C40: 503 | D40: Dọn vệ sinh phòng | E40: 200000 | G40: Bẩn
B41: T22 | D41: Thay dây điện máy bơ | F41: 105000
B42: T27 | C42: 301 | D42: Dọn vệ sinh phòng | E42: 200000 | G42: Bẩn
B43: T27 | C43: 303 | D43: Thay óc sen | F43: 60000
B44: T27 | C44: 303 | D44: Thay dây cấp | F44: 30000
B45: T3 | C45: 204 | D45: Dọn vệ sinh phòng | E45: 100000
A46: 46357 | B46: T37 | C46: 202 | D46: Dọn vệ sinh phòng | E46: 150000
A47: 16/1 | B47: T42 | C47: 407 | D47: Thay bóng típ | F47: 40000
B48: T42 | C48: 207 | D48: Dọn vệ sinh phòng | E48: 100000
B49: T7 | C49: 402 | D49: Sơn phòng | E49: 150000
B50: T7 | C50: 402 | D50: Dọn vệ sinh phòng | E50: 100000
E51: =SUBTOTAL(109,E52:E107) -> 0 | F51: =SUBTOTAL(109,F52:F101) -> 0

Sheet Trường
A1: Ngày | B1: Lỗi sửa chữa + mua đồ | C1: Toà nhà | D1: Phòng | E1: Chi phí vật liệu | F1: Chi phí công | G1: Bên chi | H1: Ghi chú chi tiết
A2: Tháng 1 | B2: Sơn, dọn phòng | C2: S20 | D2: 201 | F2: 300 | G2: Cty | H2: PHĐ
B3: Dọn phòng | C3: S28 | D3: 401 | F3: 100 | G3: Cty | H3: PHĐ
B4: Thay khoá phòng | C4: T26 | D4: 602 | G4: Khách
B5: Mất nước | C5: S47 | G5: Cty
B6: Dọn phòng | C6: S21 | D6: 501 | F6: 100 | G6: Cty | H6: PHĐ
B7: Dọn phòng | C7: S47 | D7: 301 | F7: 200 | G7: Cty | H7: PHĐ, bẩn
B8: Thay dây, vòi xịt | C8: S47 | D8: 402 | E8: 60 | G8: Cty
B9: Lắp tăng atp tầng 7 | C9: S21 | E9: 250 | G9: Cty
B10: Dây, vòi sen | C10: S25B | D10: 102 | E10: 80 | G10: Cty | H10: Khách mới
B11: Thay dây, đầu xịt | C11: S20 | D11: 201 | E11: 80 | G11: Cty | H11: PHĐ
B12: Thay atp ngoài cột | C12: S36
B13: Sửa cửa kéo phòng, thay máng bóng tuýp | C13: S28 | D13: 401 | E13: 50 | G13: Cty | H13: Khách mới
B14: Mua vòi gạt, van hỗ trợ lắp máy giặt, thay dây thoát chậu rửa | C14: T45 | D14: 101 | E14: 150 | G14: Cty | H14: Khách mới
B15: Xử lý vỡ ống nước | C15: S47 | E15: 25 | G15: Cty
B16: Thay 4 bóng âm trần nhà xe | C16: T26 | E16: 132 | G16: Cty
B17: Thay 3 bóng thang máy, 2 bóng tuýp p302, p401 | C17: T13 | E17: 170 | G17: Cty
B18: Thay dây sen | C18: T26 | D18: 403 | E18: 30 | G18: Cty
B19: Thay công tắc nóng, lạnh; sửa cụm ổ điện bị cháy xén theo | C19: S28 | D19: 401 | E19: 140 | G19: Cty | M19: Try
B20: Ngăn mùi thoát sàn | C20: S28 | D20: 102 | E20: 35 | G20: Cty
B21: Thay vòi rửa mặt, dây cấp | C21: T45 | D21: 101 | E21: 230 | G21: Cty | H21: Khách mới
B22: Tổng | E22: =SUM(E2:E21) -> 1432 | F22: =SUM(F2:F21) -> 700

Sheet a Điệp T2.26
A1: TIMEHOUSE SỬA CHỮA THÁNG 2.26
A2: NGÀY | B2: TÒA | C2: MÃ PHÒNG | D2: NỘI DUNG SỬA CHỮA | E2: TIỀN CÔNG | F2: MUA VẬT TƯ | G2: GHI CHÚ
E3: =SUBTOTAL(109,E4:E47) -> 2900000 | F3: =SUBTOTAL(109,F4:F47) -> 3920000
A4: 46048 | B4: T25 | C4: 304 | D4: thay bóng tuýp | F4: 50000
A5: 46050 | B5: S45 | D5: Nâng chõ bơm bể ngầm | F5: 80000
A6: 29/2 | B6: S48B | C6: 101 | D6: Chống thấm nvs xuống phòng | E6: 500000 | F6: 350000 | G6: sơn chống thấm
C7: 201 | D7: xử lý nứt vỡ ống nhiệt | F7: 165000 | G7: ống, cút,tê,xi măng
A8: 46052 | B8: T28 | C8: 201 | D8: Sửa cửa nvs | F8: 85000 | G8: vít, keo silicon,đinh
B9: S49 | C9: 301 | D9: Dọn phòng | E9: 100000
B10: S33 | C10: 101 | D10: Sửa cửa nhôm kính thay 2 bánh xe ray cửa | F10: 175000
A11: 45688 | B11: S45 | C11: 503 | D11: Cửa chính ra vào bị xệ | F11: 15000
B12: S48A | C12: 201 | D12: Thay cần gạt củ sen | F12: 50000
B13: S33 | C13: 404 | D13: Sơn phòng | E13: 200000
D14: Dọn phòng | E14: 100000
B15: S33 | D15: Xử lý đọng nước sân thượng | F15: 135000
B16: T25 | D16: xử lý ổ điện cắm bơm k có điện | F16: 110000
B17: S45 | C17: 401 | D17: Dọn phòng | E17: 100000
A18: 46061 | B18: S40 | C18: 301 | D18: Lắp ngăn thoát sàn, sửa rò bệt | F18: 95000
A19: 46062 | B19: T7 | D19: Lắp cam ở cổng | E19: 100000 | F19: 25000
A20: 46063 | B20: S5 | C20: 303 | D20: Sơn phòng | E20: 200000
D21: dọn phòng | E21: 100000
B22: T42 | C22: 303 | D22: dọn phòng | E22: 150000 | G22: bẩn nhiều đồ
A23: 46076 | B23: T24 | D23: sửa chập điện âm tường, thay át và hạt công tắc | F23: 385000
B24: T22 | D24: thay dây điện từ téc xuống, thay phao điện | F24: 460000 | G24: dây điện , phao điện
A25: 46077 | B25: T20 | C25: 201+202 | D25: dọn vệ sinh | E25: 100000 | G25: rất bẩn
D26: lắp chốt khoá ngoài | F26: 30000
A27: 46078 | B27: S1 | D27: Sửa mất nước | F27: 95000
B28: S43 | C28: 401 | D28: Sơn phòng | E28: 100000 | G28: khách đã chi 1 nửa
A29: 46054 | B29: T41 | D29: Dọn nvs gầm cầu thang | E29: 50000 | F29: 50000
D30: Thay bóng tuýp | F30: 80000
A31: 46055 | B31: S45 | C31: 601 | D31: dọn phòng | E31: 100000
B32: T2 | C32: 501 | D32: Sửa chập điện nhảy át | F32: 65000
B33: T21 | C33: 503 | D33: Lắp tủ quần áo | E33: 100000 | F33: 38000
A34: 46056 | B34: T28 | C34: 202 | D34: Dọn phòng | E34: 100000
A35: 46057 | B35: S5 | C35: 502 | D35: Sơn phòng | E35: 200000 | G35: thùng sơn lấy ở T18
B36: S5 | C36: 303 | D36: Thay vòi củ chậu rửa mặt | F36: 180000
B37: T7 | C37: 201 | D37: Thay dây bát sen, sơn sàn gỗ nền nhà | F37: =80000+112000 -> 192000
A38: 46058 | B38: T11 | D38: Sửa bơm thay bi, tháy cánh quạt | F38: 350000
D39: thay chõ bơm lắp sắc co bể ngầm | F39: 160000
A40: 6 | B40: S45 | D40: Sửa mất nước | F40: 230000
B41: T35 | C41: 204 | D41: Thay 2 bóng tuýp, bịt ống thoát máy giặt | F41: 110000
B42: T35 | C42: 204 | D42: Sơn phòng | E42: 200000 | G42: 1 thùng sơn lấy ở T28
D43: dọn phòng | E43: 150000
A44: 46060 | B44: S43 | C44: 402 | D44: Dọn phòng | E44: 150000 | G44: bẩn, nhiều đồ
D45: thay núm sen | F45: 50000
B46: S37B | C46: hỏi lại mã phòng | D46: dọn phòng | E46: 100000
B47: T35 | D47: Sửa máy bơm áp tầng 5 | F47: 110000
B48: S48B | C48: 201 | D48: xử lý vỡ ống nhiệt âm tường | F48: 165000

Sheet A Ước T2.26
A1: TIMEHOUSE SỬA CHỮA THÁNG 2.26
A2: NGÀY | B2: TÒA | C2: MÃ PHÒNG | D2: NỘI DUNG SỬA CHỮA | E2: TIỀN CÔNG | F2: MUA VẬT TƯ | G2: GHI CHÚ
E3: =SUBTOTAL(109,E4:E32) -> 3600000 | F3: =SUBTOTAL(109,F4:F32) -> 2210000
A4: 46055 | B4: S39 | C4: 601 | D4: Dọn phòng | E4: 100000
A5: 46056 | B5: T38 | C5: 101 | D5: Dọn phòng + sơn phòng | E5: 200000
A6: 46057 | B6: S35 | C6: 201 | D6: Dọn vs phòng | E6: 100000
A7: 46057 | B7: S15 | C7: 402 | D7: Dọn và sơn phòng | E7: 200000
A8: 46057 | B8: S19B | C8: 203 | D8: Dọn phòng | E8: 100000
A9: 46057 | B9: S19A | C9: 402 | D9: Dọn phòng | E9: 100000
A10: 46058 | B10: T15 | C10: 202 | D10: Dọn phòng | E10: 100000
A11: 46058 | B11: S50 | C11: 302 | D11: Dọn phòng | E11: 100000
A12: 46059 | B12: T37 | C12: 702 | D12: Dọn phòng | E12: 200000 | G12: bẩn
A13: 46059 | B13: T37 | C13: 702 | D13: Sơn phòng | E13: 200000 | G13: 1 thùng sơn lấy T42
A14: 46060 | B14: S42 | C14: 302 | D14: Dọn phòng | E14: 100000
A15: 46060 | B15: S42 | C15: 402 | D15: Dọn phòng | E15: 150000
A16: 46060 | B16: S44 | C16: 303 | D16: Dọn phòng | E16: 100000
A17: 46061 | B17: S50 | C17: 502 | D17: Dọn phòng | E17: 150000 | G17: bẩn
B18: S50 | C18: 203 | D18: Dọn phòng | E18: 150000
B19: S9B | C19: 402 | D19: Thay bình nóng lạnh | F19: 1350000
B20: S9B | D20: dây cấp | F20: 50000
A21: 46062 | B21: S50 | D21: Lắp cam | E21: 100000
B22: S50 | D22: dây điện phích cắm điện | F22: 110000
B23: T17 | C23: 202 | D23: sơn chống thấm , bột bả | E23: 150000 | F23: 700000
A24: 46063 | B24: S10 | C24: 402 | D24: Dọn phòng | E24: 400000 | G24: bẩn nhiều
B25: S10 | C25: 402 | D25: sơn phòng | E25: 300000 | G25: 1 thùng sơn lấy ở S3
B26: S7 | C26: 103 | D26: dọn phòng | E26: 100000
B27: S7 | C27: 103 | D27: sơn phòng | E27: 150000 | G27: thùng sơn lấy ở T42
B28: T42 | C28: 303 | D28: Dọn phòng | E28: 150000
B29: S8 | C29: 105 | D29: Dọn và sơn phòng | E29: 200000 | G29: 1/2 thùng sơn/ khách chi

Sheet trường.2.26
A1: Ngày | B1: Lỗi sửa chữa + mua đồ | C1: Toà nhà | D1: Phòng | E1: Chi phí vật liệu | F1: Chi phí công | G1: Bên chi | H1: Ghi chú chi tiết
A2: Tháng 2 | B2: Thay khoá phòng | C2: S28 | D2: 101 | G2: Khách
B3: Thay hạt công tắc | C3: T44 | D3: 201 | G3: Khách
B4: Dọn phòng | C4: S27 | D4: 601 | F4: 100 | G4: Cty | H4: phđ
B5: Vệ sinh máy giặt | C5: S20,S36 | G5: Cty
B6: Rò nước máy bơm | C6: G1 | E6: 10 | G6: Cty
B7: Thay bóng âm trần | C7: T26 | D7: 203 | F7: 40 | G7: Cty | H7: phđ
B8: Thay vòi xịt | C8: S25B | D8: 101 | G8: Khách
B9: Thay cục chống giật bnl | C9: S33 | D9: 101 | G9: Khách
B10: Thay công tắc bnl | C10: T44 | D10: 201 | G10: Khách
B11: Sửa ổ điện máy giặt | C11: T45 | G11: Cty
B12: Thay dây cấp | C12: S28 | D12: MB | G12: Khách
B13: Lắp Giường | C13: S36 | D13: 602 | G13: Cty
B14: Lắp chốt cửa trong, nối thêm ổ điện, thay ổ, xly cửa nvs lệch bản lề, thay dây thoát chậu, thay vòi xịt, thoát sàn | C14: S28 | D14: 401 | E14: 315 | G14: Cty | H14: Khách mới
G15: Cty
G16: Cty
G17: Cty
G18: Cty
G19: Cty
G20: Cty
G21: Cty
B22: Tổng | E22: =SUM(E2:E21) -> 325 | F22: =SUM(F2:F21) -> 140

Sheet trường tháng 3
A1: Ngày | B1: Lỗi sửa chữa + mua đồ | C1: Toà nhà | D1: Phòng | E1: Chi phí vật liệu | F1: Chi phí công | G1: Bên chi | H1: Ghi chú chi tiết
A2: Tháng 3 | B2: Thay van điện máy giặt | C2: S27 | E2: 95 | G2: cty
B3: kẻ vạch nhà xe | C3: G4 | E3: 375 | F3: 300 | G3: cty
B4: Thông tắc nvs, bệt | C4: G1 | D4: 404 | E4: 40 | G4: cty
B5: Căng dây phơi | C5: G6 | E5: 170 | G5: Cty
B6: Thay bộ dây bát sen | C6: G5 | D6: 401 | E6: 80 | G6: Cty
B7: Thay đồng hồ điện | C7: S28 | D7: 302 | E7: 145 | G7: Cty
B8: Dọn vsinh, thay vòi đồng, vòi chậu rửa | C8: s25A | D8: 601 | E8: 180 | F8: 100 | G8: Cty
B9: Thay đồng hồ nước | C9: G2 | D9: 401 | E9: 440 | G9: cty
B10: Thay phao điện | C10: G1 | E10: 145 | G10: cty
B11: Sơn, dọn phòng, thay bát sen | C11: S36 | D11: 501 | E11: 30 | F11: 300 | G11: cty | H11: trừ cọc
B12: Dọn phòng | C12: G3 | D12: 301 | F12: 100 | G12: Cty
B13: Dọn, sơn phòng | C13: S25B | D13: 202 | E13: 40 | F13: 200 | G13: cty
B14: Dọn phòng | C14: S21 | D14: 401701 | F14: 250 | G14: Cty
B15: Thay ổ điện sân phơi | C15: T26 | E15: 45 | G15: Cty
B16: Dọn phòng | C16: G3 | D16: 601 | F16: 100 | G16: Cty
B17: Lắp 3c cam nhà xe | C17: G5 | E17: 30 | F17: 300 | G17: Cty
B18: Căng dây phơi | C18: G5 | E18: 55 | G18: Cty
B19: Sơn phòng | C19: S25A | D19: 601 | F19: 100 | G19: Cty
B20: Sơn phòng | C20: S25B | D20: 101 | F20: 100 | G20: Cty
B21: Thay bóng tuýp | C21: S20 | D21: 201 | E21: 40 | G21: cty
B22: Vật tư xly vỡ ống nước trên téc | C22: S20 | E22: 50 | G22: cty
B23: Lắp 1c cam ban công | C23: G5 | E23: 30 | F23: 100 | G23: cty
B24: Đồ đi đường điện nước, vật tư lắp giặt sấy | C24: G5 | E24: 789 | G24: Cty
B25: Thay bóng hành lang | C25: S25A | E25: 90 | G25: cty
B26: Đi ống thoát chậu rửa | C26: G1 | D26: 601 | E26: 30 | G26: cty
B27: Thay bóng tuýp p201, 1 lọ thông tắc + 2 ngăn mùi thoát sànp404,601 | C27: G1 | D27: 201404601 | E27: 200 | G27: cty
B28: Dọn + sơn p302,601 | C28: T26 | D28: 302601 | F28: 400 | G28: cty
B29: Sơn phòng | C29: T26 | D29: 202301402 | F29: 200 | G29: cty
B30: Thay dây cấp | C30: S13 | D30: 504 | E30: 30 | G30: cty
B31: Dọn phòng | C31: T44 | D31: 101 | F31: 100 | G31: cty
B32: Lắp 5c cam hành lang | C32: G5 | E32: 275 | F32: 500 | G32: cty
B33: Đồ lắp máy giặt | C33: G4 | E33: 165 | G33: cty
B34: Lắp 5c cam ( 2c nxe, 3c hành lang tầng) | C34: G4 | E34: 330 | F34: 500 | G34: cty
B35: Dây sen | C35: S28 | D35: 401 | E35: 70 | G35: cty | H35: khách mới
B36: Thay bóng hành lang | C36: S20 | E36: 65 | G36: Cty
B37: Tổng | E37: =SUM(E2:E36) -> 4034 | F37: =SUM(F2:F36) -> 3650

Sheet A Điệp T3.26
A1: TIMEHOUSE SỬA CHỮA THÁNG 3.26
A2: NGÀY | B2: TÒA | C2: MÃ PHÒNG | D2: NỘI DUNG SỬA CHỮA | E2: TIỀN CÔNG | F2: MUA VẬT TƯ | G2: GHI CHÚ
E3: =SUBTOTAL(109,E4:E127) -> 8535000 | F3: =SUBTOTAL(109,F4:F127) -> 6966000
A4: 46079 | B4: S33 | C4: 104 | D4: Thay bóng đèn âm trần WC | F4: 35000
B5: S33 | D5: Thay bóng sân phơi | F5: 25000
B6: T13 | C6: 202 | D6: Xử lý ngấm sàn WC ngấm xuống trần tầng 1 | E6: 200000 | F6: 195000 | G6: Ống cút + keo + xi măng + dây vòi xịt..
A7: 46080 | B7: T21 | C7: 402 | D7: Dọn vs phòng | E7: 100000
B8: T25 | C8: 408 | D8: Sơn phòng | E8: 200000 | G8: 1 thùng sơn còn thừa sơn hành lang + cầu thang
B9: T25 | C9: 208 | D9: Sơn phòng | E9: 200000
B10: T25 | C10: 208 | D10: Dọn vs phòng | E10: 100000
A11: 46081 | B11: T25 | C11: 309 | D11: Sơn phòng | E11: 300000 | G11: Phòng đôi to, 1 thùng sơn lấy ở T18
B12: T25 | C12: 104 | D12: Sơn phòng | E12: 100000
B13: S40 | C13: 303 | D13: Dọn vs phòng | E13: 250000 | G13: trừ vào hoàn cọc
B14: S40 | C14: 506 | D14: Dọn vs phòng | E14: 100000
A15: 46082 | B15: S40 | C15: 103 | D15: Dọn vs phòng | E15: 100000
B16: S45 | C16: 303 | D16: Dọn vs phòng | E16: 200000 | G16: Khách chi
B17: S45 | C17: 303 | D17: Thông tắc thoát chậu rửa bát | E17: 150000
B18: T21 | D18: Xử lý tắc cống | E18: 150000
A19: 46083 | B19: T41 | C19: 401 | D19: Sơn phòng | E19: 200000 | G19: 1/2 thùng ở T42
B20: T41 | C20: 401 | D20: Dọn vs phòng | E20: 400000 | G20: Quá bẩn - Khách hết hđ
B21: T41 | C21: 401 | D21: Thay dây bát sen | E21: 150000
B22: T41 | C22: 401 | D22: Thông tắc chậu rửa bát | E22: 150000
B23: T41 | C23: 401 | D23: Thay bóng típ chỗ bếp | E23: 35000
B24: T18 | C24: 302 | D24: Sơn phòng | E24: 200000 | G24: 1/2 ở T42
B25: T21 | C25: 402 | D25: Lắp tủ quần áo | E25: 100000 | F25: 215000 | G25: Alu + vít + ke góc
B26: T20 | C26: 301 | D26: Lắp át điều hòa | F26: 50000
B27: T20 | C27: 301 | D27: Thay điều khiển điều hòa | F27: 100000
A28: 46084 | B28: T7 | C28: 401 | D28: Dọn vs phòng | E28: 300000 | G28: Quá bẩn - Nhiều đồ khách hết hđ
B29: S45 | C29: 401 | D29: Lắp ngăn mùi thoát sàn | F29: 35000
B30: S45 | C30: 503 | D30: Dọn vs phòng | E30: 200000 | G30: Quá bẩn - Nhiều đồ đạc
B31: T35 | C31: 304 | D31: Chống thấm ngấm nước từ nvs 404 | E31: 150000 | F31: 85000 | G31: Vòi + xi măng+…
B32: S22 | D32: Lắp máy giặt sân thượng | F32: 65000 | G32: Keo + cút + tế+ dây điện..
B33: S41 | D33: Tháo bộ cửa vân tay | F33: 170000
A34: 46085 | B34: T3 | C34: 401 | D34: Dọn vs phòng | E34: 150000
B35: T3 | C35: 401 | D35: Sơn phòng | E35: 200000
B36: T41 | C36: 301 | D36: Xử lý rò nước bồn rửa | F36: 55000
B37: T3 | C37: 401 | D37: Thay dây sen | F37: 40000
B38: T3 | C38: 401 | D38: Thay vòi xịt | F38: 40000
A39: 46086 | B39: S37A | C39: 501 | D39: Thông tắc cống nvs thông tắc bồn cầu | F39: 50000
B40: S37A | C40: 501 | D40: Bắn keo silicon bồn rửa | F40: 55000
B41: S45 | C41: 303 | D41: Thay bóng típ led | F41: 40000
B42: T41 | C42: 301 | D42: Thay bóng típ led | F42: 40000
A43: 46090 | B43: T31 | C43: 303 | D43: Thay át BNL | F43: 55000 | G43: Khách đã chi 1/2
B44: S5 | C44: 303 | D44: Thay bóng típ led | F44: 45000
B45: S16 | C45: 302 | D45: Thay bóng típ led | F45: 45000
A46: 46091 | B46: S16 | C46: 404 | D46: Sơn phòng | E46: 250000 | G46: Phòng to rộng bẩn
B47: S16 | C47: 404 | D47: Dọn vs phòng | E47: 100000 | G47: 1/2 thùng T28
B48: S16 | C48: 302 | D48: Sơn phòng | E48: 200000
B49: S16 | C49: 302 | D49: Dọn vs phòng | E49: 150000 | G49: Bẩn nhiều đồ
B50: S16 | C50: 302 | D50: Thay vòi gạt bồn rửa | F50: 35000
A51: 46095 | B51: T41 | C51: 202 | D51: Sơn phòng | E51: 100000 | G51: T41 202-203 lấy 1/2 thùng ở vp
B52: T41 | C52: 202 | D52: Dọn vs phòng | E52: 100000
B53: T41 | C53: 202 | D53: Thay dây bát sen | F53: 80000
B54: T41 | C54: 203 | D54: Sơn phòng | E54: 100000
B55: T41 | C55: 203 | D55: Dọn vs phòng | E55: 100000
B56: T41 | C56: 203 | D56: Thay dây bát sen | F56: 80000
B57: T41 | C57: 203 | D57: Thay dây vòi xịt | F57: 80000
B58: T41 | C58: 203 | D58: Thay bóng típ WC | F58: 35000
B59: T41 | C59: 401 | D59: Thay bóng típ WC | F59: 35000
B60: T18 | C60: 301 | D60: Sơn phòng | E60: 200000 | G60: 1/2 thùng lấy ở vp
B61: T18 | C61: 302 | D61: Dọn vs phòng | E61: 100000
B62: T18 | C62: 204 | D62: Sơn phòng | E62: 200000 | G62: 1/2 thùng lấy ở vp
B63: T18 | C63: 204 | D63: Dọn vs phòng | E63: 100000
A64: 46096 | B64: S12 | C64: 202 | D64: Sơn phòng | E64: 200000
B65: S12 | C65: 202 | D65: Dọn vs phòng | E65: 100000
B66: S12 | C66: 202 | D66: Lắp giá cài bát sen | F66: 50000
B67: S12 | C67: 202 | D67: Lắp bàn bếp + chậu rửa bát | F67: 564000 | G67: Chậu rửa + vòi + keo….
B68: S12 | C68: 202 | D68: Sơn song sắt cửa sổ | F68: 35000
B69: S48A | D69: Thay bơm nước lên téc | F69: 1500000
B70: T21 | C70: 302 | D70: Sơn phòng | E70: 200000 | G70: 1/2 thùng vp
B71: T21 | C71: 302 | D71: Dọn vs phòng | E71: 150000
A72: 46098 | B72: S40 | C72: 504 | D72: Dọn vs phòng | E72: 150000 | G72: Khách chi _ Kiên thu hộ
B73: S33 | C73: 401 | D73: Dọn vs phòng | E73: 150000
A74: 46099 | B74: S5 | D74: Lắp thêm cam sân phơi | E74: 100000 | F74: 107000 | G74: Dây điện + phích cắm
B75: S12 | D75: Lắp cam sân phơi | E75: 100000 | F75: 57000
A76: 46100 | B76: T25 | C76: 203 | D76: Trám nền gạch hoa bị vỡ | F76: 15000
B77: T13 | C77: 402 | D77: Bắn tấm alu gác xép | E77: 150000 | F77: 295000
B78: T13 | C78: 301 | D78: Bắn tấm alu gác xép | E78: 150000 | F78: 295000
B79: T2 | C79: 401 | D79: Thay 5 bóng âm trần | F79: 175000
B80: T2 | C80: 401 | D80: Thay quạt thông gió WC | F80: 150000
B81: T2 | C81: 201 | D81: Thay 5 bóng âm trần | F81: 175000
B82: T2 | C82: 201 | D82: Thay quạt thông gió WC | F82: 150000
A83: 46101 | B83: S40 | C83: 606 | D83: Dọn phòng thu hồi phòng | E83: 150000 | G83: Quá bẩn + nhiều đồ
B84: S40 | C84: 603 | D84: Dọn phòng thu hồi phòng | E84: 150000
B85: S16 | C85: 704 | D85: Xử lý chập cháy ổ nhảy át | F85: 100000
B86: T7 | C86: 402 | D86: Lắp thêm ổ cắm tủ lạnh | F86: 43000
B87: T7 | C87: 402 | D87: Lắp vòi xịt | F87: 10000
B88: T7 | C88: 402 | D88: Dọn phòng | E88: 100000
B89: T7 | C89: 402 | D89: Xử lý ngấm trần Wc | F89: 125000
A90: 46102 | B90: T2 | D90: Lắp chốt cố định 2 cánh cổng | F90: 65000
A91: 46103 | B91: T36 | D91: Thay bóng típ sân phơi | F91: 45000
A92: 46104 | B92: T2 | D92: Thay bóng hành lang+ nhà xe | F92: 50000
A93: 46077 | B93: T18 | C93: 602 | D93: Thay phao bồn cầu | F93: 50000
B94: T18 | C94: 204 | D94: Sửa BNL ko nóng | F94: 75000
A95: 46106 | B95: T8 | D95: Thay bơm áp sân thượng | F95: 1050000
B96: T32 | C96: 401 | D96: Dọn vs phòng | E96: 300000 | G96: Phòng bẩn phải chùi + cạo
B97: T32 | C97: 401 | D97: Sơn phòng | E97: 300000

Sheet A Ước T3.26
A1: TIMEHOUSE SỬA CHỮA THÁNG 3.26
A2: NGÀY | B2: TÒA | C2: MÃ PHÒNG | D2: NỘI DUNG SỬA CHỮA | E2: TIỀN CÔNG | F2: MUA VẬT TƯ | G2: GHI CHÚ
E3: =SUBTOTAL(109,E4:E88) -> 7550000 | F3: =SUBTOTAL(109,F4:F88) -> 6200000
A4: 46082 | B4: T42 | C4: 205 | D4: Sơn phòng | E4: 150000
B5: T42 | C5: 205 | D5: Dọn vs phòng | E5: 200000 | G5: Sơn lấy 1/2 T42
B6: T42 | C6: 205 | D6: Sửa cửa nvs | F6: 20000
B7: T42 | C7: 205 | D7: Chốt cửa | F7: 10000
B8: T42 | C8: 205 | D8: Bát sen | F8: 40000
B9: T42 | C9: 205 | D9: Vòi chậu | F9: 120000
B10: T42 | C10: 205 | D10: Dây cấp | E10: 200000 | F10: 40000
B11: T42 | C11: 205 | D11: Xi pông chậu rửa mặt | F11: 30000
B12: T42 | C12: 205 | D12: Đui chích | F12: 10000
B13: S29 | C13: 402 | D13: Dọn vs phòng | E13: 100000
B14: S15 | C14: 302 | D14: Dọn vs phòng | E14: 300000
A15: 46084 | B15: S2 | C15: 206 | D15: Dọn vs phòng | E15: 150000
B16: S2 | C16: 206 | D16: Thay ổ điện | F16: 40000
B17: S2 | C17: 206 | D17: Thay dây sen | F17: 40000
A18: 46085 | B18: T42 | C18: 102 | D18: Sơn phòng | E18: 150000
B19: T42 | C19: 102 | D19: Dọn vs phòng | E19: 200000 | G19: Khách
B20: S35 | C20: 402 | D20: Dọn vs phòng | E20: 200000 | G20: Bẩn
B21: T42 | C21: 203 | D21: Dọn vs phòng | E21: 100000 | G21: Khách
B22: T42 | C22: 203 | D22: Thay xi pông chậu | F22: 30000
A23: 46086 | B23: S30 | C23: 201 | D23: Dọn vs phòng | E23: 150000
A24: 46087 | B24: S30 | D24: Lắp cam hành lang 4 cái | E24: 400000
B25: t38 | C25: 101 | D25: Thay sen tường | F25: 250000
A26: 46089 | B26: S39 | C26: 405 | D26: Dọn vs phòng | E26: 200000 | G26: Bẩn
A27: 46087 | B27: S30 | D27: Lắp cam dây điện + phích cắm | F27: 90000
A28: 46089 | B28: S44 | C28: 303 | D28: Sơn phòng | E28: 150000 | G28: Sơn lấy 1/2 S3
A29: 46090 | B29: T42 | C29: 205 | D29: Lắp chốt thang | F29: 20000
A30: 46091 | B30: S35 | C30: 402 | D30: Chũi keo sơn lại | E30: 100000
B31: S4a | C31: 103 | D31: Sơn phòng | E31: 150000 | G31: Sơn lấy 1/2 S3
B32: S4A | D32: Dọn vs phòng | E32: 150000
A33: 46092 | B33: T22 | D33: Thay phao téc | F33: 80000
B34: T26 | D34: Trường lấy sơn T42
A35: 46094 | B35: S18 | C35: 203 | D35: Sơn phòng | E35: 150000
B36: S18 | C36: 203 | D36: Dọn vs phòng | E36: 150000
B37: S13 | C37: 102 | D37: Thay tấm alu | F37: 220000
B38: S13 | D38: Vít | F38: 20000
B39: T42 | D39: Thay van cấp máy giặt | F39: 30000
B40: S13 | D40: Thay van cấp máy giặt | F40: 30000
B41: S18 | C41: 203 | D41: Thay 1 bộ bát sen | F41: 80000
A42: 46096 | B42: S4a | C42: 105 | D42: Mua sơn chống thấm | E42: 150000 | F42: 600000
B43: S17 | C43: 302 | D43: Mua sơn chống thấm | E43: 150000 | F43: 600000
A44: 46098 | B44: T27 | C44: 603 | D44: Sơn phòng | E44: 200000
B45: T27 | C45: 603 | D45: Dọn vs phòng | E45: 150000
A46: 46099 | B46: T37 | C46: 402 | D46: Sơn phòng | E46: 200000
B47: T37 | C47: 402 | D47: Dọn vs phòng | E47: 150000
A48: 19-20/3 | B48: T43 | C48: 102 | D48: Sơn phòng | E48: 150000
B49: T43 | C49: 102 | D49: Dọn vs phòng | E49: 150000
B50: T43 | C50: 102 | D50: Thay tấm alu tủ | F50: 220000
B51: T43 | D51: Vít | F51: 20000
A52: 46101 | B52: T37 | C52: 702 | D52: Thay vòi xịt | F52: 80000
B53: T17 | C53: 401 | D53: Đậy tấm alu giếng trời | F53: 70000
A54: 46102 | B54: S32 | C54: 202 | D54: Sơn phòng | E54: 200000
B55: S32 | C55: 202 | D55: Dọn vs phòng | E55: 150000
B56: T42 | C56: 401 | D56: Thay dây cấp | F56: 25000
A57: 46104 | B57: S31 | C57: 202 | D57: Thay vòi xịt | F57: 80000
B58: S31 | C58: 202 | D58: Thay vòi chậu rửa | F58: 160000
A59: 46106 | B59: S50 | C59: 702 | D59: Lắp giường | F59: 120000
B60: S50 | C60: 702 | D60: Móc treo quần áo | F60: 60000
B61: S50 | C61: 701 | D61: Móc treo quần áo và khăn tắm | F61: 280000
B62: S50 | C62: 701 | D62: Chạy đường điện của bếp
B63: S50 | C63: 701 | D63: Dây điện | F63: 40000
B64: S50 | C64: 701 | D64: Ổ cắm đôi và đế | F64: 45000
B65: T42 | C65: 101 | D65: Sơn phòng | E65: 200000
B66: T42 | C66: 101 | D66: Dọn vs phòng | E66: 200000 | G66: Bẩn
A67: 46109 | B67: S10 | C67: 102 | D67: Sơn phòng | E67: 200000
B68: S10 | C68: 102 | D68: Dọn vs phòng | E68: 150000
A69: 46110 | B69: T27 | C69: 603 | D69: Thay 1 bộ bát sen | F69: 80000
B70: T42 | C70: 101 | D70: Thay bóng típ | F70: 40000
B71: T42 | C71: 101 | D71: Thay vòi gath | F71: 40000
A72: 46111 | B72: S9B | C72: 603 | D72: Lát lại nền nhà | E72: 500000
B73: S9B | C73: 603 | D73: Gạch lát nền | F73: 500000
B74: S9B | C74: 603 | D74: Xi măng | F74: 100000
B75: S45 | C75: 403 | D75: Sơn tỉa + Dọn vs phòng | E75: 200000
A76: 46112 | B76: T12 | C76: 302 | D76: Dọn vs phòng | E76: 200000
B77: S40 | C77: 405 | D77: Dọn vs phòng | E77: 200000
B78: S23 | C78: 402 | D78: Sơn phòng | E78: 200000
B79: S23 | C79: 402 | D79: Dọn vs phòng | E79: 150000
B80: T42 | C80: 105 | D80: Sơn phòng | E80: 200000
B81: T42 | C81: 105 | D81: Dọn vs phòng | E81: 150000
B82: VP | D82: Mua sơn làm vp mới | F82: 1800000
B83: VP | D83: Chổi sơn + Lu sơn | F83: 40000

Sheet LƯƠNG THÁNG 3 
A12: BẢNG LƯƠNG THÁNG 3-A ĐIỆP
A13: TÊN | B13: MỨC LƯƠNG | C13: HỆ SỐ | D13: TỔNG | I13: BẢNG LƯƠNG THÁNG 3-A ƯỚC
A14: LƯƠNG CỨNG | B14: 7000000 | C14: 1 | D14: =B14*C14 -> 7000000 | I14: TÊN | J14: MỨC LƯƠNG | K14: HỆ SỐ | L14: TỔNG
A15: LƯƠNG THÂM NIÊN | B15: 2000000 | C15: 1 | D15: =B15*C15 -> 2000000 | I15: LƯƠNG CỨNG | J15: 7000000 | K15: 1 | L15: =J15*K15 -> 7000000
A16: TIỀN CÔNG ( THEO BẢNG KÊ) | B16: ='A Điệp T3.26'!E3 -> 8535000 | C16: 1 | D16: =B16*C16 -> 8535000 | I16: LƯƠNG THÂM NIÊN | J16: 2000000 | K16: 1 | L16: =J16*K16 -> 2000000
A17: HỖ TRỢ ĂN TRƯA | B17: 700000 | C17: 1 | D17: =B17*C17 -> 700000 | I17: TIỀN CÔNG ( THEO BẢNG KÊ) | J17: ='A Ước T3.26'!E3 -> 7550000 | K17: 1 | L17: =J17*K17 -> 7550000
D18: =B18*C18 -> 0 | I18: HỖ TRỢ ĂN TRƯA | J18: 700000 | K18: 1 | L18: =J18*K18 -> 700000
D19: =B19*C19 -> 0
D20: =B20*C20 -> 0
A21: TỔNG | D21: =SUM(D14:D20) -> 18235000
L22: =J22*K22 -> 0
I23: TỔNG | L23: =SUM(L15:L22) -> 17250000
A24: BẢNG ỨNG CHI THÁNG 3- A ĐIỆP
A25: Ứng chi | B25: 9000000
A26: Chi thực tế | B26: 6966000 | I26: BẢNG ỨNG CHI THÁNG 3- A ƯỚC
A27: Tổng HT back lại | B27: =B26-B25 -> -2034000 | I27: Ứng chi | J27: 6000000
I28: Chi thực tế | J28: 6200000
I29: Tổng HT back lại | J29: =J28-J27 -> 200000
A34: BẢNG LƯƠNG THÁNG 3-TRƯỜNG
A35: TÊN | B35: MỨC LƯƠNG | C35: HỆ SỐ | D35: TỔNG
A36: LƯƠNG CỨNG | B36: 4000000 | C36: 1 | D36: =B36*C36 -> 4000000
A37: TIỀN CÔNG ( THEO BẢNG KÊ) | B37: 3650000 | C37: 1 | D37: =B37*C37 -> 3650000
D39: =B39*C39 -> 0
A41: TỔNG | D41: =SUM(D36:D40) -> 7650000
A44: BẢNG ỨNG CHI THÁNG 3- TRƯỜNG
A45: Ứng chi | B45: 0
A46: Chi thực tế | B46: 4034000
A47: Tổng HT back lại | B47: =B46-B45 -> 4034000

Sheet Trường T4.26
A1: Ngày | B1: Lỗi sửa chữa + mua đồ | C1: Toà nhà | D1: Phòng | E1: Chi phí vật liệu | F1: Chi phí công | G1: Bên chi | H1: Ghi chú chi tiết
A2: Tháng 4 | G2: cty
A3: 46117 | B3: Thay cấp bệt | C3: S21 | D3: 801 | E3: 71 | G3: cty
A4: 46118 | B4: Dọn phòng | C4: G1 | D4: 302 | F4: 100 | G4: cty
B5: Sơn phòng | C5: S20 | D5: 101 | F5: 150 | G5: Cty
A6: 46119 | B6: Thay đèn hành lang | C6: T44- 45 | E6: 88 | G6: Cty
B7: Dọn phòng | C7: S27 | D7: 302 | F7: 150 | G7: Cty
B8: mua lăn chũi | C8: s20-T26 | E8: 35 | G8: Cty
A9: 46121 | B9: Vòi rửa bát, bát sen | C9: S25A | D9: 402 | E9: 170 | G9: cty
B10: Mua kìm mỏ quạ | E10: 80 | G10: cty
B11: Xi măng trắng bịt hở sàn | C11: G5 | E11: 10 | G11: cty
A12: 46123 | B12: Bộ sen, 2 dây cấp, giá đỡ bình nl | C12: G7 | D12: 101 | E12: 430 | G12: Cty
B13: Băng dính dán tiêu lệnh, bảng biển | C13: S36 | E13: 50 | G13: cty
B14: Vật tư đi lại đường điện nước máy giặt | C14: G1 | E14: 680 | G14: Cty
B15: Daay cấp máy giặt hỗ trợ chủ nhà | C15: G1 | E15: 80 | G15: Cty
A16: 46124 | B16: Lắp 4c cam G6 | C16: G6 | E16: 132 | F16: 400 | G16: Cty
B17: Thay lõi khóa phòng | C17: G5 | D17: 501 | E17: 110 | G17: Cty
B18: Dọn phòng | C18: G6 | D18: 402 | F18: 100 | G18: Cty
A19: 46127 | B19: Thay vòi rửa | C19: S25A | D19: 202 | E19: 120 | G19: Cty
B20: Thay vòi gạt | C20: S25A | D20: 402 | E20: 75 | G20: Cty
B21: Đi thêm đường điện, thêm ổ | C21: G7 | D21: 101 | E21: 81 | G21: cty
B22: Dọn phòng | C22: G7 | D22: 101 | F22: 100 | G22: cty
A23: 46129 | B23: Thay ổ điện | C23: G5 | D23: 404 | E23: 40 | G23: cty
A24: 46132 | B24: Sơn phòng | C24: S28 | D24: 301 | F24: 200 | G24: Cty
B25: Kẻ vạch nhà xe G5 | C25: G5 | E25: 283 | F25: 300 | G25: cty
A26: 46134 | B26: Thuê đổ trạc | C26: S28 | E26: 100 | G26: cty
B27: Thuê đổ trạc | C27: T45 | E27: 100 | G27: cty
A28: 46136 | B28: Thay bát sen | C28: T26 | D28: 501 | F28: 50 | G28: cty
B29: Dọn, sơn phòng | C29: T26 | D29: 501 | F29: 250 | G29: cty
B30: Đánh thêm khóa cổng | C30: S20 | E30: 30
B31: Sơn vá, dọn | C31: T26 | D31: 301 | F31: 200 | G31: cty
A32: 46139 | B32: Thay xịt bệt, vòi gạt | C32: S20 | D32: 101 | E32: 130 | G32: cty
B33: Kẻ vạch nhà xe G1 | C33: G1 | E33: 315 | F33: 100 | G33: cty
A34: 46140 | B34: Mua khoan pin | E34: 650 | G34: cty
B35: Lắp then cửa nvs | C35: S20 | D35: 201 | E35: 20 | G35: cty
A36: 46141 | B36: Lắp 6c cam G6 | C36: G6 | E36: 90 | F36: 600 | G36: cty
A37: 46145 | B37: Xịt bệt | C37: S25A | D37: 102 | E37: 80 | G37: cty
B38: Mua đồ lắp đồ trên VP mới | E38: 40 | G38: cty
A39: 46146 | B39: Thay kệ dưới gương | C39: S28 | D39: 401 | E39: 80 | G39: cty | H39: Khách đã báo từ lúc mới vào
B40: Thay vòi gạt,bát sen | C40: T27 | E40: 160 | G40: cty
B41: Thay vòi rửa | C41: S47 | D41: 201 | E41: 120 | G41: cty
B42: Lắp 1c cam | C42: S47 | E42: 35 | F42: 100 | G42: cty
A43: 46147 | B43: Dọn phòng | C43: T41 | D43: 701 | F43: 150 | G43: cty
B44: Dây cấp, cuts nối | C44: S12 | D44: 402 | E44: 35 | G44: cty
B45: Thay át bình, lắp cài then cửa, ổ khóa | C45: T41 | D45: 701 | F45: 95 | G45: cty
B46: Sơn dọn | C46: S25A | D46: 102 | F46: 300 | G46: cty
B47: Sơn dọn | C47: S3 | D47: 101 | F47: 250 | G47: cty
A48: 46148 | B48: Sơn dọn | C48: T5 | D48: 101 | F48: 300 | G48: cty
B49: Sơn dọn | C49: S12 | D49: 204 | F49: 300 | G49: cty
B50: Dọn phòng | C50: G6 | D50: 506 | F50: 100 | G50: cty
B51: 2c Băng dính dán bảng biển | C51: S20-28-36 | E51: 50 | G51: Cty
B52: Tổng | E52: =SUM(E2:E51) -> 4570 | F52: =SUM(F2:F51) -> 4295

Sheet A Điệp T4.26
A1: TIMEHOUSE SỬA CHỮA A ĐIỆP THÁNG 4.26
A2: NGÀY | B2: TÒA | C2: MÃ PHÒNG | D2: NỘI DUNG SỬA CHỮA | E2: TIỀN CÔNG | F2: MUA VẬT TƯ | G2: GHI CHÚ | H2: QUẢN LÝ | I2: LOẠI PHÒNG
E3: =SUBTOTAL(109,E4:E118) -> 10490000 | F3: =SUBTOTAL(109,F4:F158) -> 7456000 | H3: 1 | I3: 1
A4: 46107 | B4: T21 | C4: 202 | D4: Thay khóa đấm | F4: 65000 | H4: Đỗ Thùy Linh
B5: T21 | D5: Thay pin điều khiển đh | F5: 10000 | H5: Đỗ Thùy Linh
B6: T13 | C6: 601 | D6: Thay dây vòi xịt | F6: 80000 | H6: Đỗ Thùy Linh
B7: T18 | D7: Rửa cọ téc sân thượng | E7: 500000 | H7: Nguyễn Ngọc Văn Khải
B8: S40 | C8: 605 | D8: Dọn phòng | E8: 300000 | G8: Khách hết hd | H8: Đặng Trung Kiên
B9: T18 | D9: Thay rửa bể ngầm + lao vét + vận chuyển bùn đất cát | E9: 1000000 | H9: Nguyễn Ngọc Văn Khải
B10: T18 | D10: Đấu nối hút nước trực tiếp lên téc để rửa bể ngầm | F10: 175000 | H10: Nguyễn Ngọc Văn Khải
A11: 46108 | B11: S23 | D11: Thay rơ le bơm áp | F11: 80000 | H11: Nguyễn Công Lâm
A12: 46111 | B12: S12 | C12: 101 | D12: Dọn phòng | E12: 100000 | H12: Đỗ Thanh Hương
A13: 46112 | B13: S33 | C13: 401 | D13: Thay củ sen cắm tường | F13: 250000 | H13: Đặng Trung Kiên
B14: S33 | C14: 401 | D14: Thay dây bát sen | F14: 80000 | H14: Đặng Trung Kiên
B15: S33 | C15: 401 | D15: Xử lý gẫy ống nước | F15: 20000 | H15: Đặng Trung Kiên
A16: 46114 | B16: T7 | C16: 201 | D16: Dọn phòng | E16: 100000 | H16: Đặng Trung Kiên
B17: T7 | C17: 301 | D17: Dọn phòng | E17: 100000 | H17: Đặng Trung Kiên
B18: T7 | C18: 301 | D18: Sơn phòng | E18: 100000 | H18: Đặng Trung Kiên
B19: T7 | C19: 301 | D19: Thay dây bát sen | F19: 80000 | H19: Đặng Trung Kiên
B20: T7 | C20: 302 | D20: Dọn phòng | E20: 250000 | H20: Đặng Trung Kiên
B21: T7 | C21: 302 | D21: Sơn phòng | E21: 200000 | H21: Đặng Trung Kiên
B22: T7 | C22: 302 | D22: Thay giá cài vòi xịt | F22: 10000 | H22: Đặng Trung Kiên
A23: 46115 | B23: T35 | C23: 101 | D23: Thay bát sen | F23: 40000 | H23: Nguyễn Công Lâm
B24: T35 | C24: 101 | D24: Thay 3 bóng típ + 1 bóng tròn | F24: 220000 | H24: Nguyễn Công Lâm
B25: T35 | C25: 101 | D25: Sơn phòng | E25: 300000 | H25: Nguyễn Công Lâm
B26: T35 | C26: 101 | D26: Tổng vệ sinh phòng | E26: 300000 | H26: Nguyễn Công Lâm
B27: S48A | C27: 301 | D27: Thay át phòng | F27: 55000 | H27: Đỗ Thanh Hương
B28: T2 | C28: 201 | D28: Sửa BNL ko nóng | F28: 50000 | H28: Vũ Đắc Hào
B29: T21 | C29: 202 | D29: Thay dây bát sen | F29: 80000 | H29: Đỗ Thùy Linh
B30: T21 | C30: 202 | D30: Thông tắc ống thoát nước bàn bếp | F30: 50000 | H30: Đỗ Thùy Linh
A31: 46116 | B31: T25 | C31: 209 | D31: Sơn phòng | E31: 300000 | G31: Phòng đôi | H31: Nguyễn Công Lâm
B32: T33 | C32: 502 | D32: Sửa chập điện | F32: 255000 | H32: Nguyễn Công Lâm
B33: S33 | C33: 203 | D33: Đi lại đường điện | F33: 65000 | H33: Đặng Trung Kiên
B34: S33 | C34: 203 | D34: Dọn phòng | E34: 100000 | G34: Khách hết hd | H34: Đặng Trung Kiên
B35: S33 | C35: 203 | D35: Sơn phòng + Dán phòng | E35: 200000 | H35: Đặng Trung Kiên
A36: 46117 | B36: T11 | C36: 402 | D36: Dọn phòng | E36: 100000 | H36: Đỗ Thanh Hương | I36: kh phá hd thu được điện nước
B37: T11 | C37: 402 | D37: Sửa cánh tủ bếp | F37: 35000 | H37: Đỗ Thanh Hương | I37: kh phá hd thu được điện nước
A38: 46118 | B38: T30 | C38: 502 | D38: Chống thấm dột mái WC | F38: 80000 | H38: Đặng Trung Kiên
B39: T13 | C39: 602 | D39: Sơn phòng + Dọn phòng | E39: 400000 | G39: Khách chi | H39: Đỗ Thùy Linh
B40: S22 | D40: Sửa mất nước | F40: 65000 | H40: Nguyễn Công Lâm
B41: S33 | C41: 404 | D41: Thay bóng WC | F41: 35000 | H41: Đặng Trung Kiên
A42: 46119 | B42: S5 | C42: 403 | D42: Dọn phòng | E42: 100000 | H42: Đỗ Thanh Hương | I42: kh phá hd thu được điện nước
B43: S37B | C43: 501 | D43: Dọn phòng | E43: 200000 | H43: Đỗ Thùy Linh
A44: 46120 | B44: T41 | C44: 501 | D44: Sơn phòng | E44: 200000 | H44: Nguyễn Thị Thương Huyền | I44: kh phá hd thu được điện nước
B45: T41 | C45: 501 | D45: Dọn phòng + sơn cửa WC | E45: 150000 | F45: 64000 | H45: Nguyễn Thị Thương Huyền | I45: kh phá hd thu được điện nước
B46: T41 | C46: 201 | D46: Sơn phòng | E46: 200000 | H46: Nguyễn Thị Thương Huyền
B47: T41 | C47: 201 | D47: Dọn phòng + sơn cửa WC | E47: 150000 | F47: 64000 | H47: Nguyễn Thị Thương Huyền
B48: T41 | C48: 201 | D48: Thay dây sen | F48: 40000 | H48: Nguyễn Thị Thương Huyền
B49: T41 | C49: 201 | D49: Thay hút mùi bếp | F49: 130000 | H49: Nguyễn Thị Thương Huyền
B50: T41 | C50: 201 | D50: Thay hút mùi WC | F50: 130000 | H50: Nguyễn Thị Thương Huyền
B51: T41 | C51: 201 | D51: Thay bóng điện bếp | F51: 40000 | H51: Nguyễn Thị Thương Huyền
A52: 46121 | B52: S16 | C52: Tầng 3 | D52: Thay bóng ốp trần hành lang | F52: 120000 | H52: Nguyễn Công Lâm
A53: 46122 | B53: T2 | C53: 302 | D53: Thay 9 bóng âm trần | F53: 315000 | H53: Vũ Đắc Hào | I53: kh phá hd thu được điện nước
B54: T2 | C54: 302 | D54: Thay quạt thông gió | F54: 150000 | H54: Vũ Đắc Hào | I54: kh phá hd thu được điện nước
A55: 46123 | B55: T21 | C55: 302 | D55: Tháo rỡ lắp tủ mới | E55: 100000 | F55: 25000 | H55: Đỗ Thùy Linh
B56: T21 | C56: 302 | D56: Thay vòi rửa bát | F56: 150000 | H56: Đỗ Thùy Linh
B57: T28 | C57: 201 | D57: Chống thấm ban công thấm xuống 101 | E57: 100000 | F57: 45000 | H57: Nguyễn Công Lâm
B58: T28 | C58: 101 | D58: Chống thấm ban công + WC thấm xuống nhà xe + cửa ra vào | E58: 100000 | F58: 95000 | H58: Nguyễn Công Lâm
B59: T35 | C59: 101 | D59: Tháo tủ phòng 204 xuống 101 lắp | E59: 100000 | H59: Nguyễn Công Lâm
A60: 46124 | B60: S31 | C60: 501 | D60: Xử lý rò nước WC 601 ngấm chảy xuống 501 | F60: 115000 | H60: Vũ Đắc Hào
B61: S48B | C61: 101 | D61: Thay át tầng 1 | F61: 58000 | H61: Đỗ Thanh Hương
A62: 46125 | B62: T41 | D62: Sơn nhà xe + hành lang bộ tầng 1,2. Dọn dẹp lau chùi nhà xe , sơn cửa WC 203+403 | E62: 600000 | F62: 64000 | H62: Nguyễn Thị Thương Huyền
B63: T41 | D63: Lắp thêm 2 bóng típ nhà xe | F63: 180000 | H63: Nguyễn Thị Thương Huyền
B64: T41 | C64: 203 | D64: Thay lõi kháo cửa chính | F64: 110000 | H64: Nguyễn Thị Thương Huyền
A65: 46126 | B65: S12 | C65: 102 | D65: Lắp quạt thông gió | F65: 190000 | H65: Đỗ Thanh Hương
B66: S12 | C66: 202 | D66: Lắp vòi xịt bệt | F66: 105000 | H66: Đỗ Thanh Hương
B67: S45 | D67: Sơn nhà xe + hàn cầu thang inox lắp tầng 2 | E67: 400000 | F67: 15000 | H67: Đặng Trung Kiên
A68: 46127 | B68: T13 | D68: Sơn nhà xe + cổng | E68: 400000 | F68: =380000+10000+7000+22000 -> 419000 | H68: Đỗ Thùy Linh
A69: 46129 | B69: T25 | D69: Sửa bơm nước | F69: 16000 | H69: Nguyễn Công Lâm
B70: T25 | C70: 308 | D70: Thay đồng hồ điện | F70: 140000 | H70: Nguyễn Công Lâm
B71: T25 | D71: Sửa chập điện đi dây nổi | F71: 195000 | H71: Nguyễn Công Lâm
B72: T25 | C72: 209 | D72: Lắp quatj hút mùi bếp | F72: 250000 | H72: Nguyễn Công Lâm
B73: T25 | C73: 209 | D73: Tháp bỏ giường | H73: Nguyễn Công Lâm
B74: S12 | C74: 506 | D74: Sơn phòng | E74: 140000 | H74: Đỗ Thanh Hương
B75: S12 | C75: 304 | D75: Sơn phòng ( tỉa ) | E75: 100000 | H75: Đỗ Thanh Hương
A76: 46130 | B76: T32 | D76: Sơn hành lang cầu thang tầng 1-5 | E76: 300000 | H76: Đặng Trung Kiên
A77: 46131 | B77: S33 | C77: 401 | D77: Thay BNL | F77: 44000 | H77: Đặng Trung Kiên
A78: 46132 | B78: T5 | D78: Sơn nhà xe + Dọn dép sân phơi + mang đồ đi bỏ rác | E78: 400000 | H78: Đỗ Thùy Linh
B79: T18 | C79: 301 | D79: Thay dây cấp bồn rửa | F79: 25000 | H79: Nguyễn Ngọc Văn Khải
B80: T8 | C80: 402 | D80: Đi đường dẫn điều hòa xuống đường | F80: 40000 | H80: Nguyễn Công Lâm
A81: 46133 | B81: S12 | C81: 304 | D81: Thay bóng típ | F81: 40000 | H81: Đỗ Thanh Hương
B82: S12 | D82: Sơn cửa p304+506+101 | E82: 150000 | F82: 187000 | H82: Đỗ Thanh Hương
B83: S12 | C83: 304 | D83: Bắn vít cố định lại song sắt cửa sổ | H83: Đỗ Thanh Hương
B84: T18 | D84: Sơn cổng nhà xe | E84: 150000 | F84: 180000 | H84: Nguyễn Ngọc Văn Khải
A85: 46134 | B85: Văn phòng mới | D85: Thay dây bát sen | F85: 80000
B86: VP | D86: Thay ti sen | F86: 50000
B87: VP | D87: Thay 1 dây cấp | F87: 30000
B88: VP | D88: Lắp bình lọc nước | F88: 65000
B89: VP | D89: Nối ống thoát nước điều hòa | F89: 45000
B90: T32 | D90: Bắn alu bịt kho hành lang tầng 3 | E90: 50000 | F90: 95000 | H90: Đặng Trung Kiên
B91: T41 | C91: 403 | D91: Thay lõi khóa cửa phòng | F91: 120000 | H91: Nguyễn Thị Thương Huyền
B92: T7 | C92: 502 | D92: Bắn alu bịt chỗ chuột khoét | E92: 50000 | F92: 95000 | H92: Đặng Trung Kiên
A93: 46135 | B93: T3 | C93: 202 | D93: Sơn phòng | E93: 300000 | H93: Nguyễn Thị Thương Huyền
B94: T3 | C94: 202 | D94: Dọn phòng | E94: 300000 | H94: Nguyễn Thị Thương Huyền
B95: T3 | C95: 403 | D95: Sơn phòng | E95: 300000 | H95: Nguyễn Thị Thương Huyền | I95: kh phá hd thu được điện nước
B96: T3 | C96: 403 | D96: Kê ngang ngăn tủ lạnh | F96: 50000 | H96: Nguyễn Thị Thương Huyền | I96: kh phá hd thu được điện nước
B97: T3 | C97: 403 | D97: Dọn phòng | E97: 300000 | H97: Nguyễn Thị Thương Huyền | I97: kh phá hd thu được điện nước
B98: T3 | C98: 403 | D98: Thay nắp két nước bệt xí | F98: 150000 | H98: Nguyễn Thị Thương Huyền | I98: kh phá hd thu được điện nước
A99: 46136 | B99: T34 | C99: 101 | D99: Sơn phòng | E99: 200000 | H99: Nguyễn Công Lâm
B100: T2 | C100: 501 | D100: Thay 11 bóng đèn âm trần | F100: 385000 | H100: Vũ Đắc Hào
...

Sheet A Ước T4.26
A1: TIMEHOUSE SỬA CHỮA A ƯỚC THÁNG 4.26
A2: NGÀY | B2: TÒA | C2: MÃ PHÒNG | D2: NỘI DUNG SỬA CHỮA | E2: TIỀN CÔNG | F2: MUA VẬT TƯ | G2: GHI CHÚ | H2: QUẢN LÝ | I2: LOẠI PHÒNG
E3: =SUBTOTAL(109,E4:E100) -> 9300000 | F3: =SUBTOTAL(109,F4:F119) -> 12823000 | H3: 1 | I3: l
A4: 46113 | B4: S19C | C4: 302 | D4: Thay vòi chậu | F4: 120000 | H4: Vũ Đắc Hào
B5: S19C | C5: 302 | D5: Thay bóng đèn | F5: 20000 | H5: Vũ Đắc Hào
A6: 46113 | B6: S38 | C6: 301 | D6: Dọn vệ sinh + Sơn chỗ bẩn | E6: 200000 | G6: Khách HHĐ | H6: Đặng Trung Kiên
A7: 46113 | B7: S44 | C7: 301 | D7: Dọn vệ sinh + Sửa chậu | E7: 200000 | G7: Khách HHĐ | H7: Vũ Đắc Hào
A8: 46113 | B8: S18 | C8: 604 | D8: Dọn vệ sinh + Sửa vòi nước | E8: 200000 | G8: Khách HHĐ | H8: Vũ Đắc Hào
A9: 46113 | B9: S18 | C9: 703 | D9: Dọn máy hút mùi | E9: 100000 | G9: Khách HHĐ | H9: Vũ Đắc Hào
A10: 46114 | B10: T42 | C10: 608 | D10: Sơn phòng | E10: 200000 | H10: Trần Quang Huy | I10: kh phá hd thu điện nước
B11: T42 | C11: 608 | D11: Dọn vệ sinh phòng | E11: 150000 | H11: Trần Quang Huy | I11: kh phá hd thu điện nước
A12: 46114 | B12: T42 | C12: 506 | D12: Sơn phòng | E12: 200000 | H12: Trần Quang Huy
B13: T42 | C13: 506 | D13: Dọn vệ sinh phòng | E13: 150000 | H13: Trần Quang Huy
A14: 46114 | B14: T42 | C14: 103 | D14: Sơn phòng | E14: 200000 | H14: Trần Quang Huy
B15: T42 | C15: 103 | D15: Dọn vệ sinh phòng | E15: 200000 | G15: Khách | H15: Trần Quang Huy
A16: 46115 | B16: T14 | C16: 503 | D16: Sơn phòng | E16: 200000 | H16: Nguyễn Ngọc Văn Khải
A17: 46116 | B17: S7 | C17: 201 | D17: Sơn phòng + Vệ sinh | E17: 300000 | G17: Khách | H17: Đỗ Thùy Linh
A18: 46116 | B18: S18 | C18: 201 | D18: Dọn vệ sinh phòng | E18: 150000 | G18: (Khách HHĐ) | H18: Vũ Đắc Hào
A19: 46116 | B19: T14 | C19: 401 | D19: Sơn phòng | E19: 200000 | H19: Nguyễn Ngọc Văn Khải | I19: kh phá hd thu điện nước
B20: T14 | C20: 401 | D20: Dọn vệ sinh phòng | E20: 150000 | H20: Nguyễn Ngọc Văn Khải | I20: kh phá hd thu điện nước
A21: 46116 | B21: S39 | C21: 302 | D21: Dọn vệ sinh + Sơn tỉa | E21: 150000 | H21: Nguyễn Ngọc Văn Khải | I21: kh phá hd thu điện nước
A22: 46117 | B22: T42 | D22: vệ sinh téc nước | E22: 400000 | H22: Trần Quang Huy
A23: 46117 | B23: S18 | C23: 304 | D23: dọn vệ sinh phòng | E23: 150000 | H23: Vũ Đắc Hào
A24: 46117 | B24: S2 | C24: 308 | D24: Sơn phòng | E24: 200000 | H24: Đặng Trung Kiên
B25: S2 | C25: 308 | D25: dọn vệ sinh phòng | E25: 150000 | H25: Đặng Trung Kiên
A26: 46117 | B26: S2 | C26: 402 | D26: Sơn phòng | E26: 200000 | H26: Đặng Trung Kiên | I26: kh phá hd thu điện nước
B27: S2 | C27: 402 | D27: dọn vệ sinh phòng | E27: 150000 | H27: Đặng Trung Kiên | I27: kh phá hd thu điện nước
A28: 46117 | B28: T42 | C28: 506 | D28: Thay 1 bộ bát sen | F28: 80000 | H28: Trần Quang Huy
A29: 46118 | B29: T43 | D29: Thay van cấp máy giặt | F29: 30000 | H29: Đỗ Thanh Hương
A30: 46118 | B30: S3 | C30: 303 | D30: dọn vệ sinh và sơn phòng | E30: 800000 | G30: khách | H30: Đỗ Thùy Linh
A31: 46118 | B31: S3 | C31: 403 | D31: dọn vệ sinh phòng | E31: 200000 | G31: khách | H31: Đỗ Thùy Linh
A32: 46119 | B32: S4a | C32: 204 | D32: Sơn phòng | E32: 200000 | H32: Nguyễn Ngọc Văn Khải
A33: 46119 | B33: VP | D33: chạy thêm đường điện ở văn phòng mới | F33: 420000
A34: 46120 | B34: T42 | D34: lắp đặt máy bơm áp | F34: 1800000 | H34: Trần Quang Huy
B35: T42 | D35: dây điện | F35: 150000 | H35: Trần Quang Huy
B36: T42 | D36: ống + cút + keo | F36: 70000 | H36: Trần Quang Huy
A37: 46120 | B37: S7 | C37: 201 | D37: Thay van cấp | F37: 40000 | H37: Đỗ Thùy Linh
A38: 46120 | B38: S19c | C38: 201 | D38: Thay tụ quạt trần | F38: 10000 | H38: Vũ Đắc Hào
A39: 46121 | B39: T17 | D39: Sơn cổng và sơn nhà xe | F39: 475000 | H39: Nguyễn Thị Thương Huyền
B40: T17 | D40: Sơn đen 5kg | E40: 400000 | F40: 20000 | H40: Nguyễn Thị Thương Huyền
B41: T17 | D41: Xăng thơm | F41: 24000 | H41: Nguyễn Thị Thương Huyền
B42: T17 | D42: lu nhỏ + chổi | F42: 40000 | H42: Nguyễn Thị Thương Huyền
B43: T17 | D43: bóng đèn nhà xe | H43: Nguyễn Thị Thương Huyền
A44: 46123 | B44: S30 | C44: 403 | D44: Sơn phòng | E44: 150000 | H44: Nguyễn Ngọc Văn Khải
A45: 46123 | B45: S30 | C45: 403 | D45: dọn vệ sinh phòng | E45: 150000 | H45: Nguyễn Ngọc Văn Khải
A46: 46124 | B46: S6 | C46: 202 | D46: dọn vệ sinh phòng | E46: 300000 | G46: quá bẩn | H46: Đỗ Thùy Linh
A47: 46124 | B47: S6 | C47: 202 | D47: Sơn phòng | E47: 200000 | H47: Đỗ Thùy Linh
A48: 46124 | B48: S19c | C48: 102 | D48: thay phao bể ngầm | F48: 160000 | H48: Vũ Đắc Hào
A49: 46125 | B49: T42 | D49: Thay bơm mới đẩy | F49: 4200000 | H49: Trần Quang Huy
B50: T42 | D50: Ren ngoài 50 | F50: 616000 | H50: Trần Quang Huy
B51: T42 | D51: Cút 50 | F51: 58000 | H51: Trần Quang Huy
B52: T42 | D52: Zắc co 50 | F52: 104000 | H52: Trần Quang Huy
B53: T42 | D53: Cút 50 | F53: 160000 | H53: Trần Quang Huy
B54: T42 | D54: Keo ống 63 | F54: 210000 | H54: Trần Quang Huy
B55: T42 | D55: Ren ngoài 32 | F55: 85000 | H55: Trần Quang Huy
B56: T42 | D56: Lơ 40/33 | F56: 40000 | H56: Trần Quang Huy
B57: T42 | D57: Kìm xích | F57: 75000 | H57: Trần Quang Huy
B58: T42 | D58: Chữ đồng | F58: 220000 | H58: Trần Quang Huy
B59: T42 | D59: máy hàn 63 | F59: 480000 | H59: Trần Quang Huy
A60: 46126 | B60: S18 | D60: 204 + 304 + 603 + 704 | H60: Vũ Đắc Hào
B61: S18 | D61: Sơn điểm | E61: 150000 | H61: Vũ Đắc Hào
A62: 46126 | B62: T43 | C62: 401 | D62: Thay 1 bộ bóng + máng lyp | F62: 70000 | H62: Đỗ Thanh Hương
A63: 46126 | B63: T42 | D63: Thay 1 bộ điện Tân máy bơm | F63: 485000 | H63: Trần Quang Huy
A64: 46126 | B64: T42 | D64: Thay phao bể nước | F64: 160000 | H64: Trần Quang Huy
A65: 46126 | B65: T42 | D65: lắp đế nối tủ cam | F65: 40000 | H65: Trần Quang Huy
B66: T43 | D66: máy bơm áp | F66: 1000000 | H66: Trần Quang Huy
A67: 46129 | B67: T43 | D67: thay bơm áp | F67: 70000 | H67: Đỗ Thanh Hương
B68: T43 | D68: Zắc co + Cút + Keo | F68: 20000 | H68: Đỗ Thanh Hương
A69: 46129 | B69: T42 | D69: Thay phao bể ngầm | F69: 200000 | H69: Trần Quang Huy
A70: 46129 | B70: T37 | C70: 202 | D70: lắp bóng đèn + đui | F70: 40000 | H70: Vũ Đắc Hào
B71: T37 | D71: bản Alua nhà xe | F71: =220000+36000 -> 256000 | H71: Vũ Đắc Hào
A72: 46129 | B72: T17 | D72: Vít + nở | H72: Nguyễn Thị Thương Huyền
B73: T17 | D73: Keo Silicon | H73: Nguyễn Thị Thương Huyền
A74: 46131 | B74: VP | D74: chạy thêm ổ điện văn phòng mới | F74: 430000
B75: VP | D75: dây điện + ổ cắm + ống gen
A76: 46133 | B76: S6 | C76: 501 | D76: Sơn phòng + Dọn vệ sinh | E76: 400000 | G76: Khách | H76: Đỗ Thùy Linh
A77: 46134 | B77: S8 | C77: 204 | D77: Sơn phòng | E77: 150000 | H77: Đỗ Thùy Linh
A78: 46137 | B78: S15 | D78: Lát gạch sân phơi | H78: Đặng Trung Kiên
B79: S15 | D79: Gạch lát | E79: 200000 | F79: 160000 | H79: Đặng Trung Kiên
B80: S15 | D80: Xi măng | F80: 50000 | H80: Đặng Trung Kiên
A81: 46138 | B81: T43 | C81: 601 | D81: Sơn phòng | E81: 150000 | H81: Đỗ Thanh Hương | I81: Kh phá hd thu điện nước
A82: 46138 | B82: T43 | C82: 601 | D82: dọn vệ sinh phòng | E82: 150000 | H82: Đỗ Thanh Hương | I82: Kh phá hd thu điện nước
A83: 46138 | B83: T43 | C83: 601 | D83: mua sơn chậu kệ rửa | F83: 95000 | H83: Đỗ Thanh Hương
A84: 46138 | B84: T43 | C84: 201 | D84: dọn vệ sinh phòng | E84: 150000 | H84: Đỗ Thanh Hương | I84: Kh phá hd thu điện nước
B85: T43 | C85: 201 | D85: thay bát sen | F85: 40000 | H85: Đỗ Thanh Hương | I85: Kh phá hd thu điện nước
A86: 46138 | B86: S10 | C86: 401 | D86: Sơn phòng | E86: 200000 | H86: Đỗ Thùy Linh
A87: 46138 | B87: S10 | C87: 401 | D87: dọn vệ sinh phòng | E87: 200000 | H87: Đỗ Thùy Linh
A88: 46138 | B88: S10 | C88: 503 | D88: Sơn phòng | E88: 150000 | H88: Đỗ Thùy Linh
A89: 46138 | B89: S10 | C89: 503 | D89: dọn vệ sinh phòng | E89: 150000 | H89: Đỗ Thùy Linh
A90: 46139 | B90: S4 | C90: 205 | D90: Sơn phòng+dọn phòng | E90: =200000+150000 -> 350000 | H90: Nguyễn Ngọc Văn Khải | I90: kh phá hd thu điện nước
A91: 46139 | B91: S19a | C91: 501 | D91: dọn phòng | E91: 150000 | H91: Vũ Đắc Hào | I91: kh phá hd thu điện nước
A92: 46139 | B92: S30 | C92: 203 | D92: dọn phòng | E92: 150000 | H92: Nguyễn Ngọc Văn Khải | I92: kh phá hd thu điện nước

Sheet A Điệp 5.26
A1: TIMEHOUSE SỬA CHỮA THÁNG 5.26
A2: NGÀY | B2: TÒA | C2: MÃ PHÒNG | D2: NỘI DUNG SỬA CHỮA | E2: TIỀN CÔNG | F2: MUA VẬT TƯ | G2: GHI CHÚ
E3: =SUBTOTAL(109,E4:E85) -> 7150000 | F3: =SUBTOTAL(109,F4:F85) -> 8003000
A4: 26/4 | B4: S33 | C4: 302 | D4: Thay chống giật BNL | F4: 120000
B5: S33 | C5: 302 | D5: Đi lại đường nước nóng | F5: 56000
B6: S45 | C6: 303 | D6: Sơn phòng | E6: 150000
B7: S45 | C7: 303 | D7: Dọn phòng | E7: 150000
B8: S45 | C8: 303 | D8: Thay dây sen | F8: 50000
B9: S45 | C9: 303 | D9: Thay vòi gạt | F9: 50000
B10: S45 | C10: 303 | D10: Thông tắc chậu rửa mặt | E10: 150000
B11: S33 | C11: 203 | D11: Thay cần gạt bồn cầu | F11: 50000
A12: 27/4 | B12: S23 | D12: Thay bơm áp trên sân thượng | F12: 1050000
A13: 28/4 | B13: T33 | C13: 501 | D13: Sơn phòng | E13: 300000
B14: T33 | C14: 501 | D14: Dọn phòng | E14: 100000
B15: T33 | C15: 501 | D15: Sơn cửa sổ + song săt cửa | E15: 100000 | F15: 98000
B16: T33 | C16: 501 | D16: Lắp chốt + Tay nắm cửa nhà vệ sinh | F16: 40000
B17: S16 | C17: 404 | D17: Thay đồng hồ điện | F17: 150000
A18: 29/4 | B18: T2 | C18: 601 | D18: Thay bóng âm trần | F18: 315000
B19: T2 | C19: 601 | D19: Bắt giá cài bát sen | F19: 10000
B20: T2 | C20: 601 | D20: Dọn phòng | E20: 150000
B21: T2 | C21: 502 | D21: Dọn phòng | E21: 150000 | G21: Khách hết hđ
B22: T2 | C22: 502 | D22: Thay 11 bóng âm trần | F22: 385000
B23: T2 | C23: 502 | D23: Thay hút mùi nvs | E23: 50000 | F23: 150000 | G23: Khách chi
A24: 3/5 | B24: T34 | C24: 101 | D24: Tháo lắp điều hòa mới | E24: 600000
B25: S12 | C25: 408 | D25: Sửa giường sập | F25: 45000
B26: S33 | C26: 203 | D26: Sửa vòi chậu rửa bát | F26: 165000
A27: 4/5 | B27: T12 | C27: 402 | D27: Dọn phòng | E27: 150000
B28: S45 | C28: 102 | D28: Dọn phòng + Sơn trả | E28: 150000
B29: S45 | D29: Hàn lại cánh cổng bị rơi ra | F29: 86000
B30: T33 | C30: 501 | D30: Tháo điều hòa ở vp cũ đưa về lắp 501T33 | E30: 600000
A31: 5/5 | B31: T41 | C31: 403 | D31: Sửa hút mùi nhà WC | F31: 50000
B32: T33 | C32: 402 | D32: Sơn phòng + Dọn phòng | E32: 300000
B33: T13 | C33: 201 | D33: Sơn phòng + Dọn phòng | E33: 300000 | G33: Kh chi
B34: T13 | C34: 201 | D34: Bắn alu gác xép | E34: 150000 | F34: 295000
B35: T34 | C35: 401 | D35: Sơn phòng | E35: 300000
B36: T34 | C36: 401 | D36: Dọn phòng | E36: 200000
A37: 6/5 | B37: T25 | C37: 104 | D37: Thay tấm alu sau tủ quần áo | F37: 250000
B38: T25 | C38: 104 | D38: Thay vòi liền sen | F38: 200000
A39: 7/5 | B39: T36 | C39: 302 | D39: Thay tấm trần nhà | F39: 35000
B40: S49 | C40: 202 | D40: Dọn phòng | E40: 100000
B41: S49 | C41: 202 | D41: Lắp lại cánh tủ bếp mất chốt bản lề | F41: 80000
B42: S5 | C42: 502 | D42: Dọn phòng | E42: 200000
B43: S5 | C43: 502 | D43: Thay bóng nhà WC' | F43: 25000
B44: S5 | C44: 502 | D44: Thay ốc nắp bếp | F44: 40000
B45: S5 | C45: 502 | D45: Thay van nước bồn cầu | F45: 50000
B46: S5 | C46: 502 | D46: Sơn phòng | E46: 150000
B47: T2 | C47: 601 | D47: Thay lõi khóa cửa chính | F47: 110000
A48: 8/5 | B48: T18 | D48: Làm ống thoát nước máy giặt bằng ống PVC | F48: 118000
B49: T7 | C49: 301 | D49: Thay bóng ốp trần WC | F49: 80000
A50: 9/5 | B50: T25 | C50: 101 | D50: Sơn phòng | E50: 200000 | G50: Lấy 1 thùng sơn ở T20
B51: T21 | C51: 504 | D51: Xử lý nước mưa tràn cửa sổ | F51: 55000
B52: S31 | C52: 201 | D52: Hàn giá treo quần áo ở ban công | E52: 150000 | F52: 165000
A53: 10/5 | B53: T12+13 | D53: Mua đồ lắp bàn bếp,chậu rửa bát | F53: 425000
B54: S40 | D54: Lắp cam soi đồng hồ nước | E54: 100000 | F54: 15000
B55: S40 | D55: soi thùng rác
B56: S33 | D56: Lắp cam nhà xe | E56: 100000 | F56: 15000
B57: S45 | D57: Lắp cam soi máy giặt | E57: 100000 | F57: 23000
A58: 12/5 | B58: T24 | D58: Tổng vệ sinh nhà xe | E58: 800000 | F58: 585000
B59: T24 | D59: Sơn toàn bộ nhà xe
B60: T24 | D60: Bắn alu chân tường xung quanh nhà xe
B61: T24 | D61: Sơn cửa sắt nhà xe
A62: 14/5 | B62: S37+S48+S43 | D62: Lắp bảng biển nhà xe | F62: 30000
B63: S48AB | D63: Thay bóng điện nhà xe | F63: 60000
A64: 15/5 | B64: S22 | C64: 402 | D64: Xử lý chống thấm WC 502 ngấm xuống 402 | E64: 200000 | F64: 57000
B65: S22 | D65: Thay thoát sàn WC | F65: 55000
A66: 16/5 | B66: T24 | D66: Đi lại đường ống điều hòa từ tầng 5- tầng 1 | E66: 200000 | F66: 285000
B67: S45 | C67: 404 | D67: Sửa vòi nước + bịt lỗ mái bị hở | F67: 55000
B68: T31 | D68: Thay át tổng tầng 3+4 | F68: 150000
B69: T13 | D69: Đi đường thoát nước điều hòa từ tầng 6 - tầng 1 | E69: 200000 | F69: 308000
A70: 17/5 | B70: T25 | C70: 505 | D70: Chống thấm nước mưa chảy vào phòng | F70: 55000
A71: 18/5 | B71: T42 | C71: 307 | D71: Thay dây vòi xịt | F71: 80000
B72: S26 | D72: Lắp vòi gạt nhà xe | F72: 40000
A73: 19/5 | B73: T36 | C73: 103 | D73: Xử lý dột nước mưa | F73: 55000
B74: T27 | C74: 301 | D74: Sửa cửa WC | F74: 110000
B75: S40 | C75: 606506406306 | D75: Bắn alu chắn nước | E75: 150000 | F75: 230000
D76: Thoát máy giặt phụt sang ngõ hàng xóm
A77: 20/5 | B77: T13 | D77: Xử lý chập điện tầng 6 | F77: 120000
A78: 24/5 | B78: T36 | D78: Xử lý chống thấm rò nước xuống hộp kỹ thuật ở nhà xe | E78: 150000 | F78: 200000
B79: T33 | D79: Sơn cổng nhà xe | E79: 300000 | F79: 427000
A80: 25/5 | B80: S46 | D80: Thay át tầng 4+5+6 | F80: 150000
B81: T21 | C81: 102 | D81: Thay chống giật BNL | F81: 100000 | G81: Kh đã chi 1/2

Sheet A Ước 5.26 
A1: TIMEHOUSE SỬA CHỮA THÁNG 5.26
A2: NGÀY | B2: TÒA | C2: MÃ PHÒNG | D2: NỘI DUNG SỬA CHỮA | E2: TIỀN CÔNG | F2: MUA VẬT TƯ | G2: GHI CHÚ
E3: =SUBTOTAL(109,E4:E79) -> 7400000 | F3: =SUBTOTAL(109,F4:F79) -> 3248000
A4: 46058 | B4: T14 | C4: 303 | D4: Dọn vệ sinh + Sơn điểm | E4: 200000
B5: T14 | C5: 304 | D5: Thay đồng hồ điện | F5: 160000
B6: S42 | C6: 101 | D6: Dọn vệ sinh phòng | E6: 150000
B7: S42 | C7: 301 | D7: Dọn vệ sinh phòng | E7: 150000
A8: 46086 | B8: S2 | C8: 404 | D8: Dọn vệ sinh phòng | E8: 200000
B9: S2 | C9: 404 | D9: Sơn phòng | E9: 200000
A10: 46117 | B10: S13 | C10: 502 | D10: Sơn phòng | E10: 200000
B11: s13 | C11: 301 | D11: Sơn phòng | E11: 200000
A12: 46147 | B12: T37 | C12: 402 | D12: Lắp thêm bóng típ | F12: 80000
B13: S50 | C13: 703 | D13: Dọn vệ sinh phòng | E13: 150000
B14: S50 | C14: 703 | D14: Thay bóng âm trần | F14: 80000
B15: S50 | C15: 201 | D15: Dọn vệ sinh phòng | E15: 400000
A16: 46178 | B16: S39 | C16: 405 | D16: Dọn vệ sinh phòng | E16: 150000
B17: T42 | C17: 109 | D17: Dọn vệ sin phòng + Thay bóng đèn | E17: 300000
B18: T42 | C18: 109 | D18: Sơn phòng | E18: 200000
B19: T42 | C19: 307 | D19: Dọn vệ sinh phòng | E19: 200000
A20: 46208 | B20: S19B | C20: 203 | D20: Thay quạt trần | F20: 750000
B21: S13 | C21: 504 | D21: Sơn phòng | E21: 200000
B22: S13 | C22: 504 | D22: Dọn vệ sinh phòng | E22: 250000
B23: S13 | C23: 504 | D23: Thay 1 bộ bát sen | F23: 80000
A24: 46208 | B24: S13 | C24: 203 | D24: Sơn phòng | E24: 200000 | G24: 1/2 lấy sơn thùng T42
B25: S13 | C25: 203 | D25: Dọn vệ sinh phòng | E25: 200000
A26: 46239 | B26: T17 | C26: 301 | D26: Sơn phòng | E26: 200000 | G26: 1/2 lấy sơn thùng T42
B27: T17 | C27: 301 | D27: Dọn vệ sinh phòng | E27: 300000 | G27: Kh chi
A28: 46300 | B28: T37 | C28: 102 | D28: Lắp 1 bộ bóng típ | F28: 75000
A29: 46331 | B29: T42 | C29: 108 | D29: Thay dây cấp nước | F29: 25000
A30: 13/5 | B30: S7 | C30: 103 | D30: Thay vòi chậu | F30: 120000
A31: 14/5 | B31: S8 | D31: Thay van máy giặt | F31: 35000
B32: T22 | D32: Sơn nhà xe | E32: 400000
A33: 19/5 | B33: T37 | C33: 301 | D33: Thay dây cấp nước | F33: 25000
B34: T42 | C34: 103 | D34: Thay 1 bộ bát sen | F34: 80000
B35: S25A | C35: 202 | D35: Dọn vệ sinh phòng | E35: 200000
B36: S25A | C36: 202 | D36: Thay 1 bộ bát sen | F36: 80000
A37: 21/5 | B37: S25A | C37: 601 | D37: Dọn vệ sinh phòng | E37: 200000
B38: S25A | C38: 601 | D38: Thay bóng tròn | F38: 22000
B39: S25A | D39: Thay bóng sân phơi | F39: 22000
B40: T14 | C40: 503 | D40: Thay quạt húi mùi | F40: 180000
B41: T14 | C41: 503 | D41: Thay 1 bộ máng típ | F41: 75000
B42: T14 | C42: 503 | D42: Thay 2 bóng tròn | F42: 44000
A43: 22/5 | B43: S4A | C43: 103 | D43: Thay chốt cửa | F43: 10000
A44: 23/5 | B44: T17 | D44: Thay tụ bơm | F44: 80000
B45: S34 | C45: 101 | D45: Sơn + dọn phòng | E45: 200000
A46: 24/5 | B46: T12 | C46: 402 | D46: Lắp tấm alu ở chậu rửa | F46: 70000
B47: T12 | C47: 402 | D47: Kéoilicon | F47: 80000
B48: T13 | C48: 201 | D48: Lắp tấm alu ở chậu rửa | F48: 70000
B49: T13 | C49: 201 | D49: Keo Silicon | F49: 80000
B50: S44 | D50: Lắp ổ điện nhà xe
B51: S44 | D51: Dây diện | F51: 220000
B52: S44 | D52: Ống ren | F52: 50000
B53: S44 | D53: Ổ cắm + đế nổi | F53: 40000
B54: S44 | D54: Át + đế | F54: 50000
B55: S44 | D55: Công tơ điện | F55: 130000
A56: 26/5 | B56: T42 | D56: Thay van cấp máy giặt | F56: 30000
A57: 27/5 | B57: S17 | C57: 101 | D57: Dọn vệ sinh phòng | E57: 200000 | G57: Khách chi
B58: S17 | C58: 101 | D58: Thay lắp bồn cầu | F58: 180000 | G58: Khách chi
A59: 28/5 | B59: T38 | C59: 202 | D59: Sơn phòng | E59: 300000
B60: T38 | C60: 202 | D60: Dọn vệ sinh phòng | E60: 500000
A61: 30/5 | B61: T17 | C61: 302 | D61: Sơn + dọn phòng | E61: 300000 | G61: Khách chi
A62: 31/5 | B62: G9 | C62: 101 | D62: Sơn phòng | E62: 200000
B63: G9 | C63: 101 | D63: Dọn vệ sinh phòng | E63: 150000
B64: G9 | C64: 302 | D64: Sơn phòng | E64: 200000
B65: G9 | C65: 302 | D65: Dọn vệ sinh phòng | E65: 150000
B66: S9A | C66: 402 | D66: Thay 1 bộ vòi xịt | F66: 120000
B67: S9A | C67: 402 | D67: Thay vòi gạt | F67: 40000
B68: S9A | C68: 402 | D68: Thay dây cấp nước | F68: 25000
B69: S9A | C69: 402 | D69: Công sửa chữa | E69: 200000
B70: S42 | C70: 301 | D70: Thay van gạt | F70: 40000
B71: G4 | C71: 302 | D71: Dọn vệ sinh phòng | E71: 150000

Sheet trường t5.2026
A1: Ngày | B1: Lỗi sửa chữa + mua đồ | C1: Toà nhà | D1: Phòng | E1: Chi phí vật liệu | F1: Chi phí công | G1: Bên chi | H1: Ghi chú chi tiết
A2: Tháng 5 | G2: cty
A3: 46149 | B3: Đi đường điện lắp bóng từ cổng ra ngõ | C3: S12 | E3: 775 | G3: cty
A4: 46150 | B4: Dơn dọn, thay bát sen | C4: S10 | D4: 303 | E4: 70 | F4: 200 | G4: cty
B5: Thay cấp xả bệt, bộ dây vòi sen | C5: S25A | D5: 302 | E5: 180 | G5: Cty
A6: 46151 | B6: Thay lavabo, 2 dây cấp, bóng tuýp | C6: S12 | D6: 101 | E6: 275 | G6: Cty
B7: Dọn phòng | C7: G5 | D7: 203 | F7: 200 | G7: Cty
A8: 46152 | B8: Thay máng đèn,dây bát sen, giá đỡ dây xịt | C8: S12 | D8: 204 | E8: 125 | G8: Cty
B9: Thay bộ gương + kệ | C9: S12 | D9: 304504 | E9: 400 | G9: cty
B10: Lăn sơn, nối dây sen | C10: S12 | E10: 45 | G10: cty
B11: Thay bộ ngăn mùi thoát sàn | C11: G6 | D11: 206 | E11: 70 | G11: cty
A12: 46153 | B12: mua bóng tuýp,dây điện,máng bóng lắp vp | C12: VP | E12: 119 | G12: Cty
A13: 46154 | B13: Thay dây cấp bình, thay dây sen | C13: S25A | D13: 101301 | E13: 70 | G13: cty
B14: Dọn phòng | C14: S25A | D14: 301 | F14: 150 | G14: Cty
B15: Thay vòi rửa | C15: G1 | D15: 302 | E15: 120 | G15: Cty
A16: 46155 | B16: Thay đui cẩm ứng + bóng | C16: G3 | D16: 101 | E16: 85 | G16: Cty
B17: Thay bóng đèn | C17: T41 | D17: 503 | E17: 35 | G17: Cty
B18: Vít,nở lắp bảng biển các nhà | E18: 15 | G18: Cty
A19: 46158 | B19: Điều khuyển diều hòa | C19: S28 | D19: 101 | E19: 65 | G19: Cty
B20: Bột bả, giấy giáp, xăng tẩy phòng | C20: G5 | D20: 203 | E20: 40 | G20: Cty
B21: Dây thoát lavabo vp | C21: VP | E21: 30 | G21: cty
A22: 46159 | B22: Thay atp | C22: T45 | D22: 101 | E22: 55 | G22: cty
B23: Thay 2 bánh xe cửa lùa | C23: T5 | D23: 701 | E23: 70 | G23: cty
B24: Thay dây cấp | C24: S21 | D24: 202 | E24: 25 | G24: Cty
B25: Thay 2 đầu xịt bệt | C25: T41 | D25: 501503 | E25: 80 | G25: cty
A26: 46161 | B26: Phao cơ | C26: S47 | E26: 140 | G26: cty
B27: Thay vòi chậu rửa | C27: S25A | E27: 80 | G27: cty
B28: Thay van cấp máy giặt | C28: S21 | E28: 30 | G28: cty
A29: 46162 | B29: Dọn phòng | C29: G5 | D29: 503 | F29: 200 | G29: cty
A30: 46164 | B30: Thay bóng nhà xe | C30: T41 | E30: 45 | G30: cty
B31: Thay 3 bóng hành lang | C31: T5 | E31: 100 | G31: cty
A32: 46165 | B32: Giá đỡ, vít lavabo | C32: T5 | D32: 202 | E32: 15 | G32: cty
B33: Thay phao điện | C33: G3,S25A | E33: 300 | G33: cty
B34: Vật tư đi lại đường điện sân phơi, bếp | C34: S28 | E34: 362 | G34: cty
A35: 46168 | B35: lắp thoát sàn 1 chiều | C35: G6 | D35: 506 | E35: 60 | G35: cty
B36: Vật tư lắp cam | C36: G5 | E36: 62 | F36: 100 | G36: cty
B37: ngăn mùi thoát sàn | C37: T41 | D37: 401 | E37: 30 | G37: cty
A38: 46169 | B38: Thay atp tổng | C38: T45 | E38: 150 | G38: cty
B39: Thay phao điện | C39: G1,S28 | E39: 240 | G39: cty
A40: 46170 | B40: Sơn dọn phòng | C40: T5 | D40: 101 | F40: 500 | G40: cty | H40: trừ cọc
B41: Sơn dọn phòng | C41: T5 | D41: 501 | F41: 500 | G41: cty | H41: trừ cọc
B42: Sơn phòng | C42: S10 | D42: 101 | F42: 150 | G42: cty
A43: 46171 | B43: Lõi khóa phòng | C43: T41 | D43: 401 | E43: 110 | G43: cty
B44: Dây sen, bóng tuýp | C44: T41 | D44: 203 | E44: 80 | G44: cty
B45: Thoát sàn 1 chiều | C45: S20 | D45: 101 | E45: 100 | G45: cty
B46: Thay chống giật | C46: S32 | D46: 101 | E46: 110 | G46: cty
B47: 1 lọ keo silicon bít cửa sổ | C47: T41,S20 | E47: 50 | G47: cty
B48: Quạt hút mùi | C48: S32 | D48: 202 | E48: 230 | G48: cty
B49: Lăn sơn,chổi sơn khu vực chung | C49: T26 | E49: 40 | G49: cty
A50: 46172 | B50: ngăn mùi thoát sàn | C50: S28 | D50: 204 | E50: 30 | G50: cty
B51: Dọn phòng | C51: T44 | D51: 201 | F51: 150 | G51: cty
B52: Dọn phòng | C52: S28 | D52: 203 | F52: 150 | G52: cty | H52: trừ cọc
B53: Đổ trạc, đồ xly G9 | C53: G9 | E53: 240 | G53: cty
A54: 46174 | B54: Mua sơn cửa cổng | C54: G8,9 | E54: 260 | F54: 250 | G54: cty
B55: 2 bóng tuýp | C55: G9 | E55: 80 | G55: cty
A56: 46175 | B56: Thoát chậu rửa | C56: G5 | D56: 301 | E56: 75 | G56: cty
B57: Sơn,dọn phòng | C57: G9 | D57: 202 | F57: 300 | G57: cty
B58: Dọn, sơn vá | C58: S28 | D58: 101 | F58: 250 | G58: cty
A59: 46177 | B59: Đi lại thoát nước điều hòa các phòng trục trong | C59: S28 | E59: 225 | G59: cty
B60: 3 bóng tuýp, 1 đui | C60: G8 | E60: 165 | G60: cty
B61: Nẹp sàn,bóng tròn,keo dán sàn | C61: T38 | D61: 202 | E61: 205 | G61: cty | H61: trừ cọc khách cũ
B62: keo silicon bít cửa sổ | C62: T41 | D62: 701 | E62: 55 | G62: cty
A63: 46178 | B63: dây xịt | C63: S25A | D63: 301 | E63: 50 | G63: cty
B64: Sửa điều hòa chảy nước | C64: S28 | D64: 101 | F64: 150 | G64: cty
G65: Cty
B66: Tổng | E66: =SUM(E2:E65) -> 6468 | F66: =SUM(F2:F65) -> 3250

Sheet Sheet4
A1: Danh sách sử dụng sơn tháng 5 ( 17 thùng ngày 4/5)
A2: Mã phòng | B2: Số lượng | C2: Ghi chú
A3: 101T25 | B3: 1 | C3: lấy 1 thùng ở điểm T20 | I3: S3 | J3: 3 thùng
A4: 203S13 | B4: 1 | C4: lấy 1 thùng ở điểm T42( lấy 1 thùng nguyên dùng hết 1/2 đang ở 203S13 | I4: T33 | J4: 3 thùng
A5: 301T17 | B5: 1 | C5: lấy 1 thùng ở điểm T42 (lấy 1 thùng nguyên dùng hết 1/3 đang ở 301T17) | I5: T28 | J5: 3 thùng
A6: 501T33, 402T33 | B6: 1 | C6: lấy từ vp | I6: T20 | J6: 3 thùng
A7: 401T34 | B7: 1 | C7: lấy từ vp
A8: 101, 501T5 | B8: 1 | C8: lấy từ điểm T20
A9: T28 | B9: 1 | C9: lấy về các điểm( chuyển về 2 thùng 1 thùng sang T35)
A10: T24 ( sơn nhà xe) | B10: 1 | C10: lấy từ vp đi ( đãng nhẽ là chuyển về kho t33)
A11: T22 ( Nhà xe) | B11: 2 | C11: lấy từ vp
A12: T42 | B12: 1 | C12: lấy từ vp điều chuyển về điểm chứa sơn ( chuyển 4 1 thùng sang G9, 1 thùng sang 203S13, 1 thùng sang 301T17)
A13: S10,S3 | B13: 1/3 và 2/3 | C13: lấy từ điểm S3 ( S3 dùng 1/3 và S10 dùng 2/3)
A14: G9 | B14: 1 | C14: lấy từ điểm T42
A15: T17( nhà xe) | B15: 1 | C15: sơn đặt riêng nhà huyền
A16: T13 | B16: 1 | C16: sơn đặt riêng nhà huyển
A17: T26 | B17: 1 | C17: sơn đặt riêng nhà huyền | D17: d
A18: 101T38 | B18: 1 | C18: sơn đặt riêng cho nhà huyền
A19: T35 | B19: 1 | C19: chuyển từ t28 sang
A20: S48 | B20: 1 | C20: chuyển từ điểm T20
A21: T32 | B21: 1
A22: T36 | B22: 1
C23: còn thiếu 4 thùng

Sheet A Điệp 6.26
A1: TIMEHOUSE SỬA CHỮA THÁNG 6.26
A2: NGÀY | B2: TÒA | C2: MÃ PHÒNG | D2: NỘI DUNG SỬA CHỮA | E2: TIỀN CÔNG | F2: MUA VẬT TƯ | G2: GHI CHÚ
E3: =SUBTOTAL(109,E4:E105) -> 10300000 | F3: =SUBTOTAL(109,F4:F105) -> 9186000
A4: 2/6 | B4: T21 | C4: 201 | D4: Sơn phòng | E4: 300000 | G4: Nửa thùng sơn S48
B5: T21 | D5: Dọn phòng | E5: 100000
B6: T21 | D6: Sửa cánh tủ bếp | F6: 65000
B7: S48B | C7: 101 | D7: Sơn phòng | E7: 150000 | G7: Nửa thùng sơn S48
B8: S48B | C8: 101 | D8: Dọn phòng | E8: 100000
B9: T36 | C9: 302 | D9: Sơn phòng | E9: 200000
B10: T36 | D10: Dọn phòng | E10: 100000
A11: 3/6 | B11: T36 | D11: Thay vòi rửa bát | F11: 120000
B12: T21 | C12: Tầng 3 | D12: Thay bóng điện hành lang | F12: 25000
B13: T35 | C13: 303 | D13: Sơn phòng | E13: 200000 | G13: Nửa thùng sơn T28
B14: T35 | D14: Dọn phòng | E14: 100000
B15: T35 | D15: Sơn lan can + Cầu thang + Cửa sổ + Cửa ra vào | E15: 150000 | F15: 202000
A16: 4/6 | B16: T21 | C16: 403 | D16: Sơn phòng | E16: 250000 | G16: Nửa thùng sơn T21
B17: T21 | D17: Dọn phòng | E17: 150000
B18: T21 | C18: 404 | D18: Sơn phòng | E18: 300000 | G18: Nửa thùng sơn T21
B19: T21 | D19: Dọn phòng | E19: 300000
A20: 5/6 | B20: T18 | C20: 202 | D20: Sơn phòng | E20: 150000
B21: T18 | D21: Dọn phòng | E21: 100000
B22: T18 | C22: 601 | D22: Sơn phòng | E22: 200000
B23: T18 | D23: Dọn phòng | E23: 100000
B24: S45 | C24: 504 | D24: Chống thấm dột góc trần | F24: 55000
A25: 6/6 | B25: T20 | C25: 302 | D25: Sơn + bóc xốp dán tường + Cạo chũi | E25: 300000
B26: T20 | D26: Dọn phòng | E26: 100000
B27: T20 | D27: Sửa cửa chính xệ | F27: 10000
B28: T20 | D28: Thay bóng típ | F28: 45000
B29: T20 | D29: Thay bóng trần | F29: 60000
B30: S24 | D30: Thay 2 bóng đèn thang máy
A31: 7/6 | B31: S22 | C31: 104 | D31: Dọn phòng | E31: 100000
A32: 8/6 | B32: S45 | D32: Thay phao téc + Phao bể ngầm | F32: =80000+140000 -> 220000
A33: 10/6 | B33: T20 | D33: Lắp máng nước mái tôn trước cổng | E33: 200000 | F33: 295000
A34: 11/6 | B34: T20 | C34: 504 | D34: Cạo chũi , tháo dỡ tủ + Sơn phòng | E34: 200000
B35: T20 | C35: 504 | D35: Dọn phòng | E35: 100000
B36: S40 | D36: Xử lý tràn nước bể ngầm | F36: 150000
A37: 13/6 | B37: T38 | C37: 101 | D37: Dọn phòng | E37: 100000
A38: 14/6 | B38: T8 | D38: Chạy lại ống thoát máy giặt vào đường thoát khác | E38: 150000 | F38: 48000
A39: 19/6 | B39: S33 | C39: 202 | D39: Xử lý nước thải điều hòa nhỏ giọt xuống t1 | F39: 23000
B40: T8 | C40: 402 | D40: Xử lý rò nước đầy nhỏ xuống kv bếp | E40: 200000 | F40: 95000
B41: T8 | D41: Lắp cam sân phơi | E41: 100000 | F41: 37000
A42: 20/6 | B42: T2 | D42: Thay rửa bể ngầm + téc | E42: 500000 | F42: 55000
B43: T3 | C43: 304 | D43: Cạo chân tường + sơn + dọn phòng | E43: 250000
A44: 10/6 | B44: G8 | C44: 301 | D44: Lắp dây vòi xịt | F44: 105000
B45: G8 | C45: 201 | D45: Lắp chậu rửa | E45: 200000 | F45: 248000
B46: G8 | C46: 402 | D46: Lắp chậu rửa | E46: 200000 | F46: 248000
B47: G8 | C47: 201 | D47: Thay tấm alu sau tủ | F47: 250000
A48: 13/6 | B48: G8 | C48: 205 | D48: Lắp chậu rửa bát + khoan rút lõi | E48: 200000 | F48: 248000
B49: G8 | C49: 404 | D49: Lắp chậu rửa bát + khoan rút lõi | E49: 200000 | F49: 248000
A50: 14/6 | B50: G8 | C50: 301 | D50: Lắp chậu rửa bát + khoan rút lõi | E50: 200000 | F50: 248000
B51: G8 | C51: 303 | D51: Lắp chậu rửa bát + khoan rút lõi | E51: 200000 | F51: 248000
A52: 22/6 | B52: G8 | C52: 404 | D52: Lắp vòi xịt | F52: 95000
B53: G8 | C53: 402 | D53: Thay nắp bệt | F53: 80000
B54: G8 | D54: Lắp vòi xịt | F54: 95000
B55: G8 | D55: Thay vòi gạt | F55: 35000
B56: G8 | D56: Thay dây sen | F56: 40000
B57: G8 | C57: 301 | D57: Thay củ vòi liền sen chậu rửa mặt | F57: 200000
B58: G8 | C58: 201 | D58: Lắp vòi xịt | F58: 95000
B59: G8 | D59: Thay bát sen | F59: 40000
B60: G8 | D60: Thay dây cấp chậu rửa mặt | F60: 25000
B61: G8 | D61: Sơn lại phòng | E61: 100000
B62: G8 | D62: Bắn tấm alu che ô thoáng | F62: 155000
A63: 20/6 | B63: T34 | C63: 202 | D63: Sơn + dọn phòng vs quạt trần+ điều hòa | E63: 350000
B64: T18 | C64: 601 | D64: Thay cục ấn bệt xí | F64: 60000
B65: S5 | C65: 204 | D65: Thay phao bồn cầu | F65: 50000
B66: S5 | D66: Xử lý ngấm trào nước nên nóc bàn bếp gần nvs | E66: 100000 | F66: 25000
B67: S5 | C67: 502 | D67: Thay phao bồn cầu | F67: 50000
A68: 21/6 | B68: T41 | D68: Xử lý cháy bơm đẩy qua 3 quả lọc | F68: 233000
B69: T41 | D69: Thay bơm | F69: 1650000
B70: T41 | D70: Lắp rơ le chống cạn | F70: 550000
A71: 23/6 | B71: G10 | C71: 501 | D71: Cạo chũi sơn phòng | E71: 200000
B72: G10 | D72: Dọn phòng | E72: 100000
B73: G10 | C73: 502 | D73: Cạo chũi sơn phòng | E73: 200000
B74: G10 | D74: Dọn phòng | E74: 100000
B75: G10 | C75: 501 | D75: Lắp mới BNL | F75: 1250000
B76: G10 | D76: Dây cấp + Nở | F76: 60000
A77: 24/6 | B77: T42 | C77: 103+104 | D77: Thông tắc thoát sàn bị ứ | E77: 200000 | F77: 25000
A78: 25/6 | B78: G5 | C78: 201 | D78: Dọn phòng | E78: 150000
B79: G10 | C79: 301 | D79: Sơn phòng | E79: 300000
B80: G10 | D80: Dọn phòng | E80: 150000
B81: G10 | C81: 302 | D81: Dọn phòng | E81: 150000
B82: G10 | D82: Thay dây vòi xịt | F82: 80000
B83: G10 | D83: Thay bóng típ + máng | F83: 80000
B84: G10 | C84: 501 | D84: Thay vòi xịt | F84: 40000
B85: G10 | C85: 502 | D85: Thay vòi xịt | F85: 40000
A86: 25/6 | B86: S40 | C86: 304 | D86: Thay đồng hồ điện | F86: 155000
B87: S40 | C87: 301 | D87: lắp đầu bịt chống nước máy giặt | F87: 218000
B88: T8 | C88: Tầng 1 | D88: Nối ống thoát WC bị bục vỡ do thông tắc | E88: 200000 | F88: 125000
B89: S5 | D89: xử lý mất nước | F89: 35000
B90: T31 | C90: 403 | D90: Sơn phòng + dọn phòng | E90: 300000
B91: T31 | C91: 403 | D91: Thay bóng tuýp | F91: 45000
B92: T31 | C92: 403 | D92: Thay bóng tròn WC | F92: 25000
B93: T13 | C93: 202 | D93: Sơn phòng + dọn phòng | E93: =200000+150000 -> 350000
B94: T13 | C94: 202 | D94: Bắn tấm alu gác xép | E94: 150000 | F94: 95000
B95: T35 | C95: 102 | D95: sơn phòng | E95: 150000
B96: T35 | D96: sơn cầu thang | F96: 32000
B97: T34 | C97: 402 | D97: sơn phòng+ dọn dòng | E97: =200000+100000 -> 300000
B98: T32 | C98: 101 | D98: Sơn phòng + dọn phòng | E98: =200000+100000 -> 300000
B99: T32 | C99: 101 | D99: sửa nền nhà cập kênh | F99: 55000

Sheet A Ước 6.26
A1: TIMEHOUSE SỬA CHỮA THÁNG 6.26
A2: NGÀY | B2: TÒA | C2: MÃ PHÒNG | D2: NỘI DUNG SỬA CHỮA | E2: TIỀN CÔNG | F2: MUA VẬT TƯ | G2: GHI CHÚ
E3: =SUBTOTAL(109,E4:E87) -> 7450000 | F3: =SUBTOTAL(109,F4:F87) -> 4265000
A4: 46174 | B4: T42 | C4: 306 | D4: Dọn vệ sinh phòng | E4: 200000
B5: T42 | D5: Thay bóng đèn | F5: 25000
B6: T42 | C6: 308 | D6: Dọn vệ sinh phòng | E6: 150000
B7: T42 | C7: 103 | D7: Thay gạt nước bồn cầu | F7: 20000
B8: S25A | C8: 502 | D8: Dọn vệ sinh phòng | E8: 200000
B9: S25A | C9: 501 | D9: Dọn vệ sinh phòng | E9: 300000 | G9: Khách hết hd
A10: 46175 | B10: S4 | D10: Thay phao trên téc | F10: 80000
B11: S29 | C11: 402 | D11: Dọn vệ sinh phòng | E11: 150000
B12: S18 | C12: 502 | D12: Sơn phòng | E12: 200000
B13: S18 | D13: Dọn vệ sinh phòng | E13: 150000
B14: S18 | D14: Sửa BNL | F14: 120000
B15: T10 | C15: 301 | D15: Sơn phòng | E15: 200000
B16: T10 | D16: Dọn vệ sinh phòng | E16: 150000
B17: T10 | D17: Thay 1 bộ vòi xịt | F17: 80000
B18: T22 | C18: 401 | D18: Sơn phòng | E18: 200000
B19: T22 | D19: Dọn vệ sinh phòng | E19: 150000
B20: T22 | D20: Thay 1 bộ bát sen tăng áp | F20: 100000
B21: T22 | D21: Thay vòi chậu rửa | F21: 120000
B22: T22 | D22: Thay 1 dây cấp nước | F22: 25000
B23: T22 | D23: Thay 1 bộ nắp bệt | F23: 80000
A24: 46176 | B24: S7 | C24: 302 | D24: Sơn tường + dọn vệ sinh | E24: 300000
B25: S7 | D25: Thay 1 bộ bát sen | F25: 80000
B26: S7 | D26: Thay vòi rửa bát | F26: 120000
B27: S7 | D27: Lắp thêm bóng đèn | F27: 40000
B28: S14 | C28: 202 | D28: Thay 1 bộ vòi xịt | F28: 80000
B29: T42 | D29: Thay phao bể ngầm | F29: 85000
B30: G5 | C30: 201 | D30: Dọn vệ sinh phòng | E30: 150000
B31: G5 | C31: 303 | D31: Dọn vệ sinh phòng | E31: 150000
B32: G5 | C32: 601 | D32: Dọn vệ sinh phòng | E32: 150000
A33: 46177 | B33: G1 | C33: 601 | D33: Dọn vệ sinh phòng | E33: 150000
B34: G6 | C34: 102 | D34: Dọn vệ sinh phòng | E34: 150000
B35: G8 | D35: Chậu rửa bát | F35: 300000
B36: G8 | D36: Vòi chậu | F36: 120000
A37: 46178 | B37: S10 | C37: 401 | D37: Thay vòi gạt | F37: 40000
B38: S10 | D38: Thay bóng đèn | F38: 20000
A39: 46179 | B39: S8 | C39: 104 | D39: Sơn phòng | E39: 200000
B40: S8 | D40: Dọn vệ sinh phòng | E40: 150000
A41: 46180 | B41: S3 | C41: 402 | D41: Dọn vệ sinh phòng | E41: 150000
B42: S2 | C42: 204 | D42: Sơn phòng + Dọn vệ sinh phòng | E42: 300000
B43: T14 | C43: 303 | D43: Thay óc sen | F43: 25000
A44: 46181 | B44: S39 | C44: 403 | D44: Dọn vệ sinh phòng | E44: 150000
B45: G4 | C45: 402 | D45: Dọn vệ sinh phòng | E45: 150000
A46: 46182 | B46: S38 | D46: Thay cánh bơm | F46: 20000
B47: T15 | C47: 603 | D47: Dọn vệ sinh phòng | E47: 200000
B48: T15 | D48: Thay dây sen | F48: 40000
A49: 46184 | B49: T15 | C49: 303 | D49: Thay dây sen | F49: 40000
B50: T37 | C50: 102 | D50: Thay dây cấp | F50: 50000
B51: T37 | C51: 102 | D51: Thay bát sen | F51: 40000
B52: T17 | C52: 301 | D52: Thay bát sen | F52: 40000
B53: T45 | D53: Chập cháy dây điện tổng
B54: T45 | D54: Mua dây điện | F54: 80000
A55: 46185 | B55: T17 | D55: Sơn tòa nhà | E55: 1000000
B56: T17 | D56: Lăn sơn chôngs thấm sân thượng
B57: T17 | D57: Mua sơn | F57: 600000
A58: 46187 | B58: G1 | C58: 401 | D58: Sơn điểm + Dọn phòng | E58: 200000
B59: G1 | C59: 402 | D59: Sơn điểm + Dọn phòng | E59: 200000
B60: S4 | C60: 403 | D60: Thay nắp bồn cầu | F60: 80000
B61: S4 | C61: 403 | D61: Thay ổ điện | F61: 45000
B62: T43 | C62: 401 | D62: Thay 1 bộ vòi xịt | F62: 80000
B63: S4 | D63: Thay dây thoát máy giặt | F63: 40000
A64: 46189 | B64: S17 | C64: 101 | D64: Sửa chữa và gắn keo lỗ thoát điều hòa | F64: 80000
A65: 46190 | B65: S32 | D65: Vệ sinh bể ngầm và téc nước | E65: 700000
B66: S32 | D66: Thay thế phụ tùng máy bơm | F66: 70000
B67: T42 | C67: 108 | D67: Sơn phòng | E67: 200000
B68: S19B | C68: 301 | D68: Sơn phòng | E68: 200000
A69: 46192 | B69: T42 | C69: 406 | D69: Thay vòi rửa mặt | F69: 120000
A70: 46196 | B70: G6 | D70: Sửa cam + Bắn chốt khóa cửa nhà WC tầng 1 | F70: 60000
B71: S7 | C71: 302 | D71: Thay chốt phòng tắm | F71: 20000
B72: S7 | D72: Thay tay cửa kéo | F72: 20000
B73: S7 | D73: Thay bánh xe cửa kéo | F73: 50000
B74: S7 | D74: Thay 1 bộ bát sen | F74: 80000
B75: S7 | D75: Thay ổ điện đôi | F75: 45000
A76: 46197 | B76: T42 | C76: 108 | D76: Thay vòi chậu rửa mặt | F76: 120000
B77: T43 | C77: 201 | D77: Thay bát sen | F77: 40000
B78: T42 | C78: 108 | D78: Thay quạt hút mùi | F78: 230000
A79: 46200 | B79: T14 | C79: 201 | D79: Thay đồng hồ điện tử | F79: 200000
A80: 46201 | B80: T17 | C80: 301 | D80: Thay lõi khóa | F80: 100000
B81: T17 | C81: 401 | D81: Thay quạt nhà wc | F81: 230000
A82: 46202 | B82: S25b | C82: 202 | D82: Mua keo xử lý thấm mái | F82: 85000
B83: T10 | C83: 401 | D83: Sơn phòng | E83: 200000
A84: 46203 | B84: S2 | C84: 204 | D84: Dọn phòng | E84: 150000
A85: 46202 | B85: T10 | C85: 401 | D85: Dọn phòng | E85: 200000 | G85: Khách hết hd
B86: S3 | D86: 5 thùng sơn hiện tại còn 3,5 thùng
B87: T42 | D87: 3 thùng sơn hiện tại còn 3 thùng

Sheet Trường 6.2026
A1: Ngày | B1: Lỗi sửa chữa + mua đồ | C1: Toà nhà | D1: Phòng | E1: Chi phí vật liệu | F1: Chi phí công | G1: Bên chi | H1: Ghi chú chi tiết
A2: Tháng 6 | G2: cty
A3: 46181 | B3: điều khuyển đh | C3: S28 | D3: 204 | E3: 65 | G3: cty | H3: đk đa năng k dò đc
B4: bát sen,vòi gạt | C4: s10 | D4: 102 | E4: 90 | G4: cty
B5: thay phao cơ | C5: g5 | E5: 150 | G5: Cty
A6: 46182 | B6: Dây xịt,bát sen | C6: t5 | D6: 101 | E6: 80 | G6: Cty
A7: 46186 | B7: 2 bóng tròn hành lang, vít nở | C7: T5 | E7: 65 | G7: Cty
B8: 1 bóng tròn thây nvs | C8: s10 | D8: 501 | E8: 30 | G8: Cty
B9: bản lề cửa | C9: T5 | D9: 701 | E9: 50 | G9: cty
A10: 46188 | B10: vòi rửa,dây cấp | C10: S47 | D10: 201 | E10: 150 | G10: cty
B11: vòi chậu dây cấp | C11: T44 | D11: 201 | E11: 150 | G11: cty
B12: Dây thoát máy giặt | C12: T45 | E12: 20 | G12: Cty
B13: dây- bát sen | C13: T44 | D13: 101 | E13: 80 | G13: cty
A14: 46190 | B14: bát sen | C14: G9 | D14: 302 | E14: 40 | G14: Cty
B15: Chốt cửa gạt | C15: S25a | D15: 202 | E15: 40 | G15: Cty
A16: 46191 | B16: Dây đầu xịt | C16: G2 | D16: tầng 1 | E16: 80 | G16: Cty
B17: 2 khóa gạt S25A phòng trống | C17: S25A | E17: 70 | G17: Cty
B18: Khóa cửa lùa | C18: S27 | D18: 202 | E18: 70 | G18: Cty
A19: 46192 | B19: Thay đồng hồ điện | C19: S10 | D19: 402 | E19: 175 | G19: Cty
B20: đèn | C20: T43 | D20: 402 | E20: 85 | G20: Cty
B21: Sửa tăng atp | C21: G2 | E21: 350 | G21: cty
B22: Thay rắc co nhiệt bị rò | C22: G2 | E22: 67 | G22: cty
A23: 46198 | B23: Sơn hành lang,nxe G10 | C23: G10 | F23: 500 | G23: cty
B24: Sơn phòng 302,401 | C24: G10 | D24: 302401 | F24: 400 | G24: Cty
A25: 46199 | B25: vật tư lắp máy giăt | C25: G4 | E25: 120 | G25: cty
B26: sửa điều hòa | C26: G10 | D26: 401 | E26: 400 | G26: cty | H26: kê cho nguồn sau thu qly cũ
A27: 46205 | B27: Chổi lăn sơn, móc dán deco, nước ae hỗ trợ | C27: G13 | E27: 165 | G27: cty
B28: Vòi chậu rửa | C28: G10 | D28: 401 | E28: 120 | G28: cty
B29: Sơn nhà xe, hành lang lên t2, phòng lửng | C29: G13 | F29: 400 | G29: cty
B30: Thây vòi gạt | C30: T44 | D30: 201 | E30: 70 | G30: cty
G31: cty
G32: cty
G33: cty
G34: cty
G35: cty
G36: cty
G37: cty
G38: cty
G39: cty
G40: cty
G41: cty
G42: cty
... G65: Cty
B66: Tổng | E66: =SUM(E2:E65) -> 2782 | F66: =SUM(F2:F65) -> 1300

Sheet A Điệp 7.26
A1: TIMEHOUSE SỬA CHỮA THÁNG 7.26
A2: NGÀY | B2: TÒA | C2: MÃ PHÒNG | D2: NỘI DUNG SỬA CHỮA | E2: TIỀN CÔNG | F2: MUA VẬT TƯ | G2: GHI CHÚ
E3: =SUM(E4:E98) -> 10000000 | F3: =SUM(F4:F98) -> 6278000
A4: 28/6 | B4: S48A | D4: Sơn chống thấm giếng trời | E4: 300000 | F4: 595000 | G4: 2kg sơn chống thấm + lu sơn + chổi sơn
A5: 46202 | B5: G10 | C5: 202 | D5: Sơn phòng | E5: 300000
A6: 46202 | B6: G10 | C6: 202 | D6: Dọn phòng | E6: 100000
A7: 46202 | B7: G10 | C7: 202 | D7: Thay vòi xịt | F7: 40000
A8: 46202 | B8: G10 | C8: 202 | D8: Thay dây sen | F8: 40000
A9: 46203 | B9: G10 | C9: 101 | D9: Sơn phòng | E9: 300000
A10: 46203 | B10: G10 | C10: 101 | D10: Dọn phòng | E10: 100000
A11: 46203 | B11: G10 | C11: 101 | D11: Thay vòi gạt | F11: 35000
A12: 46203 | B12: T13 | C12: 501 | D12: Sơn+ dọn phòng | E12: 500000 | G12: 1 thùng lấy T20 ( khách chi )
A13: 46203 | B13: T13 | C13: 501 | D13: Bắn tấm alu gác lửng | E13: 150000 | F13: 295000
A14: 46203 | B14: S31 | C14: 601 | D14: Thay dây sen | F14: 80000 | G14: Khách báo từ lúc đầu đã bị
A15: 46204 | B15: T35 | C15: 404 | D15: Sơn phòng | E15: 300000
A16: 46204 | B16: T35 | C16: 404 | D16: Dọn phòng | E16: 200000 | G16: Quá bẩn
A17: 46204 | B17: T35 | C17: 404 | D17: Sơn cửa sổ + sơn mặt trong cửa chính + lan can | E17: 150000 | F17: 202000 | G17: Sơn + chổi sơn
A18: 46204 | B18: T25 | C18: 106 | D18: Sơn cao chũi bỏ tủ cũ | E18: 350000 | G18: Phòng đôi
A19: 46204 | B19: T25 | C19: 106 | D19: Dọn phòng | E19: 200000
A20: 46204 | B20: T25 | C20: 106 | D20: Thông tắc thoát chậu rửa bát | F20: 115000
A21: 46205 | B21: S22 | C21: 404 | D21: Sơn + Dọn phòng | E21: 300000
A22: 46205 | B22: S22 | C22: 404 | D22: Thay 2 bản lề cửa nhà WC | F22: 35000
A23: 46205 | B23: S45 | C23: 202 | D23: Sơn + Dọn phòng | E23: 350000 | G23: Thùng sơn T33
A24: 46205 | B24: S5 | C24: 203 | D24: Sơn + Dọn phòng | E24: 350000
A25: 46205 | B25: S5 | C25: 203 | D25: Thay 2 bóng tròn | F25: 50000
A26: 46205 | B26: S5 | C26: 203 | D26: Thay bóng típ | F26: 45000
A27: 46205 | B27: S5 | C27: 203 | D27: Thay nắp bệt + sửa cửa WC | F27: 80000
A28: 46205 | B28: S5 | D28: Thay bóng điện hành lang t1 - t2 | F28: 110000
A29: 46206 | B29: G9 | C29: 501 | D29: Cạo + chũi sơn phòng + dọn phòng | E29: 350000
A30: 46206 | B30: G9 | C30: 501 | D30: Thay bóng típ | F30: 45000
A31: 46206 | B31: T18 | C31: 202 | D31: Dọn phòng | E31: 100000
A32: 46206 | B32: S50 | C32: 703 | D32: Dọn phòng | E32: 150000
A33: 46206 | B33: G5 | C33: 601 | D33: Sửa chậu rửa mặt xệ | F33: 25000
A34: 46206 | B34: G5 | D34: Xử lý đường thoát nước máy giặt sân thượng | F34: 65000
A35: 46207 | B35: S12 | C35: Tầng 4 | D35: Thay bóng điện hành lang | F35: 25000
A36: 46207 | B36: T25 | C36: 305 | D36: Sơn + Dọn phòng | E36: 350000
A37: 46207 | B37: T20 | C37: 503 | D37: Cạo chũi sơn dọn phòng | E37: 350000
A38: 46207 | B38: T7 | C38: 502 | D38: Sơn + Dọn phòng | E38: 350000
A39: 46208 | B39: T8 | C39: 402 | D39: Sơn phòng | E39: 200000
A40: 46208 | B40: T26 | C40: 402 | D40: Dọn phòng | E40: 100000
A41: 46208 | B41: S45 | C41: 202 | D41: Lắp giường mới | F41: 25000
A42: 46209 | B42: T21 | C42: 404 | D42: Dọn phòng + Sơn vá | E42: 150000
A43: 46209 | B43: T21 | C43: 404 | D43: Sửa vòi nước bồn rửa mặt | F43: 50000
A44: 46209 | B44: T11 | C44: 202 | D44: Dọn + Sơn tỉa | E44: 350000
A45: 46209 | B45: S49 | C45: 401 | D45: Dọn phòng | E45: 100000
A46: 46209 | B46: S49 | C46: 401 | D46: Sửa cánh tủ bếp trên | F46: 50000
A47: 46210 | B47: S50 | C47: 203 | D47: Dọn phòng | E47: 150000
A48: 46210 | B48: T12 | C48: 201 | D48: Dọn phòng | E48: 150000
A49: 46210 | B49: T12 | C49: 201 | D49: Thay vòi xịt bệt | F49: 40000
A50: 46210 | B50: T12 | C50: 201 | D50: Thay xi phông thoát chậu rửa mặt | F50: 35000
A51: 46210 | B51: G8 | C51: 403 | D51: Lắp vòi xịt bệt | F51: 95000
A52: 46210 | B52: T30 | C52: 502 | D52: Dọn phòng | E52: 150000
A53: 46210 | B53: G8 | C53: 201 | D53: Thay phao két bệt, Thay vòi liền tường | F53: 50000
A54: 46210 | B54: G8 | C54: 302,101,103,304 | D54: Bịt alu ô thoáng chống thoát kín đh | E54: 100000 | F54: 155000
A55: 46211 | B55: T34 | C55: 402 | D55: Thay 3 chốt cửa sổ ban công | F55: 60000
A56: 46211 | B56: T35 | D56: Thay 4 móc khóa cửa | F56: 40000
A57: 46211 | B57: T35 | C57: 102 | D57: Lắp khóa cửa | F57: 42000
A58: 46211 | B58: T35 | C58: 102 | D58: Sửa BNL | F58: 120000
A59: 46211 | B59: S22 | C59: WC tầng 1 | D59: Thay nắp bệt WC tầng 1 | F59: 80000
A60: 46211 | B60: G8 | C60: 205 | D60: Thay ổ điện | F60: 35000
A61: 46215 | B61: S28 | C61: 303 | D61: Chũi cạo + sơn phòng | E61: 350000
A62: 46215 | B62: S28 | C62: 303 | D62: Dọn phòng | E62: 200000
A63: 46216 | B63: G8 | C63: 101 | D63: Lắp chậu rửa + khoan rút lõi | E63: 200000 | F63: 248000
A64: 46216 | B64: G8 | C64: 101 | D64: Thay vòi gạt | F64: 35000
A65: 46216 | B65: G8 | C65: 104 | D65: Lắp chậu rửa + khoan rút lõi | E65: 200000 | F65: 248000
A66: 46216 | B66: G8 | C66: 302 | D66: Lắp chậu rửa + khoan rút lõi | E66: 200000 | F66: 248000
A67: 46216 | B67: G8 | C67: 302 | D67: Lắp dây vòi xịt | F67: 95000
A68: 46216 | B68: G8 | C68: 302 | D68: Thay dây cấp bệt xí | F68: 25000
A69: 46216 | B69: G8 | C69: 403 | D69: Lắp chậu rửa + khoan rút lõi | E69: 200000 | F69: 248000
A70: 46217 | B70: T20 | C70: 504 | D70: Sửa giường + sửa chốt cửa | F70: 55000
A71: 46218 | B71: S28 | D71: Thay đui bóng sân phơi | F71: 10000
A72: 46218 | B72: T38 | D72: Sửa BNL | F72: 120000
A73: 46222 | B73: G12 | D73: Lắp 2 cam nhà xe | E73: 200000 | F73: 64000
A74: 46222 | B74: G12 | D74: Lắp dây phơi 9 phòng | E74: 300000 | F74: 188000
A75: 46222 | B75: G12 | D75: Lắp máy giặt | F75: 110000
A76: 46223 | B76: S5 | C76: 402 | D76: Thay dây cấp nóng lạnh | F76: 25000
A77: 46223 | B77: S5 | D77: Thay ống thoát nước máy giặt | F77: 45000
A78: 46223 | B78: S5 | C78: 402 | D78: Thay đồng hồ nước | F78: 130000
A79: 46223 | B79: S5 | C79: 401 | D79: Thay đồng hồ nước | F79: 130000
A80: 46223 | B80: S5 | C80: 303 | D80: Thay đồng hồ nước | F80: 130000
A81: 46223 | B81: S5 | C81: 501 | D81: Thay đồng hồ nước | F81: 130000
A82: 46224 | B82: G8 | C82: 101 | D82: Lắp kệ kính trước gương | F82: 100000
A83: 46224 | B83: G8 | C83: 403 | D83: Lắp kệ kính trước gương | F83: 100000
A84: 46224 | B84: G8 | C84: 101 | D84: Xử lý đh rò nước | F84: 35000
A85: 46224 | B85: G8 | C85: 301,405,202,302 | D85: Nối ống thoát nc đh | F85: 65000
A86: 46225 | B86: S22 | C86: 103 | D86: Dọn phòng | E86: 300000 | G86: Khách chi
A87: 46225 | B87: S22 | C87: 103 | D87: Thay núm củ sen | F87: 50000 | G87: Khách chi
A88: 46225 | B88: S22 | C88: 103 | D88: Chũi cạo + sơn phòng | E88: 400000
A89: 46225 | B89: S22 | C89: 103 | D89: Sơn song sắt cửa sổ phòng ngủ + khách | E89: 100000 | F89: 115000
A90: 46226 | B90: T41 | D90: Thay bóng cảm ứng t4+t6 | F90: 240000
A91: 46226 | B91: S49 | C91: 502 | D91: Dọn phòng | E91: 150000
A92: 46226 | B92: S49 | C92: 502 | D92: Bắn lại tủ bếp trên | F92: 60000
A93: 46227 | B93: S5 | D93: Xử lý chập điện nhà xe | F93: 65000
A94: 46227 | B94: T45 | C94: 101 | D94: Vít lại chậu rửa mặt | F94: 30000
A95: 46227 | B95: T45 | C95: 101 | D95: Lắp giá đỡ vòi xịt | F95: 10000
A96: 46227 | B96: T45 | C96: 101 | D96: Xử lý thoát bệt chảy yếu | F96: 50000
A97: 46227 | B97: G12 | D97: Lắp hộp để đựng cục mạng và dây mạng | F97: 315000
A98: 46227 | B98: S45 | C98: 101 | D98: Dọn phòng | E98: 150000

Sheet A Ước 7.26
A1: TIMEHOUSE SỬA CHỮA THÁNG 7.26
A2: NGÀY | B2: TÒA | C2: MÃ PHÒNG | D2: NỘI DUNG SỬA CHỮA | E2: TIỀN CÔNG | F2: MUA VẬT TƯ | G2: GHI CHÚ
E3: =SUM(E4:E71) -> 3850000 | F3: =SUM(F4:F71) -> 10235000
A4: 46204 | B4: S30 | C4: 303 | D4: Dọn phòng | E4: 150000
A5: 46204 | B5: S21 | C5: 701 | D5: Chống thấm mái | F5: 85000
A6: 46205 | B6: S25A | C6: 601 | D6: Thay 1 bộ sen tường | F6: 350000
A7: 46205 | B7: S44 | C7: 403 | D7: Dọn phòng | E7: 150000
A8: 46205 | B8: S1 | C8: 202 | D8: Dọn phòng + Sơn nvs | E8: 200000
A9: 46205 | B9: S1 | C9: 202 | D9: Bắn keo lại tấm alu | F9: 55000
A10: 46206 | B10: S36 | C10: 401 | D10: Dọn phòng | E10: 150000
A11: 46206 | B11: S4 | C11: 303 | D11: Dọn phòng | E11: 200000
A12: 46206 | B12: S25A | C12: 102 | D12: Đi lại đường ống thoát nước | F12: 50000
A13: 46206 | B13: S2 | C13: 204 | D13: Dọn phòng | E13: 150000
A14: 46206 | B14: T15 | C14: 202 | D14: Dọn phòng | E14: 150000
A15: 46207 | B15: T15 | C15: 603 | D15: Dọn phòng | E15: 150000
A16: 46207 | B16: T15 | C16: 501 | D16: Dọn phòng | E16: 200000
A17: 46207 | B17: T15 | C17: 501 | D17: Sơn phòng | E17: 200000 | G17: 1/2 lấy ở T42
A18: 46207 | B18: T15 | C18: 501 | D18: Thay bát sen | F18: 40000
A19: 46208 | B19: S3 | C19: 102 | D19: Dọn phòng | E19: 150000
A20: 46208 | B20: S3 | C20: 102 | D20: Thay vòi gạt | F20: 45000
A21: 46208 | B21: S3 | C21: 202 | D21: Dọn phòng | E21: 150000
A22: 46208 | B22: S3 | C22: 202 | D22: Thay bát sen | F22: 40000
A23: 46208 | B23: S3 | C23: 103 | D23: Dọn phòng | E23: 150000
A24: 46208 | B24: S3 | C24: 103 | D24: Thay bát sen | F24: 40000
A25: 46208 | B25: S3 | C25: 203 | D25: Dọn phòng | E25: 200000
A26: 46208 | B26: S3 | C26: 203 | D26: Thay nút ấn bồn cầu | F26: 80000
A27: 46208 | B27: S3 | C27: 203 | D27: Thay bát sen | F27: 40000 | G27: Khách hết hd
A28: 46208 | B28: S3 | C28: 203 | D28: Tiền công | E28: 100000
A29: 46209 | B29: T14 | D29: Thay bóng điện hành lang , cầu thang 8 bóng | F29: 176000
A30: 46209 | B30: T15 | D30: Thay bóng điện hành lang 2 bóng | F30: 44000
A31: 46209 | B31: T37 | C31: 402 | D31: Thay dây cấp | F31: 25000
A32: 46207 | B32: VP | D32: Sửa cửa vp | F32: 480000
A33: 46207 | B33: VP | D33: Thay khóa cửa và bản lề lõi thép
A34: 46215 | B34: S7 | D34: Thay van cấp máy giặt | F34: 35000
A35: 46216 | B35: S3 | C35: 102 | D35: Thay dây cấp | F35: 35000
A36: 46217 | B36: S13 | D36: Thông tắc bể phốt | E36: 200000
A37: 46218 | B37: S13 | D37: Sửa bảng mạch máy giặt | F37: 200000
A38: 46218 | B38: S43 | D38: Thay bóng cầu thang | F38: 30000
A39: 46218 | B39: G13 | D39: Mua đồ làm ở G13
A40: 46218 | B40: G13 | D40: Chậu đơn 1 hố | F40: 950000
A41: 46218 | B41: G13 | D41: Vòi lạnh | F41: 600000
A42: 46218 | B42: G13 | D42: Dây cấp | F42: 125000
A43: 46218 | B43: G13 | D43: Tê lệch | F43: 75000
A44: 46218 | B44: G13 | D44: Kép | F44: 20000
A45: 46218 | B45: G13 | D45: BNL | F45: 1200000
A46: 46218 | B46: G13 | D46: Máy bơm áp | F46: 1100000
A47: 46218 | B47: G13 | D47: Dây cấp | F47: 100000
A48: 46218 | B48: G13 | D48: 2 bộ bát sen | F48: 160000
A49: 46218 | B49: G13 | D49: Sơn chống thấm | F49: 260000
A50: 46218 | B50: G13 | D50: Lắp bệt liền | F50: 350000
A51: 46219 | B51: G10 | D51: Bắn mái tôn + lắp máy giătk
A52: 46219 | B52: G10 | D52: Khoan rút lõi + lắp bàn bếp
A53: 46219 | B53: G10 | D53: Lắp chậu rửa mặt | E53: 1000000
B54: G10 | D54: Thay bóng điện cầu thang | F54: 30000
B55: G10 | D55: Thay phao téc | F55: 80000
B56: G10 | D56: Thay bóng đèn âm trần | F56: 65000
B57: G10 | D57: Thay át phòng | F57: 80000
B58: G10 | D58: Thay bơm | F58: 1600000
B59: G10 | D59: Thay rơle chống cạn | F59: 550000
B60: G10 | D60: Thay vòi chậu rửa | F60: 120000
B61: G10 | D61: Lắp thêm đồng hồ điện | F61: 160000
B62: G10 | D62: Thay phao bồn cầu | F62: 50000
B63: G10 | D63: Thay đồng hồ điện | F63: 160000
B64: G10 | D64: Dọn vs phòng | E64: 200000
B65: G10 | D65: Lắp đồng hồ điện | F65: 150000
B66: G10 | D66: Dây điện | F66: 40000
B67: G10 | D67: Thay lắp át | F67: 10000
B68: G10 | D68: Thay đồng hồ điện | F68: 150000
B69: G10 | D69: Sơn phòng | F69: 200000 | G69: 1 thùng lấy ở S3
B70: G10 | D70: Sơn ở T42 còn lại 2.5 thùng
B71: G10 | D71: Sơn ở S3 còn lại 2.5 thùng

Sheet LƯƠNG THÁNG 5
A12: BẢNG LƯƠNG THÁNG 5-A ĐIỆP
A13: TÊN | B13: MỨC LƯƠNG | C13: HỆ SỐ | D13: TỔNG | I13: BẢNG LƯƠNG THÁNG 5-A ƯỚC
A14: LƯƠNG CỨNG | B14: 7000000 | C14: 1 | D14: =B14*C14 -> 7000000 | I14: TÊN | J14: MỨC LƯƠNG | K14: HỆ SỐ | L14: TỔNG
A15: LƯƠNG THÂM NIÊN | B15: 2000000 | C15: 1 | D15: =B15*C15 -> 2000000 | I15: LƯƠNG CỨNG | J15: 7000000 | K15: 1 | L15: =J15*K15 -> 7000000
A16: TIỀN CÔNG ( THEO BẢNG KÊ) | B16: ='A Điệp 5.26'!E3 -> 7150000 | C16: 1 | D16: =B16*C16 -> 7150000 | I16: LƯƠNG THÂM NIÊN | J16: 2000000 | K16: 1 | L16: =J16*K16 -> 2000000
A17: HỖ TRỢ ĂN TRƯA | B17: 700000 | C17: 1 | D17: =B17*C17 -> 700000 | I17: TIỀN CÔNG ( THEO BẢNG KÊ) | J17: ='A Ước 5.26 '!E3 -> 7400000 | K17: 1 | L17: =J17*K17 -> 7400000
D18: =B18*C18 -> 0 | I18: HỖ TRỢ ĂN TRƯA | J18: 700000 | K18: 1 | L18: =J18*K18 -> 700000
D19: =B19*C19 -> 0
D20: =B20*C20 -> 0
A21: TỔNG | D21: =SUM(D14:D20) -> 16850000
L22: =J22*K22 -> 0
I23: TỔNG | L23: =SUM(L15:L22) -> 17100000
A24: BẢNG ỨNG CHI THÁNG 5- A ĐIỆP
A25: Ứng chi | B25: 8000000
A26: Chi thực tế | B26: ='A Điệp 5.26'!F3 -> 8003000 | I26: BẢNG ỨNG CHI THÁNG 5- A ƯỚC
A27: Tổng HT back lại | B27: =B26-B25 -> 3000 | I27: Ứng chi | J27: 5000000
I28: Chi thực tế | J28: ='A Ước 5.26 '!F3 -> 3248000
I29: Tổng HT back lại | J29: =J28-J27 -> -1752000
A34: BẢNG LƯƠNG THÁNG 5-TRƯỜNG
A35: TÊN | B35: MỨC LƯƠNG | C35: HỆ SỐ | D35: TỔNG
A36: LƯƠNG CỨNG | B36: 4000000 | C36: 1 | D36: =B36*C36 -> 4000000
A37: TIỀN CÔNG ( THEO BẢNG KÊ) | B37: 3400000 | C37: 1 | D37: =B37*C37 -> 3400000
D39: =B39*C39 -> 0
A41: TỔNG | D41: =SUM(D36:D40) -> 7400000
A44: BẢNG ỨNG CHI THÁNG 5- TRƯỜNG
A45: Ứng chi | B45: 3000000
A46: Chi thực tế | B46: 6468000
A47: Tổng HT back lại | B47: =B46-B45 -> 3468000

Sheet LƯƠNG THÁNG 6
A12: BẢNG LƯƠNG THÁNG 7-A ĐIỆP
A13: TÊN | B13: MỨC LƯƠNG | C13: HỆ SỐ | D13: TỔNG | I13: BẢNG LƯƠNG THÁNG 6-A ƯỚC
A14: LƯƠNG CỨNG | B14: 7000000 | C14: 1 | D14: =B14*C14 -> 7000000 | I14: TÊN | J14: MỨC LƯƠNG | K14: HỆ SỐ | L14: TỔNG
A15: LƯƠNG THÂM NIÊN | B15: 2000000 | C15: 1 | D15: =B15*C15 -> 2000000 | I15: LƯƠNG CỨNG | J15: 7000000 | K15: 1 | L15: =J15*K15 -> 7000000
A16: TIỀN CÔNG ( THEO BẢNG KÊ) | B16: ='A Điệp 6.26'!E3 -> 10300000 | C16: 1 | D16: =B16*C16 -> 10300000 | I16: LƯƠNG THÂM NIÊN | J16: 2000000 | K16: 1 | L16: =J16*K16 -> 2000000
A17: HỖ TRỢ ĂN TRƯA | B17: 700000 | C17: 1 | D17: =B17*C17 -> 700000 | I17: TIỀN CÔNG ( THEO BẢNG KÊ) | J17: ='A Ước 6.26'!E3 -> 7450000 | K17: 1 | L17: =J17*K17 -> 7450000
D18: =B18*C18 -> 0 | I18: HỖ TRỢ ĂN TRƯA | J18: 700000 | K18: 1 | L18: =J18*K18 -> 700000
D19: =B19*C19 -> 0
D20: =B20*C20 -> 0
A21: TỔNG | D21: =SUM(D14:D20) -> 20000000
L22: =J22*K22 -> 0
I23: TỔNG | L23: =SUM(L15:L22) -> 17150000
A24: BẢNG ỨNG CHI THÁNG 6- A ĐIỆP
A25: Ứng chi | B25: 8000000
A26: Chi thực tế | B26: 9186000 | I26: BẢNG ỨNG CHI THÁNG 6- A ƯỚC
A27: Tổng HT back lại | B27: =B26-B25 -> 1186000 | I27: Ứng chi | J27: 5000000
I28: Chi thực tế | J28: ='A Ước 6.26'!F3 -> 4265000
I29: Tổng HT back lại | J29: =J28-J27 -> -735000
A34: BẢNG LƯƠNG THÁNG 5-TRƯỜNG
A35: TÊN | B35: MỨC LƯƠNG | C35: HỆ SỐ | D35: TỔNG
A36: LƯƠNG CỨNG | B36: 4000000 | C36: 1 | D36: =B36*C36 -> 4000000
A37: TIỀN CÔNG ( THEO BẢNG KÊ) | B37: 1300000 | C37: 1 | D37: =B37*C37 -> 1300000
D39: =B39*C39 -> 0
A41: TỔNG | D41: =SUM(D36:D40) -> 5300000
A44: BẢNG ỨNG CHI THÁNG 5- TRƯỜNG
A45: Ứng chi | B45: 3000000
A46: Chi thực tế | B46: 2782000
A47: Tổng HT back lại | B47: =B46-B45 -> -218000

Sheet LƯƠNG THÁNG 7
A12: BẢNG LƯƠNG THÁNG 7-A ĐIỆP
A13: TÊN | B13: MỨC LƯƠNG | C13: HỆ SỐ | D13: TỔNG | I13: BẢNG LƯƠNG THÁNG 7-A ƯỚC
A14: LƯƠNG CỨNG | B14: 7500000 | C14: 1 | D14: =B14*C14 -> 7500000 | I14: TÊN | J14: MỨC LƯƠNG | K14: HỆ SỐ | L14: TỔNG
A15: LƯƠNG THÂM NIÊN | B15: 3000000 | C15: 1 | D15: =B15*C15 -> 3000000 | I15: LƯƠNG CỨNG | J15: 7500000 | K15: 1 | L15: =J15*K15 -> 7500000
A16: TIỀN CÔNG ( THEO BẢNG KÊ) | B16: ='A Điệp 7.26'!E3 -> 10000000 | C16: 1 | D16: =B16*C16 -> 10000000 | I16: LƯƠNG THÂM NIÊN | J16: 3000000 | K16: 1 | L16: =J16*K16 -> 3000000
A17: HỖ TRỢ ĂN TRƯA | B17: 700000 | C17: 1 | D17: =B17*C17 -> 700000 | I17: TIỀN CÔNG ( THEO BẢNG KÊ) | J17: ='A Ước 7.26'!E3 -> 3850000 | K17: 1 | L17: =J17*K17 -> 3850000
D18: =B18*C18 -> 0 | I18: HỖ TRỢ ĂN TRƯA | J18: 700000 | K18: 1 | L18: =J18*K18 -> 700000
D19: =B19*C19 -> 0
D20: =B20*C20 -> 0
A21: TỔNG | D21: =SUM(D14:D20) -> 21200000
L22: =J22*K22 -> 0
I23: TỔNG | L23: =SUM(L15:L22) -> 15050000
A24: BẢNG ỨNG CHI THÁNG 7- A ĐIỆP
A25: Ứng chi | B25: 8000000
A26: Chi thực tế | B26: ='A Điệp 7.26'!F3 -> 6278000 | I26: BẢNG ỨNG CHI THÁNG 7- A ƯỚC
A27: Tổng HT back lại | B27: =B26-B25 -> -1722000 | I27: Ứng chi | J27: 10000000
I28: Chi thực tế | J28: ='A Ước 7.26'!F3 -> 10235000
I29: Tổng HT back lại | J29: =J28-J27 -> 235000
A34: BẢNG LƯƠNG THÁNG 5-TRƯỜNG
A35: TÊN | B35: MỨC LƯƠNG | C35: HỆ SỐ | D35: TỔNG
A36: LƯƠNG CỨNG | B36: 4000000 | C36: 1 | D36: =B36*C36 -> 4000000
A37: TIỀN CÔNG ( THEO BẢNG KÊ) | B37: 1300000 | C37: 1 | D37: =B37*C37 -> 1300000
D39: =B39*C39 -> 0
A41: TỔNG | D41: =SUM(D36:D40) -> 5300000
A44: BẢNG ỨNG CHI THÁNG 5- TRƯỜNG
A45: Ứng chi | B45: 3000000
A46: Chi thực tế | B46: 2782000
A47: Tổng HT back lại | B47: =B46-B45 -> -218000

Sheet A Điệp 8.26
A1: TIMEHOUSE SỬA CHỮA THÁNG 8.26
A2: NGÀY | B2: TÒA | C2: MÃ PHÒNG | D2: NỘI DUNG SỬA CHỮA | E2: TIỀN CÔNG | F2: MUA VẬT TƯ | G2: ĐIỂM LẤY SƠN | H2: GHI CHÚ
E3: =SUM(E4:E101) -> 13300000 | F3: =SUM(F4:F101) -> 8231000
A4: 46229 | B4: T41 | C4: 203 | D4: Chống thấm 303 ngấm WC xuống 203 | E4: 150000 | F4: 115000
A5: 46229 | B5: T35 | C5: 102 | D5: Thay bát sen | F5: 40000 | I5: phòng phá hd
A6: 46230 | B6: T21 | C6: 404 | D6: Xử lý đứt dây thoát chậu rửa bát | F6: 15000
A7: 46231 | B7: S5 | C7: 303 | D7: Thay vòi rửa bát | F7: 150000 | H7: quản lý bank về ht
A8: 46231 | B8: T21 | D8: Dọn dẹp khu gầm cầu thang bộ, khu máy giặt + xử lý dây điện | E8: 100000
A9: 46232 | B9: S22 | C9: 304 | D9: Sơn + dọn phòng | E9: 250000 | G9: 1/2 thùng sơn lấy ở T25 | H9: Khách hết hd
A10: 46232 | B10: T45 | C10: 201 | D10: Cạo + Dũi + Sơn phòng | E10: 300000 | G10: 1thùng sơn chuyển từ vp( sơn chung với t44) | H10: DO THẤM
A11: 46233 | B11: S28 | C11: 402 | D11: Sơn phòng | E11: 300000 | G11: 1 thùng lấy ở G10 | H11: Khách hết hd
A12: 46233 | B12: S28 | C12: 402 | D12: Dọn phòng | E12: 200000
A13: 46233 | B13: S28 | C13: 303 | D13: Thay quạt thông gió WC | F13: 250000
A14: 46234 | B14: T18 | C14: 601 | D14: Thay chốt cửa WC | F14: 15000 | H14: lỗi do khasxch cũ trc nữa phá hd
A15: 46234 | B15: T18 | C15: 601 | D15: Thay nút ấn bồn cầu | F15: 100000 | H15: lỗi do khasxch cũ trc nữa phá hd
A16: 46235 | B16: T44 | C16: 302 | D16: Cạo + chũi + sơn phòng | E16: 300000 | G16: 1thùng sơn chuyển từ vp( sơn chung với t45
A17: 46235 | B17: T44 | C17: 302 | D17: Thay bát sen + đầu xịt | F17: 100000 | H17: Khách chi
A18: 46235 | B18: T44 | C18: 302 | D18: Thay bóng típ | F18: 100000
A19: 46235 | B19: T5 | C19: 202 | D19: Cạo + chũi + sơn phòng | E19: 300000 | G19: 1thùng lấy ở T21 | I19: phòng phá hd
A20: 46235 | B20: T5 | C20: 202 | D20: Dọn phòng | E20: 150000
A21: 46235 | B21: T5 | C21: 202 | D21: Thay giá đỡ vòi xịt | F21: 10000
A22: 46235 | B22: T5 | C22: 202 | D22: Thay tấm alu cửa tủ bếp | F22: 125000
A23: 46235 | B23: T5 | C23: 301 | D23: Sơn + dọn phòng | E23: 350000 | G23: 1/2 thùng sơn lấy ở T21 | I23: phòng phá hd
A24: 46235 | B24: S16 | D24: Thay nắp bể ngầm | F24: 55000 | H24: Keo silicon
A25: 46235 | B25: T21 | D25: Sửa cổng ra vào thay ổ bi | F25: 115000
A26: 46236 | B26: S12 | C26: 308 | D26: Dọn phòng | E26: 300000 | H26: Khách chi
A27: 46236 | B27: S12 | C27: 308 | D27: Thay bóng típ | E27: 100000 | H27: Khách chi
A28: 46236 | B28: S12 | C28: 308 | D28: Xử lý trần nhựa WC | F28: 25000
A29: 46236 | B29: T18 | C29: 402 | D29: Sơn phòng | E29: 300000 | G29: 1/2 thùng sơn lấy ở T21 | H29: Khách hết hd
A30: 46236 | B30: T18 | C30: 402 | D30: Dọn phòng | E30: 400000 | H30: Khách hết hd
A31: 46236 | B31: T18 | C31: 402 | D31: Thay nút ấn bồn cầu | E31: 200000 | H31: Khách hết hd
A32: 46236 | B32: T18 | C32: 402 | D32: Thay dây bát sen | E32: 200000 | H32: Khách hết hd
A33: 46237 | B33: S21 | C33: 801 | D33: Dọn phòng | E33: 150000
A34: 46237 | B34: S27 | C34: 501 | D34: Dọn phòng | E34: 150000 | H34: kh phá hd
A35: 46237 | B35: S27 | C35: 501 | D35: Sơn phòng | E35: 100000 | G35: 1/3 thùng sơn lấy ở T42 | H35: kh phá hd
A36: 46237 | B36: S27 | C36: 501 | D36: Bắn lại tủ bếp bát _ sửa giường | F36: 100000 | H36: kh phá hd
A37: 46238 | B37: T28 | C37: 603 | D37: Sơn + dọn phòng | E37: 450000 | G37: 1/2 thùng sơn T28 | H37: kh phá hd
A38: 46238 | B38: T28 | C38: 603 | D38: Sửa cửa WC | F38: 25000 | H38: kh phá hd
A39: 46238 | B39: T28 | C39: 502 | D39: Dọn phòng + lắp giường | E39: 150000 | H39: kh phá hd
A40: 46238 | B40: T28 | C40: 502 | D40: Sơn song sắt cửa sổ | E40: 50000 | F40: 80000 | H40: kh phá hd
A41: 46238 | B41: T28 | C41: 303 | D41: Dọn phòng | E41: 200000 | H41: kh phá hd
A42: 46238 | B42: T28 | C42: 303 | D42: Sơn phòng | E42: 300000 | G42: 1/2 thùng sơn T28 | H42: kh phá hd
A43: 46238 | B43: T28 | C43: 303 | D43: Thay dây bát sen | F43: 80000 | H43: kh phá hd
A44: 46238 | B44: T28 | C44: 303 | D44: Sửa cửa ban công xệ | F44: 25000 | H44: kh phá hd
A45: 46238 | B45: S38 | D45: Xử lý mất nước | F45: 160000
A46: 46238 | B46: T25 | C46: 401 | D46: Sơn + dọn phòng | E46: 300000 | G46: 1/2 thùng sơn T25 | H46: kh phá hd
A47: 46239 | B47: G8 | D47: Chạy đường thoát nước đh cả tòa 20p | E47: 1500000 | F47: 867000
A48: 46241 | B48: G8 | C48: 103 | D48: Khoan rút lõi + lắp chậu rửa | E48: 200000 | F48: 248000
A49: 46241 | B49: G8 | C49: 405 | D49: Khoan rút lõi + lắp chậu rửa | E49: 200000 | F49: 248000
A50: 46241 | B50: G8 | C50: 401 | D50: Sơn phòng + Lắp giường | E50: 400000 | G50: 1/2 thùng sơn phòng G8
A51: 46242 | B51: G9 | C51: 101 | D51: Lắp cấp thoát nước chậm rửa bát | E51: 150000 | F51: 70000
A52: 46243 | B52: G9 | D52: Lắp đặt đồng hồ điện WC chung tầng 2 + 3 + 4 + 5 | E52: 400000 | F52: 840000
A53: 46243 | B53: T18 | C53: 403 | D53: Dọn phòng | E53: 200000 | H53: kh phá hd
A54: 46243 | B54: T18 | C54: 403 | D54: Sơn phòng | E54: 300000 | G54: 1/2 thùng sơn T21 | H54: kh phá hd
A55: 46243 | B55: T18 | C55: 403 | D55: Thay phao + Cọc xả bệt | F55: 120000 | H55: kh phá hd
A56: 46243 | B56: T18 | C56: 403 | D56: Thay nút ấn vòi sen | F56: 50000 | H56: kh phá hd
A57: 46243 | B57: T18 | C57: 403 | D57: Thay xi phông thoát bồn rửa mặt | F57: 30000 | H57: kh phá hd
A58: 46243 | B58: G5 | C58: 103 | D58: Thay bộ thoát nước chậu rửa bát | F58: 90000
A59: 46243 | B59: G5 | C59: 502 | D59: Dọn phòng | E59: 200000 | H59: kh phá hd
A60: 46243 | B60: G5 | C60: 504 | D60: Dọn phòng | E60: 300000 | H60: kh phá hd
A61: 46243 | B61: S5 | D61: Thay bóng điện hành lang tầng 5 | F61: 25000
A62: 46243 | B62: S5 | D62: Xử lý mất điện mạng cả tòa | F62: 75000
A63: 46244 | B63: T11 | C63: 402 | D63: Sơn phòng | E63: 300000 | G63: 1 thùng lấy ở T21 | H63: lỗi do khách cũ
A64: 46244 | B64: S40 | D64: Thay bóng điện phòng máy giặt | F64: 35000
A65: 46244 | B65: T18 | D65: Thay van ở bể ngầm | F65: 33000
A66: 46244 | B66: T18 | D66: Tít keo silicon ở bể ngầm | F66: 55000
A67: 46245 | B67: S28 | C67: 303 | D67: Sơn chống thấm bức tường bị ngấm nước mưa giữa 2 nhà | E67: 200000 | F67: 950000 | G67: mua ngoài | H67: sơn chống thấm
A68: 46245 | B68: T25 | C68: 203 | D68: Chạy thêm 2 ổ điện để cắm bếp từ + tủ lạnh | F68: 215000
A69: 46245 | B69: T25 | C69: 203 | D69: Lát lại gạch nền nhà bị bung | E69: 300000 | F69: 225000
A70: 46246 | B70: S50 | D70: Thay át tổng 3 pha | F70: 600000
A71: 46247 | B71: T24 | C71: 601 | D71: Sửa chập điện | F71: 95000
A72: 46247 | B72: T38 | C72: 304 | D72: lắp gương | F72: 120000 | H72: kh phá hd
A73: 46247 | B73: T38 | C73: 304 | D73: Lắp chậu rửa mặt | F73: 395000 | H73: kh phá hd
A74: 46247 | B74: T38 | C74: 304 | D74: Lắp giá để đồ trước gương | E74: 200000 | F74: 100000 | H74: kh phá hd
A75: 46247 | B75: T38 | C75: 304 | D75: Lắp dây vòi xịt | F75: 95000 | H75: kh phá hd
A76: 46247 | B76: T38 | C76: 304 | D76: Thay dây sen + giá cài sen | F76: 50000 | H76: kh phá hd
A77: 46248 | B77: S45 | D77: Sửa mất nước | F77: 80000
A78: 46248 | B78: T33 | C78: 404 | D78: Gắn lại bồn cầu bị bung | H78: kh phá hd
A79: 46248 | B79: T33 | C79: 404 | D79: Nát lại gạch nền nhà vệ sinh bị bung vỡ | E79: 200000 | F79: 65000 | H79: kh phá hd
A80: 46249 | B80: S45 | C80: 101 | D80: Lắp thêm ổ điện bàn bếp | F80: 70000
A81: 46249 | B81: S45 | D81: Sửa máy giặt thay van cấp | F81: 150000
A82: 46252 | B82: G12 | C82: 102 | D82: Thông tắc chậu rửa mặt | F82: 55000 | H82: tắc do xi măng
A83: 46252 | B83: G12 | D83: Xử lý bồn cầu thoát chậu nước | F83: 50000
A84: 46252 | B84: S5 | C84: 203 | D84: Xử lý bồn cầu rỉ nước | F84: 125000 | H84: kh phá hd
A85: 46252 | B85: S28 | C85: 304 | D85: Bắn alu chắn ô thoáng cửa sổ + ô vệ sinh | E85: 100000 | F85: 115000
A86: 46253 | B86: T41 | C86: 301 | D86: Dọn phòng | E86: 200000 | H86: Khách hết hd
A87: 46253 | B87: T41 | C87: 301 | D87: Sơn phòng | E87: 200000 | G87: 1/3 thùng sơn lấy ở T41 | H87: Khách hết hd | I87: do bị thấm
A88: 46253 | B88: T41 | C88: 301 | D88: Thay xi phông chậu rửa | E88: 50000 | H88: Khách hết hd
A89: 46253 | B89: T41 | C89: 201 | D89: Thay giá cài xịt | F89: 10000
A90: 46254 | B90: T25 | C90: 504 | D90: Dọn phòng | E90: 200000 | H90: Khách hết hd
A91: 46255 | B91: T20 | C91: 403 | D91: Cạo + Chũi + Sơn phòng | E91: 350000 | G91: 1/2 thùng sơn lấy ở T21 | H91: ht chi do bị thấm
A92: 46257 | B92: S4 | C92: 201 | D92: Thay bát sen, dây cấp chậu rửa mặt | F92: 70000 | H92: kh phá hd
A93: 46257 | B93: S39 | C93: 404 | D93: Dọn phòng | E93: 300000 | H93: tháng 9
A94: 46258 | B94: T3 | C94: 601 | D94: Sơn phòng | E94: 300000 | G94: 1 thùng lấy ở T21 | H94: do bị thấm
A95: 46258 | B95: S5 | C95: 203 | D95: Thay át phòng | F95: 55000 | H95: kh phá hd
A96: 46259 | B96: S48B | C96: 401 | D96: Thay hạt công tắc | F96: 15000
A97: 46259 | B97: S37A | C97: 403 | D97: Tít keo bồn rửa bát | F97: 55000 | H97: kh phá hd
A98: 46259 | B98: T24 | C98: 202 | D98: Sơn phòng | E98: 300000 | G98: 1 thùng lấy ở T21 | H98: Khách hết hợp đồng | I98: do thấm thu được kh 100k
A99: 46259 | B99: T24 | C99: 202 | D99: Dọn phòng | E99: 200000 | H99: Khách hết hợp đồng
A100: 46259 | B100: T24 | C100: 202 | D100: Thay xi phông bồn rửa mặt | E100: 100000 | H100: Khách hết hợp đồng
...

Sheet A Ước 8.26
A1: TIMEHOUSE SỬA CHỮA THÁNG 8.26
A2: NGÀY | B2: TÒA | C2: MÃ PHÒNG | D2: NỘI DUNG SỬA CHỮA | E2: TIỀN CÔNG | F2: MUA VẬT TƯ | G2: ĐIỂM LẤY SƠN | H2: GHI CHÚ
E3: =SUM(E4:E141) -> 10050000 | F3: =SUM(F4:F141) -> 13750000
A4: 46219 | B4: S27 | D4: Thay phao téc | F4: 80000
A5: 46219 | B5: G5 | C5: 501 | D5: Thay bóng đèn âm trần | F5: 65000 | H5: ql bank về ht
A6: 46223 | B6: S19B | C6: 401 | D6: Thay át phòng | F6: 80000
A7: 46225 | B7: S27 | D7: Thay bơm | F7: 1600000
A8: 46225 | B8: S27 | D8: Thay rơ le chống cạn | F8: 550000
A9: 46225 | B9: T42 | C9: 102 | D9: Thay vòi chậu rửa | F9: 120000 | H9: do ban đầu chưa sửa
A10: 46225 | B10: G3 | C10: 301 | D10: Lắp thêm đho điện | F10: 160000
A11: 46225 | B11: S21 | C11: 701 | D11: Thay phao bồn cầu | F11: 50000
A12: 46225 | B12: S26 | C12: 301 | D12: Thay đho điện | F12: 160000
A13: 46226 | B13: S19A | C13: 502 | D13: Dọn vệ sinh phòng | E13: 200000 | H13: kh phá hd
A14: 46228 | B14: S15 | C14: 101 | D14: Lắp đho điện | F14: 150000
A15: 46228 | B15: S15 | C15: 101 | D15: Dây điện | F15: 40000
A16: 46229 | B16: T42 | C16: 207 | D16: Thay lắp át | F16: 10000
A17: 46229 | B17: S17 | C17: 302 | D17: Thay đho điện | F17: 150000
A18: 46229 | B18: S4 | C18: 201 | D18: Sơn phòng | F18: 200000 | G18: 1 thùng sơn lấy ở S3 | I18: kh phá hd
A19: 46235 | B19: T42 | C19: 606 | D19: Sơn phòng | E19: 300000 | G19: 1/2 thùng lấy ở T42
A20: 46235 | B20: T42 | C20: 606 | D20: Dọn vệ sinh phòng | E20: 200000 | H20: Khách
A21: 46235 | B21: T42 | C21: 606 | D21: Thay bóng đèn và sửa chữa | E21: 100000
A22: 46235 | B22: T42 | C22: 104 | D22: Thông tắc sàn nhà vệ sinh | E22: 200000 | H22: do thiết kế của nhà
A23: 46235 | B23: S18 | D23: Thông tắc giếng trời và chạy lại đường ống | E23: 200000
A24: 46236 | B24: T42 | C24: 208+204 | D24: Sơn chỗ bị thấm | G24: 1/2 thùng lấy ở T42
A25: 46237 | B25: S20 | C25: 401 | D25: Sơn phòng | E25: 200000 | G25: 1/2 thùng lấy ở T42 | I25: bị thấm
A26: 46237 | B26: S20 | C26: 401 | D26: Dọn vệ sinh phòng | E26: 200000
A27: 46237 | B27: S19C | C27: 401 | D27: Sơn phòng | E27: 200000 | G27: 1/2 thùng lấy ở T42
A28: 46237 | B28: S27 | C28: 501 | D28: Thay 1 bộ vòi xịt | F28: 100000 | H28: kh phá hd
A29: 46238 | B29: T42 | D29: Thay dây thoát máy giặt | F29: 20000
A30: 46238 | B30: T37 | C30: 603 | D30: Thay bóng đèn trần | E30: 50000 | F30: 65000 | H30: Khách
A31: 46238 | B31: T27 | C31: 302 | D31: Thay 1 bộ bóng típ | F31: 65000
A32: 46238 | B32: T27 | C32: 302 | D32: Sửa cửa + thang | E32: 200000 | H32: Khách
A33: 46238 | B33: T27 | C33: 302 | D33: Thông thoát sàn
A34: 46238 | B34: S30 | C34: 403 | D34: Sơn phòng | E34: 200000 | G34: 1 thùng lấy S3
A35: 46238 | B35: S30 | C35: 403 | D35: Dọn vệ sinh phòng | E35: 400000
A36: 46239 | B36: T42 | C36: 201 | D36: Dọn vệ sinh phòng | E36: 200000 | H36: kh phá hd
A37: 46239 | B37: S10 | C37: 202 | D37: Sơn phòng | E37: 250000 | G37: 1 thùng lấy S3
A38: 46239 | B38: S10 | C38: 202 | D38: Dọn vệ sinh phòng | E38: 400000
A39: 46239 | B39: S19B | C39: Tầng 5 | D39: Thay át 3 pha | F39: 200000
A40: 46241 | B40: S2 | C40: 506 | D40: Thay tụ quạt và ốp gạch bếp | E40: 150000 | H40: Khách
A41: 46241 | B41: S9B | C41: 403 | D41: Dọn vệ sinh phòng và sửa chữa | E41: 200000 | H41: kh phá hd
A42: 46241 | B42: G4 | C42: 304 | D42: Dọn vệ sinh phòng | E42: 150000 | H42: kh phá hd
A43: 46241 | B43: S9B | C43: 403 | D43: Thay bóng típ | F43: 80000 | H43: kh phá hd
A44: 46241 | B44: S9B | C44: 403 | D44: Thay bóng tròn | F44: 30000 | H44: kh phá hd
A45: 46241 | B45: S9B | C45: 403 | D45: Thay 1 bộ tay cửa kéo | F45: 50000 | H45: kh phá hd
A46: 46241 | B46: S9B | C46: 403 | D46: Thay sen cửa sổ | F46: 30000 | H46: kh phá hd
A47: 46243 | B47: S9B | C47: 301 | D47: Thay gương | F47: 120000
A48: 46243 | B48: S9B | C48: 301 | D48: Kệ gương | F48: 100000
A49: 46243 | B49: S9B | C49: 301 | D49: Nắp bệt | F49: 80000
A50: 46243 | B50: S9B | C50: 301 | D50: Bát sen | F50: 50000
A51: 46243 | B51: S9B | C51: 301 | D51: Giá vắt khăn mặt | F51: 45000
A52: 46244 | B52: S9B | C52: 204 | D52: Thay gương | F52: 120000
A53: 46303 | B53: S9B | C53: 204 | D53: Giá vắt khăn mặt | F53: 45000
A54: 46244 | B54: S9B | C54: 204 | D54: Kệ kính | F54: 100000
A55: 46244 | B55: G4 | C55: 101 | D55: Chạy lại đường điện | H55: chủ nhà hỗ trợ 50%
A56: 46244 | B56: G4 | C56: 101 | D56: Dây điện | F56: 255000
A57: 46244 | B57: G4 | C57: 101 | D57: Át tô mát | F57: 60000
A58: 46244 | B58: G4 | C58: 101 | D58: Ống ren | F58: 75000
A59: 46244 | B59: S9B | C59: 402 | D59: Thay bát đỡ chậu | F59: 20000 | H59: cũ quá
A60: 46244 | B60: S9B | C60: 402 | D60: Thay dây cấp | F60: 25000
A61: 46247 | B61: S38 | C61: 101 | D61: Sơn phòng | E61: 200000 | G61: a kiên lấy từ vp
A62: 46247 | B62: S38 | C62: 101 | D62: Dọn vệ sinh phòng | E62: 300000
A63: 46247 | B63: S38 | C63: 101 | D63: Thay 1 bộ bát sen | F63: 80000 | H63: Khách
A64: 46247 | B64: S38 | C64: 101 | D64: Thay 1 vòi gạt | E64: 100000 | F64: 40000
A65: 46247 | B65: S21 | D65: Thay phao téc | F65: 120000
A66: 46249 | B66: S35 | D66: Thay phao téc | F66: 120000
A67: 46249 | B67: T15 | C67: 501 | D67: Thay quạt trần | F67: 800000 | H67: cháy quạt
A68: 46249 | B68: T42 | D68: Thay tấm lưới inox cửa cổng | F68: 500000
A69: 46249 | B69: S34 | C69: 101 | D69: Thay vòi chậu | F69: 160000 | H69: kh ở 1 tháng , lỗi do khách phá hd
A70: 46249 | B70: S34 | C70: 101 | D70: Thay dây cấp | F70: 30000
A71: 46250 | B71: S21 | D71: Thay phao bể ngầm | F71: 160000
A72: 46250 | B72: T24 | D72: Chạy lại đường điện ở sân thượng | F72: 120000
A73: 46250 | B73: S34 | D73: Thay bơm | F73: 1250000
A74: 46250 | B74: S34 | D74: Zắc co ren ngoài | F74: 326000
A75: 46250 | B75: S34 | D75: Nơ 20-26 | F75: 40000
A76: 46250 | B76: S34 | D76: Mang sông 25 | F76: 21000
A77: 46250 | B77: S34 | D77: Cút 25 | F77: 15000
A78: 46250 | B78: S34 | D78: Ống 25 | F78: 33000
A79: 46250 | B79: S34 | D79: Băng tan | F79: 10000
A80: 46250 | B80: S34 | D80: Chõ bơm | F80: 60000
A81: 46251 | B81: S45 | C81: 301 | D81: Thay đho nước | F81: 135000
A82: 46252 | B82: T24 | C82: Tầng 2 | D82: Thay át tổng | F82: 80000
A83: 46252 | B83: T10 | C83: 201 | D83: Sơn phòng | E83: 250000 | G83: 1/2 thùng sơn lấy ở S3
A84: 46252 | B84: T10 | C84: 201 | D84: Dọn phòng | E84: 300000
A85: 46254 | B85: S29 | D85: Thay phao téc | F85: 80000
A86: 46254 | B86: S18 | C86: 504 | D86: Thay chống giật | F86: 120000 | H86: kh phá hf
A87: 46254 | B87: S18 | C87: 504 | D87: Thay át phòng | F87: 40000 | H87: kh phá hd
A88: 46254 | B88: S18 | C88: 504 | D88: Thay thanh magie | F88: 20000 | H88: kh phá hd
A89: 46254 | B89: T22 | C89: 401 | D89: Thay ổ điện đôi | F89: 45000
A90: 46256 | B90: S19C | D90: Dọn phòng | E90: 200000
A91: 46256 | B91: S19C | D91: Thay 1 bộ bát sen | F91: 80000
A92: 46256 | B92: S19C | D92: Hàn cửa + Sửa chữa | E92: 100000
A93: 46256 | B93: S9B | C93: 301 | D93: Thay ống chậu rửa | F93: 20000
A94: 46256 | B94: S32 | C94: 202 | D94: Dọn phòng chủ nhà làm chống thấm | E94: 200000
A95: 46257 | B95: T14 | C95: 101 | D95: Lắp hút mùi | F95: 230000 | I95: THÁNG 9
A96: 46257 | B96: S27 | C96: 402 | D96: Lắp đồng hồ nước | F96: 140000
A97: 46257 | B97: S27 | C97: 402 | D97: Mang sông ren trong | F97: 100000
A98: 46258 | B98: G1 | C98: 304 | D98: Sửa tủ | E98: 100000 | H98: Khách chi
A99: 46260 | B99: S13 | D99: Sửa 2 máy giặt | F99: 100000
A100: 46261 | B100: G10 | C100: 501 | D100: Lắp đặt chậu rửa | F100: 190000
...

Sheet LƯƠNG THÁNG 8
A12: BẢNG LƯƠNG THÁNG 8-A ĐIỆP
A13: TÊN | B13: MỨC LƯƠNG | C13: HỆ SỐ | D13: TỔNG | I13: BẢNG LƯƠNG THÁNG 8-A ƯỚC
A14: LƯƠNG CỨNG | B14: 7500000 | C14: 1 | D14: =B14*C14 -> 7500000 | I14: TÊN | J14: MỨC LƯƠNG | K14: HỆ SỐ | L14: TỔNG
A15: LƯƠNG THÂM NIÊN | B15: 3000000 | C15: 1 | D15: =B15*C15 -> 3000000 | I15: LƯƠNG CỨNG | J15: 7500000 | K15: 1 | L15: =J15*K15 -> 7500000
A16: TIỀN CÔNG ( THEO BẢNG KÊ) | B16: ='A Điệp 8.26'!E3 -> 13300000 | C16: 1 | D16: =B16*C16 -> 13300000 | I16: LƯƠNG THÂM NIÊN | J16: 3000000 | K16: 1 | L16: =J16*K16 -> 3000000
A17: HỖ TRỢ ĂN TRƯA | B17: 700000 | C17: 1 | D17: =B17*C17 -> 700000 | I17: TIỀN CÔNG ( THEO BẢNG KÊ) | J17: ='A Ước 8.26'!E3 -> 10050000 | K17: 1 | L17: =J17*K17 -> 10050000
D18: =B18*C18 -> 0 | I18: HỖ TRỢ ĂN TRƯA | J18: 700000 | K18: 1 | L18: =J18*K18 -> 700000
D19: =B19*C19 -> 0
D20: =B20*C20 -> 0
A21: TỔNG | D21: =SUM(D14:D20) -> 24500000
L22: =J22*K22 -> 0
I23: TỔNG | L23: =SUM(L15:L22) -> 21250000
A24: BẢNG ỨNG CHI THÁNG 8- A ĐIỆP
A25: Ứng chi | B25: 10000000
A26: Chi thực tế | B26: ='A Điệp 8.26'!F3 -> 8231000 | I26: BẢNG ỨNG CHI THÁNG 8- A ƯỚC
A27: Tổng HT back lại | B27: =B26-B25 -> -1769000 | I27: Ứng chi | J27: =5000000+3000000+2000000 -> 10000000
I28: Chi thực tế | J28: ='A Ước 8.26'!F3 -> 13750000
I29: Tổng HT back lại | J29: =J28-J27 -> 3750000
A34: BẢNG LƯƠNG THÁNG 5-TRƯỜNG
A35: TÊN | B35: MỨC LƯƠNG | C35: HỆ SỐ | D35: TỔNG
A36: LƯƠNG CỨNG | B36: 4000000 | C36: 1 | D36: =B36*C36 -> 4000000
A37: TIỀN CÔNG ( THEO BẢNG KÊ) | B37: 1300000 | C37: 1 | D37: =B37*C37 -> 1300000
D39: =B39*C39 -> 0
A41: TỔNG | D41: =SUM(D36:D40) -> 5300000
A44: BẢNG ỨNG CHI THÁNG 5- TRƯỜNG
A45: Ứng chi | B45: 3000000
A46: Chi thực tế | B46: 2782000
A47: Tổng HT back lại | B47: =B46-B45 -> -218000
