Workbook

Sheet ĐẦU TƯ BAN ĐẦU
A1: Thu Chi từ 1/10/2025 đến ngày 30/11/2025
D2: TỔNG | E2: =SUM(E4:E38) -> 38862000
A3: Tài khoản | B3: STT | C3: Ngày | D3: Diễn giải | E3: CHI | F3: Thu- Chi | G3: Tòa | H3: Phòng
D4: lắp máy bơm áp sân thượng | E4: 1175000
D5: điều hòa và vật tư lắp tầng 6 | E5: 5355000
D6: thạch cao ngăn phòng tầng 6 | E6: 3200000
D7: 2 tủ lạnh aqua | E7: 5000000
D8: rèm G1 | E8: 4782000
D9: tủ bếp trên | E9: 12600000
D10: 1 máy giặt aqua 8kg | E10: 4150000
D11: 1 bộ giường tủ P604 | E11: 2600000

Sheet THU CHI BAN ĐẦU
A1: Thu Chi từ 1/1/2026 đến ngày 31/1/2026
D2: TỔNG | E2: =SUM(E4:E143) -> 2.6990635e+08 | F2: =SUM(F4:F175) -> 104919000 | G2: =F2-E2 -> -1.6498735e+08
A3: Tài khoản | B3: STT | C3: Ngày | D3: Diễn giải | E3: CHI | F3: Thu | G3: Thu-Chi | H3: Toà | I3: Phòng | K3: TÒA G1 | L3: Chung 10% | M3: Hằng 20% | N3: Tùng 15% | O3: Ngọc 5% | P3: Mạnh 15% | Q3: Hào 10% | R3: A điệp 5% | S3: Lâm 10% | T3: Huy anh 10%
D4: Tiền nhà tháng | E4: =132000000-4000000 -> 128000000 | K4: chía CP G1 | L4: =10%*G2 -> -16498735 | M4: =20%*G2 -> -32997470 | N4: =15%*G2 -> -24748102 | O4: =5%*G2 -> -8249367.4 | P4: =15%*G2 -> -24748102 | Q4: =10%*G2 -> -16498735 | R4: =5%*G2 -> -8249367.4 | S4: =10%*G2 -> -16498735 | T4: =10%*G2 -> -16498735 | U4: =SUM(L4:T4) -> -1.6498735e+08
D5: Tiền cọc | E5: =46000000+2000000 -> 48000000 | K5: Đã đóng | L5: 23040000 | M5: 46080000 | N5: 34560000 | O5: 11520000 | P5: 34560000 | Q5: 23040000 | R5: 11520000 | S5: 23040000 | T5: 23040000 | U5: =SUM(L5:T5) -> 230400000
D6: Phí môi giới | E6: =6200000+8200000 -> 14400000 | K6: Thực nhận | L6: =L5+L4 -> 6541265.2 | M6: =M5+M4 -> 13082530 | N6: =N5+N4 -> 9811897.8 | O6: =O5+O4 -> 3270632.6 | P6: =P5+P4 -> 9811897.8 | Q6: =Q5+Q4 -> 6541265.2 | R6: =R5+R4 -> 3270632.6 | S6: =S5+S4 -> 6541265.2 | T6: =T5+T4 -> 6541265.2 | U6: =SUM(L6:T6) -> 65412652
D7: Điện | E7: 0
D8: Nước | E8: 0
D9: mạng 6th | E9: 3000000
D10: Lương quản lý | E10: 1500000
D11: Lương quản lý tổng | E11: =(10000000/1204)*15 -> 124584.72
D12: Lương TPVH | E12: =(10000000/1204)*15+7000*15 -> 229584.72
D13: Lương phó phòng vận hành | E13: =(8000000/1204)*15+5000*15 -> 174667.77
D14: Lương NVKD | E14: =(SUM('[3]THÁNG 1'!$Y$132/1204)*15) -> 356264.38
D15: Lương vệ sinh | E15: 550000
D16: Lương kế toán | E16: =10000*15+10000+(2000000/1204)*15 -> 184916.94
D17: Lương sửa chữa | E17: =(22000000/1204)*15 -> 274086.38
D18: Lương bảo vệ | E18: 0
D19: Thuê và dv vp | E19: =('[4]THÁNG 1.26 '!$B$19/1204)*15 -> 576124.46
D20: Phí marketing | E20: =('[4]THÁNG 1.26 '!$F$10/1204)*15 -> 55118.571
D21: Lương hỗ trợ quản lý | E21: 0
D22: Công mở mới kĩ thuật | E22: 0
D23: HH 101G1 | E23: 1800000
D24: HH 201G1 | E24: 0
D25: HH 202G1 | E25: 1900000
D26: HH 203G1 | E26: 1900000
D27: HH 301G1 | E27: 1950000
D28: HH 302G1 | E28: 1900000
D29: HH 303G1 | E29: 2000000
D30: HH 304G1 | E30: 2050000
D31: HH 401G1 | E31: 1950000
D32: HH 402G1 | E32: =975000*2 -> 1950000
D33: HH 403G1 | E33: 1950000
D34: HH 404G1 | E34: 1950000
D35: HH 601G1 | E35: =3800000/2 -> 1900000
D36: HH 603G1 | E36: 1500000
D37: HH 604G1 | E37: 1750000
D38: vật tư lắp máy giặt sân thượng | E38: 356000
D39: lắp máy bơm áp sân thượng | E39: 1175000
D40: lắp át nhà vệ sinh chung tầng 6 | E40: 60000
D41: điều hòa và vật tư lắp tầng 6 | E41: 5355000
D42: 2 chan giac cam dau nong lanh tang 6 G1 | E42: 50000
D43: Phí ship cây décor | E43: 34000
D44: chổi lau | E44: 120000
D45: móc treo tranh | E45: 24000
D46: thạch cao ngăn phòng tầng 6 | E46: 3200000
D47: 15 model | E47: 2550000
... D55: bàn phấn | E55: 2100000
D56: bảng biển | E56: =1125000+120000 -> 1245000
D57: Thu hóa đơn tháng 1 | F57: ='HD T1.26'!AT4 -> 104919000

Sheet HD T1.26
A1: 0 | B1: 2 | C1: 3 | D1: 1 | E1: 5 | F1: 6 | G1: 7 | H1: 8 | J1: 10 | K1: 11 | M1: 13 | N1: 14 | O1: 15 | P1: 16 | Q1: 17 | R1: 18 | S1: 19 | T1: 20 | U1: 21 | V1: 22 | W1: 23 | X1: 24 | Y1: 25 | Z1: 26 | AA1: 27 | AB1: 28 | AC1: 29 | AD1: 30 | AE1: 31 | AF1: 32 | AG1: 33 | AH1: 34 | AI1: 35 | AJ1: 36 | AK1: 37 | AL1: 38 | AM1: 39 | AN1: 40 | AO1: 41 | AP1: 42 | AQ1: 43 | AR1: 44 | AS1: 45 | AT1: 46 | AX1: 48 | BW1: 49 | BX1: 50 | BY1: 51 | BZ1: 52 | CA1: 53 | CB1: 54 | CC1: 55
A2: Mã | B2: Tòa | C2: Phòng | D2: Quản lý | E2: Kỳ TT | F2: Giá Niêm yết | G2: Giá QL | H2: Gía phòng hiện tại | I2: CỌC | J2: Ngày ở | K2: Ngày DV | L2: Nợ Cũ | M2: Thu khác | N2: Số người | O2: Điện | T2: Nước | Y2: VỆ SINH | AB2: MẠNG | AE2: THANG MÁY | AH2: XE ĐIỆN | AK2: Máy giặt | AN2: DV khác | AQ2: Tổng DV | AR2: Tổng cần đóng | AS2: Ghi Chú Hóa đơn | AT2: Tổng đã đóng | AU2: Tình trạng | AV2: CÔNG NỢ | AW2: ĐIỆN PHÁ HĐ THU ĐƯỢC | AX2: NƯỚC PHÁ HĐ THU ĐƯỢC | AY2: ĐIỆN PHÒNG TRỐNG | BD2: ĐIỆN PHÒNG HẾT HĐ | BI2: NƯỚC PHÒNG HẾT HĐ | BO2: Khách mới tháng 7 | BT2: Hoàn cọc khách hết HĐ | BW2: Điện vệ sinh chung
F3: =SUM(F5:F642) -> 60800000 | G3: =SUM(G5:G642) -> 52900000 | H3: =SUM(H5:H642) -> 43796774 | I3: =SUBTOTAL(109,I5:I642) -> 52900000 | L3: =SUM(L5:L642) -> 0 | M3: =SUM(M5:M642) -> 0 | N3: =SUM(N5:N642) -> 23 | O3: =SUM(O5:O642) -> 5 | P3: =SUM(P5:P642) -> 5 | Q3: =SUM(Q5:Q642) -> 0 | R3: =SUM(R5:R642) -> 531900 | S3: =SUM(S5:S642) -> 0 | ... AP3: =SUM(AP5:AP642) -> 2760000 | AY3: =SUM(AY5:AY641) -> 215 | AZ3: =SUM(AZ5:AZ641) -> 239 | BA3: =SUM(BA5:BA641) -> 24 | BC3: =SUM(BC5:BC641) -> 151200 | BD3: =SUM(BD5:BD641) -> 65594 | BE3: =SUM(BE5:BE641) -> 66713 | BF3: =SUM(BF5:BF641) -> 1119 | BH3: =SUM(BH5:BH641) -> 3965400 | BI3: =SUM(BI5:BI641) -> 1856 | BJ3: =SUM(BJ5:BJ641) -> 883 | BK3: =SUM(BK5:BK641) -> -973 | BL3: =SUM(BL5:BL641) -> 120000 | BM3: =SUM(BM5:BM641) -> -29400000 | BN3: =SUM(BN5:BN641) -> 210000
C4: =COUNT(C5:C642) -> 15 | O4: CS cu | P4: Cs moi | Q4: SL | R4: Đơn giá | S4: Thành tiền | T4: CS cu | U4: CS moi | V4: SL | W4: Đơn giá | X4: Thành tiền | Y4: SL | Z4: Đơn giá | AA4: Thành tiền | AB4: SL | AC4: Đơn giá | AD4: Thành tiền | AE4: SL | AF4: Đơn giá | AG4: Thành tiền | AH4: SL | AI4: Đơn giá | AJ4: Thành tiền | AK4: SL | AL4: Đơn giá | AM4: Thành tiền | AN4: SL | AO4: Đơn giá | AP4: Thành tiền | AQ4: =SUM(AQ5:AQ641) -> 7417741.9 | AR4: =SUBTOTAL(109,AR5:AR641) -> 1.0411452e+08 | AS4: =SUBTOTAL(109,AS5:AS641) -> 0 | AT4: =SUBTOTAL(109,AT5:AT641) -> 104919000 | AV4: =AT4-AR4 -> 804483.87 | AW4: =SUM(AW5:AW116) -> 0 | AX4: =SUM(AX5:AX116) -> 0 | AY4: CS CŨ | AZ4: CS MỚI | BA4: SỐ LƯỢNG | BB4: ĐƠN GIÁ | BC4: THÀNH TIỀN | BD4: CS CŨ | BE4: CS MÓI | BF4: SỐ LƯỢNG | BG4: ĐƠN GIÁ | BH4: THÀNH TIỀN | BI4: CS CŨ | BJ4: CS MỚI | BK4: SL | BL4: ĐƠN GIÁ | BN4: THÀNH TIỀN | BO4: Cọc | BP4: ND và ngày ck | BQ4: Tiền nhà | BR4: ND và ngày ck | BS4: GHI CHÚ | BT4: Khấu Hao | BU4: Vệ sinh | BV4: Sửa chữa | BW4: CS cũ | BX4: CS mới | BY4: SL | BZ4: Đơn giá | CA4: Thành tiền | CB4: số người sử dụng | CC4: số tiền mỗi người phải đóng
A5: 101G1 | B5: G1 | C5: 101 | D5: Đỗ Thanh Hương | E5: 1 | F5: 3600000 | G5: 3600000 | H5: 3600000 | I5: 3600000 | J5: 30 | K5: 30 | N5: 1 | O5: 5 | P5: 5 | Q5: =P5-O5 -> 0 | R5: 4000 | S5: =Q5*R5 -> 0 | V5: 1 | W5: 120000 | X5: =V5*W5 -> 120000 | AB5: 1 | AC5: 100000 | AD5: =AB5*AC5 -> 100000 | AE5: 1 | AF5: 60000 | AG5: =AE5*AF5 -> 60000 | AN5: 1 | AO5: 120000 | AP5: =AN5*AO5 -> 120000 | AQ5: =(SUM(S5,X5,AA5,AD5,AG5,AJ5,AM5,AP5)) -> 400000 | AR5: =AQ5+H5*E5+I5+L5+M5 -> 7600000 | AS5: kh mới 1/1 chốt giá 3tr6 | AT5: =3600000+1000000+3000000 -> 7600000 | AU5: =IF(AND(AR5>0,AT5=0),"Chưa TT",IF(AT5-AR5>0,"Thừa",IF(AND(AR5=0,AT5=0),"Trống",IF(AND(AT5>0,AR5=0),"Đóng cọc",IF(AT5-AR5<0,"Thiếu",IF(AT5-AR5=0,"Đủ",0)))))) -> Đủ | AV5: =AT5-AR5 -> 0
A6: 201G1 | B6: G1 | C6: 201 | D6: Đỗ Thanh Hương | E6: 1 | F6: 4200000 | J6: 30 | K6: 30 | Q6: =P6-O6 -> 0 | R6: 4000 | S6: =Q6*R6 -> 0 | W6: 35000 | X6: =V6*W6 -> 0 | AC6: 100000 | AD6: =AB6*AC6 -> 0 | AF6: 50000 | AG6: =AE6*AF6 -> 0 | AP6: =AN6*AO6 -> 0 | AQ6: =(SUM(S6,X6,AA6,AD6,AG6,AJ6,AM6,AP6)/30)*21 -> 0 | AR6: =AQ6+H6*E6+I6+L6+M6 -> 0 | AS6: trống | AU6: =IF(AND(AR6>0,AT6=0),"Chưa TT",IF(AT6-AR6>0,"Thừa",IF(AND(AR6=0,AT6=0),"Trống",IF(AND(AT6>0,AR6=0),"Đóng cọc",IF(AT6-AR6<0,"Thiếu",IF(AT6-AR6=0,"Đủ",0)))))) -> Trống | AV6: =AT6-AR6 -> 0 | BW6: 1935 | BX6: 1967 | BY6: =BX6-BW6 -> 32 | BZ6: 3800 | CA6: =BY6*BZ6 -> 121600 | CC6: =CA6/3 -> 40533.333
A7: 202G1 | B7: G1 | C7: 202 | D7: Đỗ Thanh Hương | E7: 1 | F7: 4000000 | G7: 3800000 | H7: 3800000 | I7: 3800000 | J7: 30 | K7: 30 | N7: 1 | Q7: =P7-O7 -> 0 | R7: 4000 | S7: =Q7*R7 -> 0 | V7: 1 | W7: 120000 | X7: =V7*W7 -> 120000 | AB7: 1 | AC7: 100000 | AD7: =AB7*AC7 -> 100000 | AE7: 1 | AF7: 60000 | AG7: =AE7*AF7 -> 60000 | AM7: =AK7*AL7 -> 0 | AN7: 1 | AO7: 120000 | AP7: =AN7*AO7 -> 120000 | AQ7: =SUM(S7,X7,AA7,AD7,AG7,AJ7,AM7,AP7) -> 400000 | AR7: =AQ7+H7*E7+I7+L7+M7 -> 8000000 | AS7: kh mới 1/1 chốt giá 3tr8 | AT7: =4200000+3800000 -> 8000000 | AU7: =IF(AND(AR7>0,AT7=0),"Chưa TT",IF(AT7-AR7>0,"Thừa",IF(AND(AR7=0,AT7=0),"Trống",IF(AND(AT7>0,AR7=0),"Đóng cọc",IF(AT7-AR7<0,"Thiếu",IF(AT7-AR7=0,"Đủ",0)))))) -> Đủ | AV7: =AT7-AR7 -> 0 | BW7: 1935 | BX7: 1967 | BY7: =BX7-BW7 -> 32 | BZ7: 3800 | CA7: =BY7*BZ7 -> 121600 | CC7: =CA7/3 -> 40533.333
A8: 203G1 | B8: G1 | C8: 203 | D8: Đỗ Thanh Hương | E8: 1 | F8: 4300000 | G8: 3800000 | H8: =(3800000/31)*13 -> 1593548.4 | I8: 3800000 | J8: 30 | K8: 30 | N8: 1 | Q8: =P8-O8 -> 0 | R8: 4000 | S8: =Q8*R8 -> 0 | V8: 1 | W8: 120000 | X8: =V8*W8 -> 120000 | AC8: 100000 | AD8: =AB8*AC8 -> 0 | AE8: 1 | AF8: 60000 | AG8: =AE8*AF8 -> 60000 | AN8: 1 | AO8: 120000 | AP8: =AN8*AO8 -> 120000 | AQ8: =(SUM(S8,X8,AA8,AD8,AG8,AJ8,AM8,AP8)/31)*13 -> 125806.45 | AR8: =AQ8+H8*E8+I8+L8+M8 -> 5519354.8 | AS8: kh mới 19/1 chốt giá 3tr8 | AT8: =3800000+1694000 -> 5494000 | AU8: =IF(AND(AR8>0,AT8=0),"Chưa TT",IF(AT8-AR8>0,"Thừa",IF(AND(AR8=0,AT8=0),"Trống",IF(AND(AT8>0,AR8=0),"Đóng cọc",IF(AT8-AR8<0,"Thiếu",IF(AT8-AR8=0,"Đủ",0)))))) -> Thiếu | AV8: =AT8-AR8 -> -25354.839 | BW8: 144 | BX8: 209 | BY8: =BX8-BW8 -> 65 | BZ8: 3800 | CA8: =BY8*BZ8 -> 247000 | CC8: =CA8/3 -> 82333.333
A9: 301G1 | B9: G1 | C9: 301 | D9: Đỗ Thanh Hương | E9: 1 | F9: 4200000 | G9: 3900000 | H9: =(3900000/31)*15 -> 1887096.8 | I9: 3900000 | J9: 30 | K9: 30 | N9: 1 | Q9: =P9-O9 -> 0 | R9: 4000 | S9: =Q9*R9 -> 0 | V9: 1 | W9: 120000 | X9: =V9*W9 -> 120000 | AB9: 1 | AC9: 100000 | AD9: =AB9*AC9 -> 100000 | AE9: 1 | AF9: 60000 | AG9: =AE9*AF9 -> 60000 | AH9: 1 | AI9: 150000 | AJ9: =AH9*AI9 -> 150000 | AN9: 1 | AO9: 120000 | AP9: =AN9*AO9 -> 120000 | AQ9: =(SUM(S9,X9,AA9,AD9,AG9,AJ9,AM9,AP9)/31)*15 -> 266129.03 | AR9: =AQ9+H9*E9+I9+L9+M9 -> 6053225.8 | AS9: kh mo 17/1 chot gia 3tr9 | AT9: 6053000 | AU9: =IF(AND(AR9>0,AT9=0),"Chưa TT",IF(AT9-AR9>0,"Thừa",IF(AND(AR9=0,AT9=0),"Trống",IF(AND(AT9>0,AR9=0),"Đóng cọc",IF(AT9-AR9<0,"Thiếu",IF(AT9-AR9=0,"Đủ",0)))))) -> Thiếu | AV9: =AT9-AR9 -> -225.80645 | BW9: 144 | BX9: 209 | BY9: =BX9-BW9 -> 65 | BZ9: 3800 | CA9: =BY9*BZ9 -> 247000 | CC9: =CA9/3 -> 82333.333
A10: 302G1 | B10: G1 | C10: 302 | D10: Đỗ Thanh Hương | E10: 1 | F10: 4000000 | G10: 3800000 | H10: 3800000 | I10: 3800000 | J10: 30 | K10: 30 | N10: 2 | Q10: =P10-O10 -> 0 | R10: 4000 | S10: =Q10*R10 -> 0 | V10: 2 | W10: 120000 | X10: =V10*W10 -> 240000 | AB10: 1 | AC10: 100000 | AD10: =AB10*AC10 -> 100000 | AE10: 2 | AF10: 60000 | AG10: =AE10*AF10 -> 120000 | AN10: 2 | AO10: 120000 | AP10: =AN10*AO10 -> 240000 | AQ10: =(SUM(S10,X10,AA10,AD10,AG10,AJ10,AM10,AP10)) -> 700000 | AR10: =AQ10+H10*E10+I10+L10+M10 -> 8300000 | AS10: kh mới 1/1 chốt giá 3tr8 | AT10: 8300000 | AU10: =IF(AND(AR10>0,AT10=0),"Chưa TT",IF(AT10-AR10>0,"Thừa",IF(AND(AR10=0,AT10=0),"Trống",IF(AND(AT10>0,AR10=0),"Đóng cọc",IF(AT10-AR10<0,"Thiếu",IF(AT10-AR10=0,"Đủ",0)))))) -> Đủ | AV10: =AT10-AR10 -> 0 | BW10: 144 | BX10: 209 | BY10: =BX10-BW10 -> 65 | BZ10: 3800 | CA10: =BY10*BZ10 -> 247000 | CC10: =CA10/3 -> 82333.333
A11: 303G1 | B11: G1 | C11: 303 | D11: Đỗ Thanh Hương | E11: 1 | F11: 4300000 | G11: 4000000 | H11: 4000000 | I11: 4000000 | J11: 30 | K11: 30 | N11: 3 | Q11: =P11-O11 -> 0 | R11: 4200 | S11: =Q11*R11 -> 0 | V11: 3 | W11: 120000 | X11: =V11*W11 -> 360000 | AA11: =Y11*Z11 -> 0 | AC11: 100000 | AD11: =AB11*AC11 -> 0 | AE11: 3 | AF11: 60000 | AG11: =AE11*AF11 -> 180000 | AN11: 3 | AO11: 120000 | AP11: =AN11*AO11 -> 360000 | AQ11: =SUM(S11,X11,AA11,AD11,AG11,AJ11,AM11,AP11) -> 900000 | AR11: =AQ11+H11*E11+I11+L11+M11 -> 8900000 | AS11: kh mới 1/1 chốt giá 4tr, 500k tiền mặt 30/12 | AT11: =2000000+500000+4400000+2000000 -> 8900000 | AU11: =IF(AND(AR11>0,AT11=0),"Chưa TT",IF(AT11-AR11>0,"Thừa",IF(AND(AR11=0,AT11=0),"Trống",IF(AND(AT11>0,AR11=0),"Đóng cọc",IF(AT11-AR11<0,"Thiếu",IF(AT11-AR11=0,"Đủ",0)))))) -> Đủ | AV11: =AT11-AR11 -> 0
A12: 304G1 | B12: G1 | C12: 304 | D12: Đỗ Thanh Hương | E12: 1 | F12: 4400000 | G12: 4100000 | H12: 4100000 | I12: 4100000 | J12: 30 | K12: 30 | N12: 2 | Q12: =P12-O12 -> 0 | R12: 4000 | S12: =Q12*R12 -> 0 | V12: 2 | W12: 120000 | X12: =V12*W12 -> 240000 | AA12: =Y12*Z12 -> 0 | AB12: 1 | AC12: 100000 | AD12: =AB12*AC12 -> 100000 | AE12: 2 | AF12: 60000 | AG12: =AE12*AF12 -> 120000 | AN12: 2 | AO12: 120000 | AP12: =AN12*AO12 -> 240000 | AQ12: =SUM(S12,X12,AA12,AD12,AG12,AJ12,AM12,AP12) -> 700000 | AR12: =AQ12+H12*E12+I12+L12+M12 -> 8900000 | AS12: kh mới 1/1 chốt giá 4tr1 | AT12: =4800000+4100000 -> 8900000 | AU12: =IF(AND(AR12>0,AT12=0),"Chưa TT",IF(AT12-AR12>0,"Thừa",IF(AND(AR12=0,AT12=0),"Trống",IF(AND(AT12>0,AR12=0),"Đóng cọc",IF(AT12-AR12<0,"Thiếu",IF(AT12-AR12=0,"Đủ",0)))))) -> Đủ | AV12: =AT12-AR12 -> 0
A13: 401G1 | B13: G1 | C13: 401 | D13: Đỗ Thanh Hương | E13: 1 | F13: 4200000 | G13: 3900000 | H13: =(3900000/31)*21 -> 2641935.5 | I13: 3900000 | J13: 30 | K13: 30 | N13: 2 | Q13: =P13-O13 -> 0 | R13: 4000 | V13: 2 | W13: 120000 | X13: =V13*W13 -> 240000 | AB13: 1 | AC13: 100000 | AD13: =AB13*AC13 -> 100000 | AE13: 2 | AF13: 60000 | AG13: =AE13*AF13 -> 120000 | AN13: 2 | AO13: 120000 | AP13: =AN13*AO13 -> 240000 | AQ13: =(SUM(S13,X13,AA13,AD13,AG13,AJ13,AM13,AP13)/31)*21 -> 474193.55 | AR13: =AQ13+H13*E13+I13+L13+M13 -> 7016129 | AS13: kh mới 11.1 chốt giá 3tr9 | AT13: =3900000+3464000 -> 7364000 | AU13: =IF(AND(AR13>0,AT13=0),"Chưa TT",IF(AT13-AR13>0,"Thừa",IF(AND(AR13=0,AT13=0),"Trống",IF(AND(AT13>0,AR13=0),"Đóng cọc",IF(AT13-AR13<0,"Thiếu",IF(AT13-AR13=0,"Đủ",0)))))) -> Thừa | AV13: =AT13-AR13 -> 347870.97
A14: 402G1 | B14: G1 | C14: 402 | D14: Đỗ Thanh Hương | E14: 1 | F14: 4000000 | G14: 3900000 | H14: 3900000 | I14: 3900000 | J14: 30 | K14: 30 | N14: 2 | Q14: =P14-O14 -> 0 | R14: 4000 | V14: 2 | W14: 120000 | X14: =V14*W14 -> 240000 | AB14: 1 | AC14: 100000 | AD14: =AB14*AC14 -> 100000 | AE14: 2 | AF14: 60000 | AG14: =AE14*AF14 -> 120000 | AH14: 1 | AI14: 400000 | AJ14: =AH14*AI14 -> 400000 | AN14: 2 | AO14: 120000 | AP14: =AN14*AO14 -> 240000 | AQ14: =(SUM(S14,X14,AA14,AD14,AG14,AJ14,AM14,AP14)) -> 1100000 | AR14: =AQ14+H14*E14+I14+L14+M14 -> 8900000 | AS14: kh mới 1/1 chốt giá 3tr9 | AT14: =5000000+900000+3000000 -> 8900000 | AU14: =IF(AND(AR14>0,AT14=0),"Chưa TT",IF(AT14-AR14>0,"Thừa",IF(AND(AR14=0,AT14=0),"Trống",IF(AND(AT14>0,AR14=0),"Đóng cọc",IF(AT14-AR14<0,"Thiếu",IF(AT14-AR14=0,"Đủ",0)))))) -> Đủ | AV14: =AT14-AR14 -> 0
A15: 403G1 | B15: G1 | C15: 403 | D15: Đỗ Thanh Hương | E15: 1 | F15: 4300000 | G15: 3900000 | H15: =(3900000/31)*13 -> 1635483.9 | I15: 3900000 | J15: 30 | K15: 30 | N15: 2 | Q15: =P15-O15 -> 0 | R15: 4000 | V15: 2 | W15: 120000 | X15: =V15*W15 -> 240000 | AB15: 1 | AC15: 100000 | AD15: =AB15*AC15 -> 100000 | AE15: 2 | AF15: 60000 | AG15: =AE15*AF15 -> 120000 | AN15: 2 | AO15: 120000 | AP15: =AN15*AO15 -> 240000 | AQ15: =((SUM(S15,X15,AA15,AD15,AG15,AJ15,AM15,AP15))/31)*13 -> 293548.39 | AR15: =AQ15+H15*E15+I15+L15+M15 -> 5829032.3 | AS15: kh moi 19/1 chot gia 3tr9 | AT15: =2000000+4212000 -> 6212000 | AU15: =IF(AND(AR15>0,AT15=0),"Chưa TT",IF(AT15-AR15>0,"Thừa",IF(AND(AR15=0,AT15=0),"Trống",IF(AND(AT15>0,AR15=0),"Đóng cọc",IF(AT15-AR15<0,"Thiếu",IF(AT15-AR15=0,"Đủ",0)))))) -> Thừa | AV15: =AT15-AR15 -> 382967.74
A16: 404G1 | B16: G1 | C16: 404 | D16: Đỗ Thanh Hương | E16: 1 | F16: 4400000 | G16: 3900000 | H16: =(3900000/31)*27 -> 3396774.2 | I16: 3900000 | J16: 30 | K16: 30 | N16: 1 | Q16: =P16-O16 -> 0 | R16: 4000 | V16: 1 | W16: 120000 | X16: =V16*W16 -> 120000 | AB16: 1 | AC16: 100000 | AD16: =AB16*AC16 -> 100000 | AE16: 1 | AF16: 60000 | AG16: =AE16*AF16 -> 60000 | AN16: 1 | AO16: 120000 | AP16: =AN16*AO16 -> 120000 | AQ16: =(SUM(S16,X16,AA16,AD16,AG16,AJ16,AM16,AP16)/31)*27 -> 348387.1 | AR16: =AQ16+H16*E16+I16+L16+M16 -> 7645161.3 | AS16: kh mới 5/1 chốt giá 3tr9 | AT16: =2900000+1000000+3845000 -> 7745000 | AU16: =IF(AND(AR16>0,AT16=0),"Chưa TT",IF(AT16-AR16>0,"Thừa",IF(AND(AR16=0,AT16=0),"Trống",IF(AND(AT16>0,AR16=0),"Đóng cọc",IF(AT16-AR16<0,"Thiếu",IF(AT16-AR16=0,"Đủ",0)))))) -> Thừa | AV16: =AT16-AR16 -> 99838.71
A17: 601G1 | B17: G1 | C17: 601 | D17: Đỗ Thanh Hương | E17: 1 | F17: 4100000 | G17: 3800000 | H17: =(3800000/31)*24 -> 2941935.5 | I17: 3800000 | J17: 30 | K17: 30 | N17: 1 | Q17: =P17-O17 -> 0 | R17: 4000 | V17: 1 | W17: 120000 | X17: =V17*W17 -> 120000 | AB17: 1 | AC17: 100000 | AD17: =AB17*AC17 -> 100000 | AE17: 1 | AF17: 60000 | AG17: =AE17*AF17 -> 60000 | AN17: 1 | AO17: 120000 | AP17: =AN17*AO17 -> 120000 | AQ17: =((SUM(S17,X17,AA17,AD17,AG17,AJ17,AM17,AP17))/31)*24 -> 309677.42 | AR17: =AQ17+H17*E17+I17+L17+M17 -> 7051612.9 | AS17: kh mới 8.1 chốt giá3tr8 | AT17: =2000000+5051000 -> 7051000 | AU17: =IF(AND(AR17>0,AT17=0),"Chưa TT",IF(AT17-AR17>0,"Thừa",IF(AND(AR17=0,AT17=0),"Trống",IF(AND(AT17>0,AR17=0),"Đóng cọc",IF(AT17-AR17<0,"Thiếu",IF(AT17-AR17=0,"Đủ",0)))))) -> Thiếu | AV17: =AT17-AR17 -> -612.90323
A18: 603G1 | B18: G1 | C18: 603 | D18: Đỗ Thanh Hương | E18: 1 | F18: 3300000 | G18: 3000000 | H18: 3000000 | I18: 3000000 | J18: 30 | K18: 30 | N18: 2 | Q18: =P18-O18 -> 0 | R18: 4000 | V18: 2 | W18: 120000 | X18: =V18*W18 -> 240000 | AA18: =Y18*Z18 -> 0 | AB18: 1 | AC18: 100000 | AD18: =AB18*AC18 -> 100000 | AE18: 2 | AF18: 60000 | AG18: =AE18*AF18 -> 120000 | AN18: 2 | AO18: 120000 | AP18: =AN18*AO18 -> 240000 | AQ18: =SUM(S18,X18,AA18,AD18,AG18,AJ18,AM18,AP18) -> 700000 | AR18: =AQ18+H18*E18+I18+L18+M18 -> 6700000 | AS18: kh mới 1/1 chốt giá 3tr | AT18: =2500000+3700000+500000 -> 6700000 | AU18: =IF(AND(AR18>0,AT18=0),"Chưa TT",IF(AT18-AR18>0,"Thừa",IF(AND(AR18=0,AT18=0),"Trống",IF(AND(AT18>0,AR18=0),"Đóng cọc",IF(AT18-AR18<0,"Thiếu",IF(AT18-AR18=0,"Đủ",0)))))) -> Đủ | AV18: =AT18-AR18 -> 0
A19: 604G1 | B19: G1 | C19: 604 | D19: Đỗ Thanh Hương | E19: 1 | F19: 3500000 | G19: 3500000 | H19: 3500000 | I19: 3500000 | J19: 30 | K19: 30 | N19: 2 | Q19: =P19-O19 -> 0 | R19: 4000 | V19: 2 | W19: 120000 | X19: =V19*W19 -> 240000 | AB19: 1 | AC19: 100000 | AD19: =AB19*AC19 -> 100000 | AE19: 2 | AF19: 60000 | AG19: =AE19*AF19 -> 120000 | AN19: 2 | AO19: 120000 | AP19: =AN19*AO19 -> 240000 | AQ19: =(SUM(S19,X19,AA19,AD19,AG19,AJ19,AM19,AP19)) -> 700000 | AR19: =AQ19+H19*E19+I19+L19+M19 -> 7700000 | AS19: kh mới 1/1 chốt giá 3tr5 | AT19: =5700000+2000000 -> 7700000 | AU19: =IF(AND(AR19>0,AT19=0),"Chưa TT",IF(AT19-AR19>0,"Thừa",IF(AND(AR19=0,AT19=0),"Trống",IF(AND(AT19>0,AR19=0),"Đóng cọc",IF(AT19-AR19<0,"Thiếu",IF(AT19-AR19=0,"Đủ",0)))))) -> Đủ | AV19: =AT19-AR19 -> 0
D20: Đỗ Thanh Hương | E20: 1 | J20: 30 | K20: 30 | R20: 4000 | W20: 35000 | X20: =V20*W20 -> 0 | AC20: 100000 | AD20: =AB20*AC20 -> 0 | AF20: 50000 | AG20: =AE20*AF20 -> 0 | AP20: =AN20*AO20 -> 0 | AQ20: =(SUM(S20,X20,AA20,AD20,AG20,AJ20,AM20,AP20)/31)*31 -> 0 | AR20: =AQ20+H20*E20+I20+L20+M20 -> 0 | AU20: =IF(AND(AR20>0,AT20=0),"Chưa TT",IF(AT20-AR20>0,"Thừa",IF(AND(AR20=0,AT20=0),"Trống",IF(AND(AT20>0,AR20=0),"Đóng cọc",IF(AT20-AR20<0,"Thiếu",IF(AT20-AR20=0,"Đủ",0)))))) -> Trống | AV20: =AT20-AR20 -> 0
D21: Đỗ Thanh Hương | E21: 1 | J21: 30 | K21: 30 | R21: 4000 | W21: 35000 | X21: =V21*W21 -> 0 | AC21: 100000 | AD21: =AB21*AC21 -> 0 | AF21: 50000 | AG21: =AE21*AF21 -> 0 | AP21: =AN21*AO21 -> 0 | AQ21: =(SUM(S21,X21,AA21,AD21,AG21,AJ21,AM21,AP21)/31)*31 -> 0 | AR21: =AQ21+H21*E21+I21+L21+M21 -> 0 | AU21: =IF(AND(AR21>0,AT21=0),"Chưa TT",IF(AT21-AR21>0,"Thừa",IF(AND(AR21=0,AT21=0),"Trống",IF(AND(AT21>0,AR21=0),"Đóng cọc",IF(AT21-AR21<0,"Thiếu",IF(AT21-AR21=0,"Đủ",0)))))) -> Trống | AV21: =AT21-AR21 -> 0
D22: Đỗ Thanh Hương | E22: 1 | J22: 30 | K22: 30 | R22: 4000 | W22: 35000 | X22: =V22*W22 -> 0 | AC22: 100000 | AD22: =AB22*AC22 -> 0 | AF22: 50000 | AG22: =AE22*AF22 -> 0 | AP22: =AN22*AO22 -> 0 | AQ22: =(SUM(S22,X22,AA22,AD22,AG22,AJ22,AM22,AP22)) -> 0 | AR22: =AQ22+H22*E22+I22+L22+M22 -> 0 | AU22: =IF(AND(AR22>0,AT22=0),"Chưa TT",IF(AT22-AR22>0,"Thừa",IF(AND(AR22=0,AT22=0),"Trống",IF(AND(AT22>0,AR22=0),"Đóng cọc",IF(AT22-AR22<0,"Thiếu",IF(AT22-AR22=0,"Đủ",0)))))) -> Trống | AV22: =AT22-AR22 -> 0
D23: Đỗ Thanh Hương | E23: 1 | J23: 30 | K23: 30 | Q23: =P23-O23 -> 0 | R23: 4000 | S23: =Q23*R23 -> 0 | W23: 35000 | X23: =V23*W23 -> 0 | Z23: 30000 | AA23: =Y23*Z23 -> 0 | AC23: 100000 | AD23: =AC23*AB23 -> 0 | AF23: 50000 | AG23: =AE23*AF23 -> 0 | AP23: =AN23*AO23 -> 0 | AQ23: =((SUM(S23,X23,AA23,AD23,AG23,AJ23,AM23,AP23)/30)*21) -> 0 | AR23: =AQ23+H23*E23+I23+L23+M23 -> 0 | AU23: =IF(AND(AR23>0,AT23=0),"Chưa TT",IF(AT23-AR23>0,"Thừa",IF(AND(AR23=0,AT23=0),"Trống",IF(AND(AT23>0,AR23=0),"Đóng cọc",IF(AT23-AR23<0,"Thiếu",IF(AT23-AR23=0,"Đủ",0)))))) -> Trống | AV23: =AT23-AR23 -> 0
D24: Đỗ Thanh Hương | E24: 1 | J24: 30 | K24: 30 | Q24: =P24-O24 -> 0 | R24: 4000 | S24: =Q24*R24 -> 0 | W24: 35000 | X24: =V24*W24 -> 0 | Z24: 30000 | AA24: =Y24*Z24 -> 0 | AC24: 100000 | AD24: =AC24*AB24 -> 0 | AF24: 50000 | AG24: =AE24*AF24 -> 0 | AP24: =AN24*AO24 -> 0 | AQ24: =(SUM(S24,X24,AA24,AD24,AG24,AJ24,AM24,AP24)/30)*19 -> 0 | AR24: =AQ24+H24*E24+I24+L24+M24 -> 0 | AU24: =IF(AND(AR24>0,AT24=0),"Chưa TT",IF(AT24-AR24>0,"Thừa",IF(AND(AR24=0,AT24=0),"Trống",IF(AND(AT24>0,AR24=0),"Đóng cọc",IF(AT24-AR24<0,"Thiếu",IF(AT24-AR24=0,"Đủ",0)))))) -> Trống | AV24: =AT24-AR24 -> 0
D25: Đỗ Thanh Hương | E25: 1 | J25: 30 | K25: 30 | Q25: =P25-O25 -> 0 | R25: 4000 | S25: =Q25*R25 -> 0 | W25: 35000 | X25: =V25*W25 -> 0 | Z25: 30000 | AA25: =Y25*Z25 -> 0 | AC25: 100000 | AD25: =AC25*AB25 -> 0 | AF25: 50000 | AG25: =AE25*AF25 -> 0 | AP25: =AN25*AO25 -> 0 | AQ25: =(SUM(S25,X25,AA25,AD25,AG25,AJ25,AM25,AP25)/30)*26 -> 0 | AR25: =AQ25+H25*E25+I25+L25+M25 -> 0 | AU25: =IF(AND(AR25>0,AT25=0),"Chưa TT",IF(AT25-AR25>0,"Thừa",IF(AND(AR25=0,AT25=0),"Trống",IF(AND(AT25>0,AR25=0),"Đóng cọc",IF(AT25-AR25<0,"Thiếu",IF(AT25-AR25=0,"Đủ",0)))))) -> Trống | AV25: =AT25-AR25 -> 0
D26: Đỗ Thanh Hương | E26: 1 | J26: 30 | K26: 30 | Q26: =P26-O26 -> 0 | R26: 4000 | S26: =Q26*R26 -> 0 | W26: 35000 | X26: =V26*W26 -> 0 | Z26: 30000 | AA26: =Y26*Z26 -> 0 | AC26: 100000 | AD26: =AC26*AB26 -> 0 | AF26: 50000 | AG26: =AE26*AF26 -> 0 | AQ26: =(SUM(S26,X26,AA26,AD26,AG26,AJ26,AM26,AP26)) -> 0 | AR26: =AQ26+H26*E26+I26+L26+M26 -> 0 | AU26: =IF(AND(AR26>0,AT26=0),"Chưa TT",IF(AT26-AR26>0,"Thừa",IF(AND(AR26=0,AT26=0),"Trống",IF(AND(AT26>0,AR26=0),"Đóng cọc",IF(AT26-AR26<0,"Thiếu",IF(AT26-AR26=0,"Đủ",0)))))) -> Trống | AV26: =AT26-AR26 -> 0
D27: Đỗ Thanh Hương | E27: 1 | J27: 30 | K27: 30 | Q27: =P27-O27 -> 0 | R27: 4000 | S27: =Q27*R27 -> 0 | X27: =V27*W27 -> 0 | Z27: 30000 | AA27: =Y27*Z27 -> 0 | AC27: 100000 | AD27: =AC27*AB27 -> 0 | AF27: 50000 | AG27: =AE27*AF27 -> 0 | AQ27: =(SUM(S27,X27,AA27,AD27,AG27,AJ27,AM27,AP27)/31)*14 -> 0 | AR27: =AQ27+H27*E27+I27+L27+M27 -> 0 | AU27: =IF(AND(AR27>0,AT27=0),"Chưa TT",IF(AT27-AR27>0,"Thừa",IF(AND(AR27=0,AT27=0),"Trống",IF(AND(AT27>0,AR27=0),"Đóng cọc",IF(AT27-AR27<0,"Thiếu",IF(AT27-AR27=0,"Đủ",0)))))) -> Trống | AV27: =AT27-AR27 -> 0
D28: Đỗ Thanh Hương | E28: 1 | J28: 30 | K28: 30 | Q28: =P28-O28 -> 0 | R28: 4000 | S28: =Q28*R28 -> 0 | X28: =V28*W28 -> 0 | Z28: 30000 | AA28: =Y28*Z28 -> 0 | AC28: 100000 | AD28: =AC28*AB28 -> 0 | AP28: =AN28*AO28 -> 0 | AQ28: =(SUM(S28,X28,AA28,AD28,AG28,AJ28,AM28,AP28)/31)*16 -> 0 | AR28: =AQ28+H28*E28+I28+L28+M28 -> 0 | AU28: =IF(AND(AR28>0,AT28=0),"Chưa TT",IF(AT28-AR28>0,"Thừa",IF(AND(AR28=0,AT28=0),"Trống",IF(AND(AT28>0,AR28=0),"Đóng cọc",IF(AT28-AR28<0,"Thiếu",IF(AT28-AR28=0,"Đủ",0)))))) -> Trống | AV28: =AT28-AR28 -> 0
D29: Đỗ Thanh Hương | E29: 1 | J29: 30 | K29: 30 | Q29: =P29-O29 -> 0 | R29: 4000 | S29: =Q29*R29 -> 0 | X29: =V29*W29 -> 0 | Z29: 30000 | AA29: =Y29*Z29 -> 0 | AC29: 100000 | AD29: =AC29*AB29 -> 0 | AQ29: =SUM(S29,X29,AA29,AD29,AG29,AJ29,AM29,AP29) -> 0 | AR29: =AQ29+H29*E29+I29+L29+M29 -> 0 | AU29: =IF(AND(AR29>0,AT29=0),"Chưa TT",IF(AT29-AR29>0,"Thừa",IF(AND(AR29=0,AT29=0),"Trống",IF(AND(AT29>0,AR29=0),"Đóng cọc",IF(AT29-AR29<0,"Thiếu",IF(AT29-AR29=0,"Đủ",0)))))) -> Trống | AV29: =AT29-AR29 -> 0
D30: Đỗ Thanh Hương | E30: 1 | J30: 30 | K30: 30 | Q30: =P30-O30 -> 0 | R30: 4000 | S30: =Q30*R30 -> 0 | X30: =V30*W30 -> 0 | Z30: 30000 | AA30: =Y30*Z30 -> 0 | AC30: 100000 | AD30: =AC30*AB30 -> 0 | AP30: =AN30*AO30 -> 0 | AQ30: =(SUM(S30,X30,AA30,AD30,AG30,AJ30,AM30,AP30)/31)*15 -> 0 | AR30: =AQ30+H30*E30+I30+L30+M30 -> 0 | AU30: =IF(AND(AR30>0,AT30=0),"Chưa TT",IF(AT30-AR30>0,"Thừa",IF(AND(AR30=0,AT30=0),"Trống",IF(AND(AT30>0,AR30=0),"Đóng cọc",IF(AT30-AR30<0,"Thiếu",IF(AT30-AR30=0,"Đủ",0)))))) -> Trống | AV30: =AT30-AR30 -> 0 | BF30: =BE30-BD30 -> 0 | BG30: 3800 | BH30: =BF30*BG30 -> 0
D31: Đỗ Thanh Hương | E31: 1 | J31: 30 | K31: 30 | Q31: =P31-O31 -> 0 | R31: 3800 | S31: =Q31*R31 -> 0 | X31: =V31*W31 -> 0 | Z31: 30000 | AA31: =Y31*Z31 -> 0 | AC31: 100000 | AD31: =AC31*AB31 -> 0 | AP31: =AN31*AO31 -> 0 | AQ31: =(SUM(S31,X31,AA31,AD31,AG31,AJ31,AM31,AP31)/31)*21 -> 0 | AR31: =AQ31+H31*E31+I31+L31+M31 -> 0 | AU31: =IF(AND(AR31>0,AT31=0),"Chưa TT",IF(AT31-AR31>0,"Thừa",IF(AND(AR31=0,AT31=0),"Trống",IF(AND(AT31>0,AR31=0),"Đóng cọc",IF(AT31-AR31<0,"Thiếu",IF(AT31-AR31=0,"Đủ",0)))))) -> Trống | AV31: =AT31-AR31 -> 0
J32: 30 | K32: 30 | Q32: =P32-O32 -> 0 | R32: 3800 | S32: =Q32*R32 -> 0 | X32: =V32*W32 -> 0 | Z32: 30000 | AA32: =Y32*Z32 -> 0 | AC32: 100000 | AD32: =AC32*AB32 -> 0 | AQ32: =SUM(S32,X32,AA32,AD32,AG32,AJ32,AM32,AP32) -> 0 | AR32: =AQ32+H32*E32+I32+L32+M32 -> 0 | AU32: =IF(AND(AR32>0,AT32=0),"Chưa TT",IF(AT32-AR32>0,"Thừa",IF(AND(AR32=0,AT32=0),"Trống",IF(AND(AT32>0,AR32=0),"Đóng cọc",IF(AT32-AR32<0,"Thiếu",IF(AT32-AR32=0,"Đủ",0)))))) -> Trống | AV32: =AT32-AR32 -> 0 | BF32: =BE32-BD32 -> 0 | BG32: 3800 | BH32: =BF32*BG32 -> 0
J33: 30 | K33: 30 | Q33: =P33-O33 -> 0 | R33: 3800 | S33: =Q33*R33 -> 0 | X33: =V33*W33 -> 0 | Z33: 30000 | AA33: =Y33*Z33 -> 0 | AC33: 100000 | AD33: =AC33*AB33 -> 0 | AQ33: =SUM(S33,X33,AA33,AD33,AG33,AJ33,AM33,AP33) -> 0 | AR33: =AQ33+H33*E33+I33+L33+M33 -> 0 | AU33: =IF(AND(AR33>0,AT33=0),"Chưa TT",IF(AT33-AR33>0,"Thừa",IF(AND(AR33=0,AT33=0),"Trống",IF(AND(AT33>0,AR33=0),"Đóng cọc",IF(AT33-AR33<0,"Thiếu",IF(AT33-AR33=0,"Đủ",0)))))) -> Trống | AV33: =AT33-AR33 -> 0
J34: 30 | K34: 30 | Q34: =P34-O34 -> 0 | R34: 3800 | S34: =Q34*R34 -> 0 | X34: =V34*W34 -> 0 | Z34: 30000 | AA34: =Y34*Z34 -> 0 | AC34: 100000 | AD34: =AC34*AB34 -> 0 | AQ34: =SUM(S34,X34,AA34,AD34,AG34,AJ34,AM34,AP34) -> 0 | AR34: =AQ34+H34*E34+I34+L34+M34 -> 0 | AU34: =IF(AND(AR34>0,AT34=0),"Chưa TT",IF(AT34-AR34>0,"Thừa",IF(AND(AR34=0,AT34=0),"Trống",IF(AND(AT34>0,AR34=0),"Đóng cọc",IF(AT34-AR34<0,"Thiếu",IF(AT34-AR34=0,"Đủ",0)))))) -> Trống | AV34: =AT34-AR34 -> 0
J35: 30 | K35: 30 | Q35: =P35-O35 -> 0 | R35: 3800 | S35: =Q35*R35 -> 0 | X35: =V35*W35 -> 0 | Z35: 30000 | AA35: =Y35*Z35 -> 0 | AC35: 100000 | AD35: =AC35*AB35 -> 0 | AF35: 50000 | AG35: =AE35*AF35 -> 0 | AQ35: =SUM(S35,X35,AA35,AD35,AG35,AJ35,AM35,AP35) -> 0 | AR35: =AQ35+H35*E35+I35+L35+M35 -> 0 | AU35: =IF(AND(AR35>0,AT35=0),"Chưa TT",IF(AT35-AR35>0,"Thừa",IF(AND(AR35=0,AT35=0),"Trống",IF(AND(AT35>0,AR35=0),"Đóng cọc",IF(AT35-AR35<0,"Thiếu",IF(AT35-AR35=0,"Đủ",0)))))) -> Trống | AV35: =AT35-AR35 -> 0
J36: 30 | K36: 30 | Q36: =P36-O36 -> 0 | R36: 3800 | S36: =Q36*R36 -> 0 | X36: =V36*W36 -> 0 | Z36: 30000 | AA36: =Y36*Z36 -> 0 | AC36: 100000 | AD36: =AC36*AB36 -> 0 | AF36: 50000 | AG36: =AE36*AF36 -> 0 | AP36: =AN36*AO36 -> 0 | AQ36: =(SUM(S36,X36,AA36,AD36,AG36,AJ36,AM36,AP36)/31)*15 -> 0 | AR36: =AQ36+H36*E36+I36+L36+M36 -> 0 | AU36: =IF(AND(AR36>0,AT36=0),"Chưa TT",IF(AT36-AR36>0,"Thừa",IF(AND(AR36=0,AT36=0),"Trống",IF(AND(AT36>0,AR36=0),"Đóng cọc",IF(AT36-AR36<0,"Thiếu",IF(AT36-AR36=0,"Đủ",0)))))) -> Trống | AV36: =AT36-AR36 -> 0
J37: 30 | K37: 30 | Q37: =P37-O37 -> 0 | R37: 3800 | S37: =Q37*R37 -> 0 | X37: =V37*W37 -> 0 | Z37: 30000 | AA37: =Y37*Z37 -> 0 | AC37: 100000 | AD37: =AC37*AB37 -> 0 | AF37: 50000 | AG37: =AE37*AF37 -> 0 | AQ37: =SUM(S37,X37,AA37,AD37,AG37,AJ37,AM37,AP37) -> 0 | AR37: =AQ37+H37*E37+I37+L37+M37 -> 0 | AU37: =IF(AND(AR37>0,AT37=0),"Chưa TT",IF(AT37-AR37>0,"Thừa",IF(AND(AR37=0,AT37=0),"Trống",IF(AND(AT37>0,AR37=0),"Đóng cọc",IF(AT37-AR37<0,"Thiếu",IF(AT37-AR37=0,"Đủ",0)))))) -> Trống | AV37: =AT37-AR37 -> 0
J38: 30 | K38: 30 | Q38: =P38-O38 -> 0 | R38: 3800 | S38: =Q38*R38 -> 0 | X38: =V38*W38 -> 0 | Z38: 30000 | AA38: =Y38*Z38 -> 0 | AC38: 100000 | AD38: =AC38*AB38 -> 0 | AQ38: =SUM(S38,X38,AA38,AD38,AG38,AJ38,AM38,AP38) -> 0 | AR38: =AQ38+H38*E38+I38+L38+M38 -> 0 | AU38: =IF(AND(AR38>0,AT38=0),"Chưa TT",IF(AT38-AR38>0,"Thừa",IF(AND(AR38=0,AT38=0),"Trống",IF(AND(AT38>0,AR38=0),"Đóng cọc",IF(AT38-AR38<0,"Thiếu",IF(AT38-AR38=0,"Đủ",0)))))) -> Trống | AV38: =AT38-AR38 -> 0
J39: 30 | K39: 30 | Q39: =P39-O39 -> 0 | R39: 3800 | S39: =Q39*R39 -> 0 | X39: =V39*W39 -> 0 | Z39: 30000 | AA39: =Y39*Z39 -> 0 | AC39: 100000 | AD39: =AC39*AB39 -> 0 | AQ39: =SUM(S39,X39,AA39,AD39,AG39,AJ39,AM39,AP39) -> 0 | AR39: =AQ39+H39*E39+I39+L39+M39 -> 0 | AU39: =IF(AND(AR39>0,AT39=0),"Chưa TT",IF(AT39-AR39>0,"Thừa",IF(AND(AR39=0,AT39=0),"Trống",IF(AND(AT39>0,AR39=0),"Đóng cọc",IF(AT39-AR39<0,"Thiếu",IF(AT39-AR39=0,"Đủ",0)))))) -> Trống | AV39: =AT39-AR39 -> 0
J40: 30 | K40: 30 | Q40: =P40-O40 -> 0 | R40: 3800 | S40: =Q40*R40 -> 0 | X40: =V40*W40 -> 0 | Z40: 30000 | AA40: =Y40*Z40 -> 0 | AC40: 100000 | AD40: =AC40*AB40 -> 0 | AQ40: =SUM(S40,X40,AA40,AD40,AG40,AJ40,AM40,AP40) -> 0 | AR40: =AQ40+H40*E40+I40+L40+M40 -> 0 | AU40: =IF(AND(AR40>0,AT40=0),"Chưa TT",IF(AT40-AR40>0,"Thừa",IF(AND(AR40=0,AT40=0),"Trống",IF(AND(AT40>0,AR40=0),"Đóng cọc",IF(AT40-AR40<0,"Thiếu",IF(AT40-AR40=0,"Đủ",0)))))) -> Trống | AV40: =AT40-AR40 -> 0
J41: 30 | K41: 30 | Q41: =P41-O41 -> 0 | R41: 3800 | S41: =Q41*R41 -> 0 | X41: =V41*W41 -> 0 | Z41: 30000 | AA41: =Y41*Z41 -> 0 | AC41: 100000 | AD41: =AC41*AB41 -> 0 | AQ41: =SUM(S41,X41,AA41,AD41,AG41,AJ41,AM41,AP41) -> 0 | AR41: =AQ41+H41*E41+I41+L41+M41 -> 0 | AU41: =IF(AND(AR41>0,AT41=0),"Chưa TT",IF(AT41-AR41>0,"Thừa",IF(AND(AR41=0,AT41=0),"Trống",IF(AND(AT41>0,AR41=0),"Đóng cọc",IF(AT41-AR41<0,"Thiếu",IF(AT41-AR41=0,"Đủ",0)))))) -> Trống | AV41: =AT41-AR41 -> 0
E42: 1 | J42: 30 | K42: 30 | Q42: =P42-O42 -> 0 | R42: 3800 | S42: =Q42*R42 -> 0 | X42: =V42*W42 -> 0 | Z42: 30000 | AA42: =Y42*Z42 -> 0 | AC42: 100000 | AD42: =AC42*AB42 -> 0 | AQ42: =SUM(S42,X42,AA42,AD42,AG42,AJ42,AM42,AP42) -> 0 | AR42: =AQ42+H42*E42+I42+L42+M42 -> 0 | AU42: =IF(AND(AR42>0,AT42=0),"Chưa TT",IF(AT42-AR42>0,"Thừa",IF(AND(AR42=0,AT42=0),"Trống",IF(AND(AT42>0,AR42=0),"Đóng cọc",IF(AT42-AR42<0,"Thiếu",IF(AT42-AR42=0,"Đủ",0)))))) -> Trống | AV42: =AT42-AR42 -> 0
E43: 2 | J43: 30 | K43: 30 | Q43: =P43-O43 -> 0 | R43: 3800 | S43: =Q43*R43 -> 0 | X43: =V43*W43 -> 0 | Z43: 30000 | AA43: =Y43*Z43 -> 0 | AC43: 100000 | AD43: =AC43*AB43 -> 0 | AQ43: =SUM(S43,X43,AA43,AD43,AG43,AJ43,AM43,AP43) -> 0 | AR43: =AQ43+H43*E43+I43+L43+M43 -> 0 | AU43: =IF(AND(AR43>0,AT43=0),"Chưa TT",IF(AT43-AR43>0,"Thừa",IF(AND(AR43=0,AT43=0),"Trống",IF(AND(AT43>0,AR43=0),"Đóng cọc",IF(AT43-AR43<0,"Thiếu",IF(AT43-AR43=0,"Đủ",0)))))) -> Trống | AV43: =AT43-AR43 -> 0
E44: 1 | J44: 30 | K44: 30 | Q44: =P44-O44 -> 0 | R44: 3800 | S44: =Q44*R44 -> 0 | X44: =V44*W44 -> 0 | Z44: 30000 | AA44: =Y44*Z44 -> 0 | AC44: 100000 | AD44: =AC44*AB44 -> 0 | AQ44: =SUM(S44,X44,AA44,AD44,AG44,AJ44,AM44,AP44) -> 0 | AR44: =AQ44+H44*E44+I44+L44+M44 -> 0 | AU44: =IF(AND(AR44>0,AT44=0),"Chưa TT",IF(AT44-AR44>0,"Thừa",IF(AND(AR44=0,AT44=0),"Trống",IF(AND(AT44>0,AR44=0),"Đóng cọc",IF(AT44-AR44<0,"Thiếu",IF(AT44-AR44=0,"Đủ",0)))))) -> Trống | AV44: =AT44-AR44 -> 0
E45: 1 | J45: 30 | K45: 30 | Q45: =P45-O45 -> 0 | R45: 3800 | S45: =Q45*R45 -> 0 | X45: =V45*W45 -> 0 | Z45: 30000 | AA45: =Y45*Z45 -> 0 | AC45: 100000 | AD45: =AC45*AB45 -> 0 | AQ45: =SUM(S45,X45,AA45,AD45,AG45,AJ45,AM45,AP45) -> 0 | AR45: =AQ45+H45*E45+I45+L45+M45 -> 0 | AU45: =IF(AND(AR45>0,AT45=0),"Chưa TT",IF(AT45-AR45>0,"Thừa",IF(AND(AR45=0,AT45=0),"Trống",IF(AND(AT45>0,AR45=0),"Đóng cọc",IF(AT45-AR45<0,"Thiếu",IF(AT45-AR45=0,"Đủ",0)))))) -> Trống | AV45: =AT45-AR45 -> 0
E46: 1 | J46: 30 | K46: 30 | Q46: =P46-O46 -> 0 | R46: 3800 | S46: =Q46*R46 -> 0 | X46: =V46*W46 -> 0 | Z46: 30000 | AA46: =Y46*Z46 -> 0 | AC46: 100000 | AD46: =AC46*AB46 -> 0 | AQ46: =SUM(S46,X46,AA46,AD46,AG46,AJ46,AM46,AP46) -> 0 | AR46: =AQ46+H46*E46+I46+L46+M46 -> 0 | AU46: =IF(AND(AR46>0,AT46=0),"Chưa TT",IF(AT46-AR46>0,"Thừa",IF(AND(AR46=0,AT46=0),"Trống",IF(AND(AT46>0,AR46=0),"Đóng cọc",IF(AT46-AR46<0,"Thiếu",IF(AT46-AR46=0,"Đủ",0)))))) -> Trống | AV46: =AT46-AR46 -> 0
E47: 1 | J47: 30 | K47: 30 | Q47: =P47-O47 -> 0 | R47: 3800 | S47: =Q47*R47 -> 0 | X47: =V47*W47 -> 0 | Z47: 30000 | AA47: =Y47*Z47 -> 0 | AC47: 100000 | AD47: =AC47*AB47 -> 0 | AQ47: =SUM(S47,X47,AA47,AD47,AG47,AJ47,AM47,AP47) -> 0 | AR47: =AQ47+H47*E47+I47+L47+M47 -> 0 | AU47: =IF(AND(AR47>0,AT47=0),"Chưa TT",IF(AT47-AR47>0,"Thừa",IF(AND(AR47=0,AT47=0),"Trống",IF(AND(AT47>0,AR47=0),"Đóng cọc",IF(AT47-AR47<0,"Thiếu",IF(AT47-AR47=0,"Đủ",0)))))) -> Trống | AV47: =AT47-AR47 -> 0
E48: 1 | J48: 30 | K48: 30 | Q48: =P48-O48 -> 0 | R48: 3800 | S48: =Q48*R48 -> 0 | X48: =V48*W48 -> 0 | Z48: 30000 | AA48: =Y48*Z48 -> 0 | AC48: 100000 | AD48: =AC48*AB48 -> 0 | AQ48: =SUM(S48,X48,AA48,AD48,AG48,AJ48,AM48,AP48) -> 0 | AR48: =AQ48+H48*E48+I48+L48+M48 -> 0 | AU48: =IF(AND(AR48>0,AT48=0),"Chưa TT",IF(AT48-AR48>0,"Thừa",IF(AND(AR48=0,AT48=0),"Trống",IF(AND(AT48>0,AR48=0),"Đóng cọc",IF(AT48-AR48<0,"Thiếu",IF(AT48-AR48=0,"Đủ",0)))))) -> Trống | AV48: =AT48-AR48 -> 0
E49: 1 | J49: 30 | K49: 30 | Q49: =P49-O49 -> 0 | R49: 3800 | S49: =Q49*R49 -> 0 | X49: =V49*W49 -> 0 | Z49: 30000 | AA49: =Y49*Z49 -> 0 | AC49: 100000 | AD49: =AC49*AB49 -> 0 | AQ49: =SUM(S49,X49,AA49,AD49,AG49,AJ49,AM49,AP49) -> 0 | AR49: =AQ49+H49*E49+I49+L49+M49 -> 0 | AU49: =IF(AND(AR49>0,AT49=0),"Chưa TT",IF(AT49-AR49>0,"Thừa",IF(AND(AR49=0,AT49=0),"Trống",IF(AND(AT49>0,AR49=0),"Đóng cọc",IF(AT49-AR49<0,"Thiếu",IF(AT49-AR49=0,"Đủ",0)))))) -> Trống | AV49: =AT49-AR49 -> 0
E50: 1 | J50: 30 | K50: 30 | Q50: =P50-O50 -> 0 | R50: 3800 | S50: =Q50*R50 -> 0 | X50: =V50*W50 -> 0 | Z50: 30000 | AA50: =Y50*Z50 -> 0 | AC50: 100000 | AD50: =AC50*AB50 -> 0 | AQ50: =SUM(S50,X50,AA50,AD50,AG50,AJ50,AM50,AP50) -> 0 | AR50: =AQ50+H50*E50+I50+L50+M50 -> 0 | AU50: =IF(AND(AR50>0,AT50=0),"Chưa TT",IF(AT50-AR50>0,"Thừa",IF(AND(AR50=0,AT50=0),"Trống",IF(AND(AT50>0,AR50=0),"Đóng cọc",IF(AT50-AR50<0,"Thiếu",IF(AT50-AR50=0,"Đủ",0)))))) -> Trống | AV50: =AT50-AR50 -> 0
E51: 1 | J51: 30 | K51: 30 | Q51: =P51-O51 -> 0 | R51: 3800 | S51: =Q51*R51 -> 0 | X51: =V51*W51 -> 0 | Z51: 30000 | AA51: =Y51*Z51 -> 0 | AC51: 100000 | AD51: =AC51*AB51 -> 0 | AQ51: =SUM(S51,X51,AA51,AD51,AG51,AJ51,AM51,AP51) -> 0 | AR51: =AQ51+H51*E51+I51+L51+M51 -> 0 | AU51: =IF(AND(AR51>0,AT51=0),"Chưa TT",IF(AT51-AR51>0,"Thừa",IF(AND(AR51=0,AT51=0),"Trống",IF(AND(AT51>0,AR51=0),"Đóng cọc",IF(AT51-AR51<0,"Thiếu",IF(AT51-AR51=0,"Đủ",0)))))) -> Trống | AV51: =AT51-AR51 -> 0
E52: 1 | J52: 30 | K52: 30 | Q52: =P52-O52 -> 0 | R52: 3800 | S52: =Q52*R52 -> 0 | X52: =V52*W52 -> 0 | Z52: 30000 | AA52: =Y52*Z52 -> 0 | AC52: 100000 | AD52: =AC52*AB52 -> 0 | AQ52: =(SUM(S52,X52,AA52,AD52,AG52,AJ52,AM52,AP52)/28)*11 -> 0 | AR52: =AQ52+H52*E52+I52+L52+M52 -> 0 | AU52: =IF(AND(AR52>0,AT52=0),"Chưa TT",IF(AT52-AR52>0,"Thừa",IF(AND(AR52=0,AT52=0),"Trống",IF(AND(AT52>0,AR52=0),"Đóng cọc",IF(AT52-AR52<0,"Thiếu",IF(AT52-AR52=0,"Đủ",0)))))) -> Trống | AV52: =AT52-AR52 -> 0
E53: 1 | J53: 30 | K53: 30 | Q53: =P53-O53 -> 0 | R53: 3800 | S53: =Q53*R53 -> 0 | X53: =V53*W53 -> 0 | Z53: 30000 | AA53: =Y53*Z53 -> 0 | AC53: 100000 | AD53: =AC53*AB53 -> 0 | AQ53: =SUM(S53,X53,AA53,AD53,AG53,AJ53,AM53,AP53) -> 0 | AR53: =AQ53+H53*E53+I53+L53+M53 -> 0 | AU53: =IF(AND(AR53>0,AT53=0),"Chưa TT",IF(AT53-AR53>0,"Thừa",IF(AND(AR53=0,AT53=0),"Trống",IF(AND(AT53>0,AR53=0),"Đóng cọc",IF(AT53-AR53<0,"Thiếu",IF(AT53-AR53=0,"Đủ",0)))))) -> Trống | AV53: =AT53-AR53 -> 0
E54: 1 | J54: 30 | K54: 30 | Q54: =P54-O54 -> 0 | R54: 3800 | S54: =Q54*R54 -> 0 | X54: =V54*W54 -> 0 | Z54: 30000 | AA54: =Y54*Z54 -> 0 | AC54: 100000 | AD54: =AC54*AB54 -> 0 | AQ54: =SUM(S54,X54,AA54,AD54,AG54,AJ54,AM54,AP54) -> 0 | AR54: =AQ54+H54*E54+I54+L54+M54 -> 0 | AU54: =IF(AND(AR54>0,AT54=0),"Chưa TT",IF(AT54-AR54>0,"Thừa",IF(AND(AR54=0,AT54=0),"Trống",IF(AND(AT54>0,AR54=0),"Đóng cọc",IF(AT54-AR54<0,"Thiếu",IF(AT54-AR54=0,"Đủ",0)))))) -> Trống | AV54: =AT54-AR54 -> 0
E55: 1 | J55: 30 | K55: 30 | Q55: =P55-O55 -> 0 | R55: 3800 | S55: =Q55*R55 -> 0 | X55: =V55*W55 -> 0 | Z55: 30000 | AA55: =Y55*Z55 -> 0 | AC55: 100000 | AD55: =AC55*AB55 -> 0 | AQ55: =SUM(S55,X55,AA55,AD55,AG55,AJ55,AM55,AP55) -> 0 | AR55: =AQ55+H55*E55+I55+L55+M55 -> 0 | AU55: =IF(AND(AR55>0,AT55=0),"Chưa TT",IF(AT55-AR55>0,"Thừa",IF(AND(AR55=0,AT55=0),"Trống",IF(AND(AT55>0,AR55=0),"Đóng cọc",IF(AT55-AR55<0,"Thiếu",IF(AT55-AR55=0,"Đủ",0)))))) -> Trống | AV55: =AT55-AR55 -> 0
E56: 1 | J56: 30 | K56: 30 | Q56: =P56-O56 -> 0 | R56: 3800 | S56: =Q56*R56 -> 0 | X56: =V56*W56 -> 0 | Z56: 30000 | AA56: =Y56*Z56 -> 0 | AC56: 100000 | AD56: =AC56*AB56 -> 0 | AM56: =AK56*AL56 -> 0 | AQ56: =SUM(S56,X56,AA56,AD56,AG56,AJ56,AM56,AP56) -> 0 | AR56: =AQ56+H56*E56+I56+L56+M56 -> 0 | AU56: =IF(AND(AR56>0,AT56=0),"Chưa TT",IF(AT56-AR56>0,"Thừa",IF(AND(AR56=0,AT56=0),"Trống",IF(AND(AT56>0,AR56=0),"Đóng cọc",IF(AT56-AR56<0,"Thiếu",IF(AT56-AR56=0,"Đủ",0)))))) -> Trống | AV56: =AT56-AR56 -> 0
E57: 1 | J57: 30 | K57: 30 | Q57: =P57-O57 -> 0 | R57: 3800 | S57: =Q57*R57 -> 0 | X57: =V57*W57 -> 0 | Z57: 30000 | AA57: =Y57*Z57 -> 0 | AC57: 100000 | AD57: =AC57*AB57 -> 0 | AM57: =AK57*AL57 -> 0 | AQ57: =SUM(S57,X57,AA57,AD57,AG57,AJ57,AM57,AP57) -> 0 | AR57: =AQ57+H57*E57+I57+L57+M57 -> 0 | AU57: =IF(AND(AR57>0,AT57=0),"Chưa TT",IF(AT57-AR57>0,"Thừa",IF(AND(AR57=0,AT57=0),"Trống",IF(AND(AT57>0,AR57=0),"Đóng cọc",IF(AT57-AR57<0,"Thiếu",IF(AT57-AR57=0,"Đủ",0)))))) -> Trống | AV57: =AT57-AR57 -> 0
E58: 1 | J58: 30 | K58: 30 | Q58: =P58-O58 -> 0 | R58: 3800 | S58: =Q58*R58 -> 0 | X58: =V58*W58 -> 0 | Z58: 30000 | AA58: =Y58*Z58 -> 0 | AC58: 100000 | AD58: =AC58*AB58 -> 0 | AM58: =AK58*AL58 -> 0 | AQ58: =SUM(S58,X58,AA58,AD58,AG58,AJ58,AM58,AP58) -> 0 | AR58: =AQ58+H58*E58+I58+L58+M58 -> 0 | AU58: =IF(AND(AR58>0,AT58=0),"Chưa TT",IF(AT58-AR58>0,"Thừa",IF(AND(AR58=0,AT58=0),"Trống",IF(AND(AT58>0,AR58=0),"Đóng cọc",IF(AT58-AR58<0,"Thiếu",IF(AT58-AR58=0,"Đủ",0)))))) -> Trống | AV58: =AT58-AR58 -> 0
Q59: =P59-O59 -> 0 | R59: 3800 | S59: =Q59*R59 -> 0 | X59: =V59*W59 -> 0 | Z59: 30000 | AA59: =Y59*Z59 -> 0 | AC59: 100000 | AD59: =AC59*AB59 -> 0 | AM59: =AK59*AL59 -> 0 | AQ59: =SUM(S59,X59,AA59,AD59,AG59,AJ59,AM59,AP59) -> 0 | AR59: =AQ59+H59*E59+I59+L59+M59 -> 0 | AU59: =IF(AND(AR59>0,AT59=0),"Chưa TT",IF(AT59-AR59>0,"Thừa",IF(AND(AR59=0,AT59=0),"Trống",IF(AND(AT59>0,AR59=0),"Đóng cọc",IF(AT59-AR59<0,"Thiếu",IF(AT59-AR59=0,"Đủ",0)))))) -> Trống | AV59: =AT59-AR59 -> 0
Q60: =P60-O60 -> 0 | R60: 3800 | S60: =Q60*R60 -> 0 | X60: =V60*W60 -> 0 | Z60: 30000 | AA60: =Y60*Z60 -> 0 | AC60: 100000 | AD60: =AC60*AB60 -> 0 | AM60: =AK60*AL60 -> 0 | AQ60: =SUM(S60,X60,AA60,AD60,AG60,AJ60,AM60,AP60) -> 0 | AR60: =AQ60+H60*E60+I60+L60+M60 -> 0 | AU60: =IF(AND(AR60>0,AT60=0),"Chưa TT",IF(AT60-AR60>0,"Thừa",IF(AND(AR60=0,AT60=0),"Trống",IF(AND(AT60>0,AR60=0),"Đóng cọc",IF(AT60-AR60<0,"Thiếu",IF(AT60-AR60=0,"Đủ",0)))))) -> Trống | AV60: =AT60-AR60 -> 0
Q61: =P61-O61 -> 0 | R61: 3800 | S61: =Q61*R61 -> 0 | X61: =V61*W61 -> 0 | Z61: 30000 | AA61: =Y61*Z61 -> 0 | AC61: 100000 | AD61: =AC61*AB61 -> 0 | AF61: 50000 | AG61: =AE61*AF61 -> 0 | AJ61: =AH61*AI61 -> 0 | AM61: =AK61*AL61 -> 0 | AQ61: =SUM(S61,X61,AA61,AD61,AG61,AJ61,AM61,AP61) -> 0 | AR61: =AQ61+H61*E61+I61+L61+M61 -> 0 | AU61: =IF(AND(AR61>0,AT61=0),"Chưa TT",IF(AT61-AR61>0,"Thừa",IF(AND(AR61=0,AT61=0),"Trống",IF(AND(AT61>0,AR61=0),"Đóng cọc",IF(AT61-AR61<0,"Thiếu",IF(AT61-AR61=0,"Đủ",0)))))) -> Trống | AV61: =AT61-AR61 -> 0
Q62: =P62-O62 -> 0 | R62: 3800 | S62: =Q62*R62 -> 0 | W62: 30000 | X62: =V62*W62 -> 0 | Z62: 30000 | AA62: =Y62*Z62 -> 0 | AC62: 100000 | AD62: =AC62*AB62 -> 0 | AF62: 50000 | AG62: =AE62*AF62 -> 0 | AJ62: =AH62*AI62 -> 0 | AM62: =AK62*AL62 -> 0 | AQ62: =SUM(S62,X62,AA62,AD62,AG62,AJ62,AM62,AP62) -> 0 | AR62: =AQ62+H62*E62+I62+L62+M62 -> 0 | AU62: =IF(AND(AR62>0,AT62=0),"Chưa TT",IF(AT62-AR62>0,"Thừa",IF(AND(AR62=0,AT62=0),"Trống",IF(AND(AT62>0,AR62=0),"Đóng cọc",IF(AT62-AR62<0,"Thiếu",IF(AT62-AR62=0,"Đủ",0)))))) -> Trống | AV62: =AT62-AR62 -> 0
Q63: =P63-O63 -> 0 | R63: 3800 | S63: =Q63*R63 -> 0 | W63: 30000 | X63: =V63*W63 -> 0 | Z63: 30000 | AA63: =Y63*Z63 -> 0 | AC63: 100000 | AD63: =AC63*AB63 -> 0 | AF63: 50000 | AG63: =AE63*AF63 -> 0 | AM63: =AK63*AL63 -> 0 | AQ63: =SUM(S63,X63,AA63,AD63,AG63,AJ63,AM63,AP63) -> 0 | AR63: =AQ63+H63*E63+I63+L63+M63 -> 0 | AU63: =IF(AND(AR63>0,AT63=0),"Chưa TT",IF(AT63-AR63>0,"Thừa",IF(AND(AR63=0,AT63=0),"Trống",IF(AND(AT63>0,AR63=0),"Đóng cọc",IF(AT63-AR63<0,"Thiếu",IF(AT63-AR63=0,"Đủ",0)))))) -> Trống | AV63: =AT63-AR63 -> 0
Q64: =P64-O64 -> 0 | R64: 3800 | S64: =Q64*R64 -> 0 | W64: 30000 | X64: =V64*W64 -> 0 | Z64: 30000 | AA64: =Y64*Z64 -> 0 | AC64: 100000 | AD64: =AC64*AB64 -> 0 | AF64: 50000 | AG64: =AE64*AF64 -> 0 | AM64: =AK64*AL64 -> 0 | AQ64: =SUM(S64,X64,AA64,AD64,AG64,AJ64,AM64,AP64) -> 0 | AR64: =AQ64+H64*E64+I64+L64+M64 -> 0 | AU64: =IF(AND(AR64>0,AT64=0),"Chưa TT",IF(AT64-AR64>0,"Thừa",IF(AND(AR64=0,AT64=0),"Trống",IF(AND(AT64>0,AR64=0),"Đóng cọc",IF(AT64-AR64<0,"Thiếu",IF(AT64-AR64=0,"Đủ",0)))))) -> Trống | AV64: =AT64-AR64 -> 0
Q65: =P65-O65 -> 0 | R65: 3800 | S65: =Q65*R65 -> 0 | W65: 30000 | X65: =V65*W65 -> 0 | Z65: 30000 | AA65: =Y65*Z65 -> 0 | AC65: 100000 | AD65: =AC65*AB65 -> 0 | AF65: 50000 | AG65: =AE65*AF65 -> 0 | AJ65: =AH65*AI65 -> 0 | AM65: =AK65*AL65 -> 0 | AQ65: =SUM(S65,X65,AA65,AD65,AG65,AJ65,AM65,AP65) -> 0 | AR65: =AQ65+H65*E65+I65+L65+M65 -> 0 | AU65: =IF(AND(AR65>0,AT65=0),"Chưa TT",IF(AT65-AR65>0,"Thừa",IF(AND(AR65=0,AT65=0),"Trống",IF(AND(AT65>0,AR65=0),"Đóng cọc",IF(AT65-AR65<0,"Thiếu",IF(AT65-AR65=0,"Đủ",0)))))) -> Trống | AV65: =AT65-AR65 -> 0
Q66: =P66-O66 -> 0 | R66: 3800 | S66: =Q66*R66 -> 0 | W66: 90000 | X66: =V66*W66 -> 0 | Z66: 30000 | AA66: =Y66*Z66 -> 0 | AC66: 100000 | AD66: =AC66*AB66 -> 0 | AF66: 50000 | AG66: =AE66*AF66 -> 0 | AJ66: =AH66*AI66 -> 0 | AM66: =AK66*AL66 -> 0 | AQ66: =SUM(S66,X66,AA66,AD66,AG66,AJ66,AM66,AP66) -> 0 | AR66: =AQ66+H66*E66+I66+L66+M66 -> 0 | AU66: =IF(AND(AR66>0,AT66=0),"Chưa TT",IF(AT66-AR66>0,"Thừa",IF(AND(AR66=0,AT66=0),"Trống",IF(AND(AT66>0,AR66=0),"Đóng cọc",IF(AT66-AR66<0,"Thiếu",IF(AT66-AR66=0,"Đủ",0)))))) -> Trống | AV66: =AT66-AR66 -> 0
Q67: =P67-O67 -> 0 | R67: 3800 | S67: =Q67*R67 -> 0 | W67: 30000 | X67: =V67*W67 -> 0 | Z67: 30000 | AA67: =Y67*Z67 -> 0 | AC67: 100000 | AD67: =AC67*AB67 -> 0 | AF67: 50000 | AG67: =AE67*AF67 -> 0 | AJ67: =AH67*AI67 -> 0 | AM67: =AK67*AL67 -> 0 | AQ67: =SUM(S67,X67,AA67,AD67,AG67,AJ67,AM67,AP67) -> 0 | AR67: =AQ67+H67*E67+I67+L67+M67 -> 0 | AU67: =IF(AND(AR67>0,AT67=0),"Chưa TT",IF(AT67-AR67>0,"Thừa",IF(AND(AR67=0,AT67=0),"Trống",IF(AND(AT67>0,AR67=0),"Đóng cọc",IF(AT67-AR67<0,"Thiếu",IF(AT67-AR67=0,"Đủ",0)))))) -> Trống | AV67: =AT67-AR67 -> 0
Q68: =P68-O68 -> 0 | R68: 3800 | S68: =Q68*R68 -> 0 | W68: 30000 | X68: =V68*W68 -> 0 | Z68: 30000 | AA68: =Y68*Z68 -> 0 | AC68: 100000 | AD68: =AC68*AB68 -> 0 | AF68: 50000 | AG68: =AE68*AF68 -> 0 | AJ68: =AH68*AI68 -> 0 | AM68: =AK68*AL68 -> 0 | AP68: =AN68*AO68 -> 0 | AQ68: =SUM(S68,X68,AA68,AD68,AG68,AJ68,AM68,AP68) -> 0 | AR68: =AQ68+H68*E68+I68+L68+M68 -> 0 | AU68: =IF(AND(AR68>0,AT68=0),"Chưa TT",IF(AT68-AR68>0,"Thừa",IF(AND(AR68=0,AT68=0),"Trống",IF(AND(AT68>0,AR68=0),"Đóng cọc",IF(AT68-AR68<0,"Thiếu",IF(AT68-AR68=0,"Đủ",0)))))) -> Trống | AV68: =AT68-AR68 -> 0 | AY68: 215 | AZ68: 239 | BA68: =AZ68-AY68 -> 24 | BB68: 3800 | BC68: =BA68*BB68+60000 -> 151200
Q69: =P69-O69 -> 0 | R69: 3800 | S69: =Q69*R69 -> 0 | W69: 30000 | X69: =V69*W69 -> 0 | Z69: 30000 | AA69: =Y69*Z69 -> 0 | AC69: 100000 | AD69: =AC69*AB69 -> 0 | AF69: 50000 | AG69: =AE69*AF69 -> 0 | AJ69: =AH69*AI69 -> 0 | AM69: =AK69*AL69 -> 0 | AQ69: =SUM(S69,X69,AA69,AD69,AG69,AJ69,AM69,AP69) -> 0 | AR69: =AQ69+H69*E69+I69+L69+M69 -> 0 | AU69: =IF(AND(AR69>0,AT69=0),"Chưa TT",IF(AT69-AR69>0,"Thừa",IF(AND(AR69=0,AT69=0),"Trống",IF(AND(AT69>0,AR69=0),"Đóng cọc",IF(AT69-AR69<0,"Thiếu",IF(AT69-AR69=0,"Đủ",0)))))) -> Trống | AV69: =AT69-AR69 -> 0
Q70: =P70-O70 -> 0 | R70: 3800 | S70: =Q70*R70 -> 0 | W70: 30000 | X70: =V70*W70 -> 0 | Z70: 30000 | AA70: =Y70*Z70 -> 0 | AC70: 100000 | AD70: =AC70*AB70 -> 0 | AF70: 50000 | AG70: =AE70*AF70 -> 0 | AJ70: =AH70*AI70 -> 0 | AM70: =AK70*AL70 -> 0 | AQ70: =SUM(S70,X70,AA70,AD70,AG70,AJ70,AM70,AP70) -> 0 | AR70: =AQ70+H70*E70+I70+L70+M70 -> 0 | AU70: =IF(AND(AR70>0,AT70=0),"Chưa TT",IF(AT70-AR70>0,"Thừa",IF(AND(AR70=0,AT70=0),"Trống",IF(AND(AT70>0,AR70=0),"Đóng cọc",IF(AT70-AR70<0,"Thiếu",IF(AT70-AR70=0,"Đủ",0)))))) -> Trống | AV70: =AT70-AR70 -> 0 | BO70: 2300000 | BQ70: =4760000 -> 4760000 | BS70: CHỐT GIÁ 4TR6. 16/7 TÍNH TIỀN, dv 1 người
Q71: =P71-O71 -> 0 | R71: 3800 | S71: =Q71*R71 -> 0 | W71: 30000 | X71: =V71*W71 -> 0 | Z71: 30000 | AA71: =Y71*Z71 -> 0 | AC71: 100000 | AD71: =AC71*AB71 -> 0 | AF71: 50000 | AG71: =AE71*AF71 -> 0 | AJ71: =AH71*AI71 -> 0 | AM71: =AK71*AL71 -> 0 | AQ71: =SUM(S71,X71,AA71,AD71,AG71,AJ71,AM71,AP71) -> 0 | AR71: =AQ71+H71*E71+I71+L71+M71 -> 0 | AU71: =IF(AND(AR71>0,AT71=0),"Chưa TT",IF(AT71-AR71>0,"Thừa",IF(AND(AR71=0,AT71=0),"Trống",IF(AND(AT71>0,AR71=0),"Đóng cọc",IF(AT71-AR71<0,"Thiếu",IF(AT71-AR71=0,"Đủ",0)))))) -> Trống | AV71: =AT71-AR71 -> 0
Q72: =P72-O72 -> 0 | R72: 3800 | S72: =Q72*R72 -> 0 | W72: 30000 | X72: =V72*W72 -> 0 | Z72: 30000 | AA72: =Y72*Z72 -> 0 | AC72: 100000 | AD72: =AC72*AB72 -> 0 | AF72: 50000 | AG72: =AE72*AF72 -> 0 | AJ72: =AH72*AI72 -> 0 | AM72: =AK72*AL72 -> 0 | AQ72: =SUM(S72,X72,AA72,AD72,AG72,AJ72,AM72,AP72) -> 0 | AR72: =AQ72+H72*E72+I72+L72+M72 -> 0 | AU72: =IF(AND(AR72>0,AT72=0),"Chưa TT",IF(AT72-AR72>0,"Thừa",IF(AND(AR72=0,AT72=0),"Trống",IF(AND(AT72>0,AR72=0),"Đóng cọc",IF(AT72-AR72<0,"Thiếu",IF(AT72-AR72=0,"Đủ",0)))))) -> Trống | AV72: =AT72-AR72 -> 0
Q73: =P73-O73 -> 0 | R73: 3800 | S73: =Q73*R73 -> 0 | W73: 30000 | X73: =V73*W73 -> 0 | Z73: 30000 | AA73: =Y73*Z73 -> 0 | AC73: 100000 | AD73: =AC73*AB73 -> 0 | AF73: 50000 | AG73: =AE73*AF73 -> 0 | AJ73: =AH73*AI73 -> 0 | AM73: =AK73*AL73 -> 0 | AQ73: =SUM(S73,X73,AA73,AD73,AG73,AJ73,AM73,AP73) -> 0 | AR73: =AQ73+H73*E73+I73+L73+M73 -> 0 | AU73: =IF(AND(AR73>0,AT73=0),"Chưa TT",IF(AT73-AR73>0,"Thừa",IF(AND(AR73=0,AT73=0),"Trống",IF(AND(AT73>0,AR73=0),"Đóng cọc",IF(AT73-AR73<0,"Thiếu",IF(AT73-AR73=0,"Đủ",0)))))) -> Trống | AV73: =AT73-AR73 -> 0
Q74: =P74-O74 -> 0 | R74: 3800 | S74: =Q74*R74 -> 0 | W74: 30000 | X74: =V74*W74 -> 0 | Z74: 30000 | AA74: =Y74*Z74 -> 0 | AC74: 100000 | AD74: =AC74*AB74 -> 0 | AF74: 50000 | AG74: =AE74*AF74 -> 0 | AJ74: =AH74*AI74 -> 0 | AM74: =AK74*AL74 -> 0 | AQ74: =SUM(S74,X74,AA74,AD74,AG74,AJ74,AM74,AP74) -> 0 | AR74: =AQ74+H74*E74+I74+L74+M74 -> 0 | AU74: =IF(AND(AR74>0,AT74=0),"Chưa TT",IF(AT74-AR74>0,"Thừa",IF(AND(AR74=0,AT74=0),"Trống",IF(AND(AT74>0,AR74=0),"Đóng cọc",IF(AT74-AR74<0,"Thiếu",IF(AT74-AR74=0,"Đủ",0)))))) -> Trống | AV74: =AT74-AR74 -> 0
Q75: =P75-O75 -> 0 | R75: 3800 | S75: =Q75*R75 -> 0 | W75: 30000 | X75: =V75*W75 -> 0 | Z75: 30000 | AA75: =Y75*Z75 -> 0 | AC75: 100000 | AD75: =AC75*AB75 -> 0 | AF75: 50000 | AG75: =AE75*AF75 -> 0 | AJ75: =AH75*AI75 -> 0 | AM75: =AK75*AL75 -> 0 | AQ75: =SUM(S75,X75,AA75,AD75,AG75,AJ75,AM75,AP75) -> 0 | AR75: =AQ75+H75*E75+I75+L75+M75 -> 0 | AU75: =IF(AND(AR75>0,AT75=0),"Chưa TT",IF(AT75-AR75>0,"Thừa",IF(AND(AR75=0,AT75=0),"Trống",IF(AND(AT75>0,AR75=0),"Đóng cọc",IF(AT75-AR75<0,"Thiếu",IF(AT75-AR75=0,"Đủ",0)))))) -> Trống | AV75: =AT75-AR75 -> 0
Q76: =P76-O76 -> 0 | R76: 3800 | S76: =Q76*R76 -> 0 | W76: 30000 | X76: =V76*W76 -> 0 | Z76: 30000 | AA76: =Y76*Z76 -> 0 | AC76: 100000 | AD76: =AC76*AB76 -> 0 | AF76: 50000 | AG76: =AE76*AF76 -> 0 | AJ76: =AH76*AI76 -> 0 | AM76: =AK76*AL76 -> 0 | AQ76: =SUM(S76,X76,AA76,AD76,AG76,AJ76,AM76,AP76) -> 0 | AR76: =AQ76+H76*E76+I76+L76+M76 -> 0 | AU76: =IF(AND(AR76>0,AT76=0),"Chưa TT",IF(AT76-AR76>0,"Thừa",IF(AND(AR76=0,AT76=0),"Trống",IF(AND(AT76>0,AR76=0),"Đóng cọc",IF(AT76-AR76<0,"Thiếu",IF(AT76-AR76=0,"Đủ",0)))))) -> Trống | AV76: =AT76-AR76 -> 0
Q77: =P77-O77 -> 0 | R77: 3800 | S77: =Q77*R77 -> 0 | W77: 30000 | X77: =V77*W77 -> 0 | Z77: 30000 | AA77: =Y77*Z77 -> 0 | AC77: 100000 | AD77: =AC77*AB77 -> 0 | AF77: 50000 | AG77: =AE77*AF77 -> 0 | AJ77: =AH77*AI77 -> 0 | AM77: =AK77*AL77 -> 0 | AQ77: =SUM(S77,X77,AA77,AD77,AG77,AJ77,AM77,AP77) -> 0 | AR77: =AQ77+H77*E77+I77+L77+M77 -> 0 | AU77: =IF(AND(AR77>0,AT77=0),"Chưa TT",IF(AT77-AR77>0,"Thừa",IF(AND(AR77=0,AT77=0),"Trống",IF(AND(AT77>0,AR77=0),"Đóng cọc",IF(AT77-AR77<0,"Thiếu",IF(AT77-AR77=0,"Đủ",0)))))) -> Trống | AV77: =AT77-AR77 -> 0
Q78: =P78-O78 -> 0 | R78: 3800 | S78: =Q78*R78 -> 0 | W78: 30000 | X78: =V78*W78 -> 0 | Z78: 30000 | AA78: =Y78*Z78 -> 0 | AC78: 100000 | AD78: =AC78*AB78 -> 0 | AF78: 50000 | AG78: =AE78*AF78 -> 0 | AJ78: =AH78*AI78 -> 0 | AM78: =AK78*AL78 -> 0 | AQ78: =SUM(S78,X78,AA78,AD78,AG78,AJ78,AM78,AP78) -> 0 | AR78: =AQ78+H78*E78+I78+L78+M78 -> 0 | AU78: =IF(AND(AR78>0,AT78=0),"Chưa TT",IF(AT78-AR78>0,"Thừa",IF(AND(AR78=0,AT78=0),"Trống",IF(AND(AT78>0,AR78=0),"Đóng cọc",IF(AT78-AR78<0,"Thiếu",IF(AT78-AR78=0,"Đủ",0)))))) -> Trống | AV78: =AT78-AR78 -> 0
Q79: =P79-O79 -> 0 | R79: 3800 | S79: =Q79*R79 -> 0 | W79: 30000 | X79: =V79*W79 -> 0 | Z79: 30000 | AA79: =Y79*Z79 -> 0 | AC79: 100000 | AD79: =AB79*AC79 -> 0 | AM79: =AL79*AK79 -> 0 | AQ79: =SUM(S79,X79,AA79,AD79,AG79,AJ79,AM79,AP79) -> 0 | AR79: =AQ79+H79*E79+I79+L79+M79 -> 0 | AU79: =IF(AND(AR79>0,AT79=0),"Chưa TT",IF(AT79-AR79>0,"Thừa",IF(AND(AR79=0,AT79=0),"Trống",IF(AND(AT79>0,AR79=0),"Đóng cọc",IF(AT79-AR79<0,"Thiếu",IF(AT79-AR79=0,"Đủ",0)))))) -> Trống | AV79: =AT79-AR79 -> 0
J80: 30 | K80: 30 | Q80: =P80-O80 -> 0 | R80: 3800 | S80: =Q80*R80 -> 0 | W80: 30000 | X80: =V80*W80 -> 0 | Z80: 30000 | AA80: =Y80*Z80 -> 0 | AC80: 100000 | AD80: =AC80*AB80 -> 0 | AM80: =AL80*AK80 -> 0 | AQ80: =SUM(S80,X80,AA80,AD80,AG80,AJ80,AM80,AP80) -> 0 | AR80: =AQ80+H80*E80+I80+L80+M80 -> 0 | AU80: =IF(AND(AR80>0,AT80=0),"Chưa TT",IF(AT80-AR80>0,"Thừa",IF(AND(AR80=0,AT80=0),"Trống",IF(AND(AT80>0,AR80=0),"Đóng cọc",IF(AT80-AR80<0,"Thiếu",IF(AT80-AR80=0,"Đủ",0)))))) -> Trống | AV80: =AT80-AR80 -> 0
J81: 30 | K81: 30 | Q81: =P81-O81 -> 0 | R81: 3800 | S81: =Q81*R81 -> 0 | W81: 30000 | X81: =V81*W81 -> 0 | Z81: 30000 | AA81: =Y81*Z81 -> 0 | AC81: 100000 | AD81: =AC81*AB81 -> 0 | AM81: =AL81*AK81 -> 0 | AQ81: =SUM(S81,X81,AA81,AD81,AG81,AJ81,AM81,AP81) -> 0 | AR81: =AQ81+H81*E81+I81+L81+M81 -> 0 | AU81: =IF(AND(AR81>0,AT81=0),"Chưa TT",IF(AT81-AR81>0,"Thừa",IF(AND(AR81=0,AT81=0),"Trống",IF(AND(AT81>0,AR81=0),"Đóng cọc",IF(AT81-AR81<0,"Thiếu",IF(AT81-AR81=0,"Đủ",0)))))) -> Trống | AV81: =AT81-AR81 -> 0
J82: 30 | K82: 30 | Q82: =P82-O82 -> 0 | R82: 3800 | S82: =Q82*R82 -> 0 | W82: 30000 | X82: =V82*W82 -> 0 | Z82: 30000 | AA82: =Y82*Z82 -> 0 | AC82: 100000 | AD82: =AC82*AB82 -> 0 | AM82: =AL82*AK82 -> 0 | AQ82: =SUM(S82,X82,AA82,AD82,AG82,AJ82,AM82,AP82) -> 0 | AR82: =AQ82+H82*E82+I82+L82+M82 -> 0 | AU82: =IF(AND(AR82>0,AT82=0),"Chưa TT",IF(AT82-AR82>0,"Thừa",IF(AND(AR82=0,AT82=0),"Trống",IF(AND(AT82>0,AR82=0),"Đóng cọc",IF(AT82-AR82<0,"Thiếu",IF(AT82-AR82=0,"Đủ",0)))))) -> Trống | AV82: =AT82-AR82 -> 0 | BD82: 3297 | BE82: 3503 | BF82: =BE82-BD82 -> 206 | BG82: 3800 | BH82: =BF82*BG82 -> 782800
J83: 30 | K83: 30 | Q83: =P83-O83 -> 0 | R83: 3800 | S83: =Q83*R83 -> 0 | W83: 30000 | X83: =V83*W83 -> 0 | Z83: 30000 | AA83: =Y83*Z83 -> 0 | AC83: 100000 | AD83: =AC83*AB83 -> 0 | AM83: =AL83*AK83 -> 0 | AQ83: =SUM(S83,X83,AA83,AD83,AG83,AJ83,AM83,AP83) -> 0 | AR83: =AQ83+H83*E83+I83+L83+M83 -> 0 | AU83: =IF(AND(AR83>0,AT83=0),"Chưa TT",IF(AT83-AR83>0,"Thừa",IF(AND(AR83=0,AT83=0),"Trống",IF(AND(AT83>0,AR83=0),"Đóng cọc",IF(AT83-AR83<0,"Thiếu",IF(AT83-AR83=0,"Đủ",0)))))) -> Trống | AV83: =AT83-AR83 -> 0 | BL83: 30000 | BN83: =BK83*BL83 -> 0
J84: 30 | K84: 30 | Q84: =P84-O84 -> 0 | R84: 3800 | S84: =Q84*R84 -> 0 | W84: 30000 | X84: =V84*W84 -> 0 | Z84: 30000 | AA84: =Y84*Z84 -> 0 | AC84: 100000 | AD84: =AC84*AB84 -> 0 | AM84: =AL84*AK84 -> 0 | AQ84: =SUM(S84,X84,AA84,AD84,AG84,AJ84,AM84,AP84) -> 0 | AR84: =AQ84+H84*E84+I84+L84+M84 -> 0 | AU84: =IF(AND(AR84>0,AT84=0),"Chưa TT",IF(AT84-AR84>0,"Thừa",IF(AND(AR84=0,AT84=0),"Trống",IF(AND(AT84>0,AR84=0),"Đóng cọc",IF(AT84-AR84<0,"Thiếu",IF(AT84-AR84=0,"Đủ",0)))))) -> Trống | AV84: =AT84-AR84 -> 0
J85: 30 | K85: 30 | Q85: =P85-O85 -> 0 | R85: 3800 | S85: =Q85*R85 -> 0 | W85: 30000 | X85: =V85*W85 -> 0 | Z85: 30000 | AA85: =Y85*Z85 -> 0 | AC85: 100000 | AD85: =AC85*AB85 -> 0 | AM85: =AL85*AK85 -> 0 | AQ85: =SUM(S85,X85,AA85,AD85,AG85,AJ85,AM85,AP85) -> 0 | AR85: =AQ85+H85*E85+I85+L85+M85 -> 0 | AU85: =IF(AND(AR85>0,AT85=0),"Chưa TT",IF(AT85-AR85>0,"Thừa",IF(AND(AR85=0,AT85=0),"Trống",IF(AND(AT85>0,AR85=0),"Đóng cọc",IF(AT85-AR85<0,"Thiếu",IF(AT85-AR85=0,"Đủ",0)))))) -> Trống | AV85: =AT85-AR85 -> 0
J86: 30 | K86: 30 | Q86: =P86-O86 -> 0 | R86: 3800 | S86: =Q86*R86 -> 0 | W86: 30000 | X86: =V86*W86 -> 0 | Z86: 30000 | AA86: =Y86*Z86 -> 0 | AC86: 100000 | AD86: =AC86*AB86 -> 0 | AM86: =AL86*AK86 -> 0 | AQ86: =SUM(S86,X86,AA86,AD86,AG86,AJ86,AM86,AP86) -> 0 | AR86: =AQ86+H86*E86+I86+L86+M86 -> 0 | AU86: =IF(AND(AR86>0,AT86=0),"Chưa TT",IF(AT86-AR86>0,"Thừa",IF(AND(AR86=0,AT86=0),"Trống",IF(AND(AT86>0,AR86=0),"Đóng cọc",IF(AT86-AR86<0,"Thiếu",IF(AT86-AR86=0,"Đủ",0)))))) -> Trống | AV86: =AT86-AR86 -> 0
J87: 30 | K87: 30 | Q87: =P87-O87 -> 0 | R87: 3800 | S87: =Q87*R87 -> 0 | W87: 30000 | X87: =V87*W87 -> 0 | Z87: 30000 | AA87: =Y87*Z87 -> 0 | AC87: 100000 | AD87: =AC87*AB87 -> 0 | AM87: =AL87*AK87 -> 0 | AQ87: =SUM(S87,X87,AA87,AD87,AG87,AJ87,AM87,AP87) -> 0 | AR87: =AQ87+H87*E87+I87+L87+M87 -> 0 | AU87: =IF(AND(AR87>0,AT87=0),"Chưa TT",IF(AT87-AR87>0,"Thừa",IF(AND(AR87=0,AT87=0),"Trống",IF(AND(AT87>0,AR87=0),"Đóng cọc",IF(AT87-AR87<0,"Thiếu",IF(AT87-AR87=0,"Đủ",0)))))) -> Trống | AV87: =AT87-AR87 -> 0
J88: 30 | K88: 30 | Q88: =P88-O88 -> 0 | R88: 3800 | S88: =Q88*R88 -> 0 | W88: 30000 | X88: =V88*W88 -> 0 | Z88: 30000 | AA88: =Y88*Z88 -> 0 | AC88: 100000 | AD88: =AC88*AB88 -> 0 | AM88: =AL88*AK88 -> 0 | AQ88: =SUM(S88,X88,AA88,AD88,AG88,AJ88,AM88,AP88) -> 0 | AR88: =AQ88+H88*E88+I88+L88+M88 -> 0 | AU88: =IF(AND(AR88>0,AT88=0),"Chưa TT",IF(AT88-AR88>0,"Thừa",IF(AND(AR88=0,AT88=0),"Trống",IF(AND(AT88>0,AR88=0),"Đóng cọc",IF(AT88-AR88<0,"Thiếu",IF(AT88-AR88=0,"Đủ",0)))))) -> Trống | AV88: =AT88-AR88 -> 0
J89: 30 | K89: 30 | Q89: =P89-O89 -> 0 | R89: 3800 | S89: =Q89*R89 -> 0 | W89: 30000 | X89: =V89*W89 -> 0 | Z89: 30000 | AA89: =Y89*Z89 -> 0 | AC89: 100000 | AD89: =AC89*AB89 -> 0 | AM89: =AL89*AK89 -> 0 | AP89: =AN89*AO89 -> 0 | AQ89: =SUM(S89,X89,AA89,AD89,AG89,AJ89,AM89,AP89) -> 0 | AR89: =AQ89+H89*E89+I89+L89+M89 -> 0 | AU89: =IF(AND(AR89>0,AT89=0),"Chưa TT",IF(AT89-AR89>0,"Thừa",IF(AND(AR89=0,AT89=0),"Trống",IF(AND(AT89>0,AR89=0),"Đóng cọc",IF(AT89-AR89<0,"Thiếu",IF(AT89-AR89=0,"Đủ",0)))))) -> Trống | AV89: =AT89-AR89 -> 0
J90: 30 | K90: 30 | Q90: =P90-O90 -> 0 | R90: 3800 | S90: =Q90*R90 -> 0 | W90: 30000 | X90: =V90*W90 -> 0 | Z90: 30000 | AA90: =Y90*Z90 -> 0 | AC90: 100000 | AD90: =AC90*AB90 -> 0 | AM90: =AL90*AK90 -> 0 | AQ90: =SUM(S90,X90,AA90,AD90,AG90,AJ90,AM90,AP90) -> 0 | AR90: =AQ90+H90*E90+I90+L90+M90 -> 0 | AU90: =IF(AND(AR90>0,AT90=0),"Chưa TT",IF(AT90-AR90>0,"Thừa",IF(AND(AR90=0,AT90=0),"Trống",IF(AND(AT90>0,AR90=0),"Đóng cọc",IF(AT90-AR90<0,"Thiếu",IF(AT90-AR90=0,"Đủ",0)))))) -> Trống | AV90: =AT90-AR90 -> 0
J91: 30 | K91: 30 | Q91: =P91-O91 -> 0 | R91: 3800 | S91: =Q91*R91 -> 0 | W91: 30000 | X91: =V91*W91 -> 0 | Z91: 30000 | AA91: =Y91*Z91 -> 0 | AC91: 100000 | AD91: =AC91*AB91 -> 0 | AM91: =AL91*AK91 -> 0 | AQ91: =SUM(S91,X91,AA91,AD91,AG91,AJ91,AM91,AP91) -> 0 | AR91: =AQ91+H91*E91+I91+L91+M91 -> 0 | AU91: =IF(AND(AR91>0,AT91=0),"Chưa TT",IF(AT91-AR91>0,"Thừa",IF(AND(AR91=0,AT91=0),"Trống",IF(AND(AT91>0,AR91=0),"Đóng cọc",IF(AT91-AR91<0,"Thiếu",IF(AT91-AR91=0,"Đủ",0)))))) -> Trống | AV91: =AT91-AR91 -> 0
J92: 30 | K92: 30 | Q92: =P92-O92 -> 0 | R92: 3800 | S92: =Q92*R92 -> 0 | W92: 30000 | X92: =V92*W92 -> 0 | Z92: 30000 | AA92: =Y92*Z92 -> 0 | AC92: 100000 | AD92: =AC92*AB92 -> 0 | AM92: =AL92*AK92 -> 0 | AQ92: =SUM(S92,X92,AA92,AD92,AG92,AJ92,AM92,AP92) -> 0 | AR92: =AQ92+H92*E92+I92+L92+M92 -> 0 | AU92: =IF(AND(AR92>0,AT92=0),"Chưa TT",IF(AT92-AR92>0,"Thừa",IF(AND(AR92=0,AT92=0),"Trống",IF(AND(AT92>0,AR92=0),"Đóng cọc",IF(AT92-AR92<0,"Thiếu",IF(AT92-AR92=0,"Đủ",0)))))) -> Trống | AV92: =AT92-AR92 -> 0 | BO92: 1500000 | BQ92: 4680000 | BS92: chốt giá 3tr, 1/7 tính tiền
J93: 30 | K93: 30 | Q93: =P93-O93 -> 0 | R93: 3800 | S93: =Q93*R93 -> 0 | W93: 30000 | X93: =V93*W93 -> 0 | Z93: 30000 | AA93: =Y93*Z93 -> 0 | AC93: 100000 | AD93: =AC93*AB93 -> 0 | AM93: =AL93*AK93 -> 0 | AP93: =AN93*AO93 -> 0 | AQ93: =SUM(S93,X93,AA93,AD93,AG93,AJ93,AM93,AP93) -> 0 | AR93: =AQ93+H93*E93+I93+L93+M93 -> 0 | AU93: =IF(AND(AR93>0,AT93=0),"Chưa TT",IF(AT93-AR93>0,"Thừa",IF(AND(AR93=0,AT93=0),"Trống",IF(AND(AT93>0,AR93=0),"Đóng cọc",IF(AT93-AR93<0,"Thiếu",IF(AT93-AR93=0,"Đủ",0)))))) -> Trống | AV93: =AT93-AR93 -> 0
J94: 30 | K94: 30 | Q94: =P94-O94 -> 0 | R94: 3800 | S94: =Q94*R94 -> 0 | W94: 80000 | X94: =V94*W94 -> 0 | Z94: 50000 | AA94: =Y94*Z94 -> 0 | AC94: 100000 | AD94: =AC94*AB94 -> 0 | AF94: 50000 | AM94: =AL94*AK94 -> 0 | AQ94: =SUM(S94,X94,AA94,AD94,AG94,AJ94,AM94,AP94) -> 0 | AR94: =AQ94+H94*E94+I94+L94+M94 -> 0 | AU94: =IF(AND(AR94>0,AT94=0),"Chưa TT",IF(AT94-AR94>0,"Thừa",IF(AND(AR94=0,AT94=0),"Trống",IF(AND(AT94>0,AR94=0),"Đóng cọc",IF(AT94-AR94<0,"Thiếu",IF(AT94-AR94=0,"Đủ",0)))))) -> Trống | AV94: =AT94-AR94 -> 0
J95: 30 | K95: 30 | Q95: =P95-O95 -> 0 | R95: 3800 | S95: =Q95*R95 -> 0 | W95: 100000 | X95: =V95*W95 -> 0 | Z95: 30000 | AA95: =Y95*Z95 -> 0 | AC95: 100000 | AD95: =AC95*AB95 -> 0 | AM95: =AL95*AK95 -> 0 | AQ95: =SUM(S95,X95,AA95,AD95,AG95,AJ95,AM95,AP95) -> 0 | AR95: =AQ95+H95*E95+I95+L95+M95 -> 0 | AU95: =IF(AND(AR95>0,AT95=0),"Chưa TT",IF(AT95-AR95>0,"Thừa",IF(AND(AR95=0,AT95=0),"Trống",IF(AND(AT95>0,AR95=0),"Đóng cọc",IF(AT95-AR95<0,"Thiếu",IF(AT95-AR95=0,"Đủ",0)))))) -> Trống | AV95: =AT95-AR95 -> 0
J96: 30 | K96: 30 | Q96: =P96-O96 -> 0 | R96: 3800 | S96: =Q96*R96 -> 0 | W96: 100000 | X96: =V96*W96 -> 0 | Z96: 30000 | AA96: =Y96*Z96 -> 0 | AC96: 100000 | AD96: =AC96*AB96 -> 0 | AM96: =AL96*AK96 -> 0 | AQ96: =SUM(S96,X96,AA96,AD96,AG96,AJ96,AM96,AP96) -> 0 | AR96: =AQ96+H96*E96+I96+L96+M96 -> 0 | AU96: =IF(AND(AR96>0,AT96=0),"Chưa TT",IF(AT96-AR96>0,"Thừa",IF(AND(AR96=0,AT96=0),"Trống",IF(AND(AT96>0,AR96=0),"Đóng cọc",IF(AT96-AR96<0,"Thiếu",IF(AT96-AR96=0,"Đủ",0)))))) -> Trống | AV96: =AT96-AR96 -> 0
J97: 30 | K97: 30 | Q97: =P97-O97 -> 0 | R97: 3500 | S97: =Q97*R97 -> 0 | W97: 100000 | X97: =V97*W97 -> 0 | Z97: 30000 | AA97: =Y97*Z97 -> 0 | AC97: 100000 | AD97: =AC97*AB97 -> 0 | AM97: =AL97*AK97 -> 0 | AQ97: =SUM(S97,X97,AA97,AD97,AG97,AJ97,AM97,AP97) -> 0 | AR97: =AQ97+H97*E97+I97+L97+M97 -> 0 | AU97: =IF(AND(AR97>0,AT97=0),"Chưa TT",IF(AT97-AR97>0,"Thừa",IF(AND(AR97=0,AT97=0),"Trống",IF(AND(AT97>0,AR97=0),"Đóng cọc",IF(AT97-AR97<0,"Thiếu",IF(AT97-AR97=0,"Đủ",0)))))) -> Trống | AV97: =AT97-AR97 -> 0
J98: 30 | K98: 30 | Q98: =P98-O98 -> 0 | R98: 3500 | S98: =Q98*R98 -> 0 | W98: 100000 | X98: =V98*W98 -> 0 | Z98: 30000 | AA98: =Y98*Z98 -> 0 | AC98: 100000 | AD98: =AC98*AB98 -> 0 | AF98: 50000 | AM98: =AL98*AK98 -> 0 | AQ98: =SUM(S98,X98,AA98,AD98,AG98,AJ98,AM98,AP98) -> 0 | AR98: =AQ98+H98*E98+I98+L98+M98 -> 0 | AU98: =IF(AND(AR98>0,AT98=0),"Chưa TT",IF(AT98-AR98>0,"Thừa",IF(AND(AR98=0,AT98=0),"Trống",IF(AND(AT98>0,AR98=0),"Đóng cọc",IF(AT98-AR98<0,"Thiếu",IF(AT98-AR98=0,"Đủ",0)))))) -> Trống | AV98: =AT98-AR98 -> 0
J99: 30 | K99: 30 | Q99: =P99-O99 -> 0 | R99: 3800 | S99: =Q99*R99 -> 0 | W99: 100000 | X99: =V99*W99 -> 0 | Z99: 30000 | AA99: =Y99*Z99 -> 0 | AC99: 100000 | AD99: =AC99*AB99 -> 0 | AM99: =AL99*AK99 -> 0 | AQ99: =SUM(S99,X99,AA99,AD99,AG99,AJ99,AM99,AP99) -> 0 | AR99: =AQ99+H99*E99+I99+L99+M99 -> 0 | AU99: =IF(AND(AR99>0,AT99=0),"Chưa TT",IF(AT99-AR99>0,"Thừa",IF(AND(AR99=0,AT99=0),"Trống",IF(AND(AT99>0,AR99=0),"Đóng cọc",IF(AT99-AR99<0,"Thiếu",IF(AT99-AR99=0,"Đủ",0)))))) -> Trống | AV99: =AT99-AR99 -> 0
J100: 30 | K100: 30 | Q100: =P100-O100 -> 0 | R100: 3800 | S100: =Q100*R100 -> 0 | W100: 100000 | X100: =V100*W100 -> 0 | Z100: 30000 | AA100: =Y100*Z100 -> 0 | AC100: 100000 | AD100: =AC100*AB100 -> 0 | AF100: 40000 | AM100: =AL100*AK100 -> 0 | AQ100: =SUM(S100,X100,AA100,AD100,AG100,AJ100,AM100,AP100) -> 0 | AR100: =AQ100+H100*E100+I100+L100+M100 -> 0 | AU100: =IF(AND(AR100>0,AT100=0),"Chưa TT",IF(AT100-AR100>0,"Thừa",IF(AND(AR100=0,AT100=0),"Trống",IF(AND(AT100>0,AR100=0),"Đóng cọc",IF(AT100-AR100<0,"Thiếu",IF(AT100-AR100=0,"Đủ",0)))))) -> Trống | AV100: =AT100-AR100 -> 0
...

Sheet BÁO CÁO THÁNG 2
A1: BÁO CÁO KINH DOANH G1 THÁNG 2/2026 | F1: BẢNG CHIA CỔ PHẦN G1
A2: Tổng doanh thu tháng 2 | C2: ='HĐ T2.26'!AX2 -> 71112000 | D2: DT TRÊN HĐ - HOÀN CỌC | G2: Tỷ lệ % | H2: Vốn | I2: LN Gộp | J2: LN ròng | K2: LNR/GV | L2: CP/LNG | M2: Tổng nhận
A3: Cọc phòng mới | C3: 4100000 | D3: P201 | F3: CHUNG | G3: 10 | H3: =G3*($C$22/100) -> 4800000 | I3: =G3*$C$71/100 -> 1627802.2 | J3: =G3*$C$72/100 -> 516357.65 | M3: =H3+J3 -> 5316357.7
F4: HẰNG | G4: 20 | H4: =G4*($C$22/100) -> 9600000 | I4: =G4*$C$71/100 -> 3255604.4 | J4: =G4*$C$72/100 -> 1032715.3 | M4: =H4+J4 -> 10632715
F5: TÙNG | G5: 15 | H5: =G5*($C$22/100) -> 7200000 | I5: =G5*$C$71/100 -> 2441703.3 | J5: =G5*$C$72/100 -> 774536.48 | M5: =H5+J5 -> 7974536.5
A6: Cọc khách bỏ không ở | F6: NGỌC | G6: 5 | H6: =G6*($C$22/100) -> 2400000 | I6: =G6*$C$71/100 -> 813901.1 | J6: =G6*$C$72/100 -> 258178.83 | M6: =H6+J6 -> 2658178.8
A7: Hoàn Cọc | F7: MẠNH | G7: 15 | H7: =G7*($C$22/100) -> 7200000 | I7: =G7*$C$71/100 -> 2441703.3 | J7: =G7*$C$72/100 -> 774536.48 | M7: =H7+J7 -> 7974536.5
F8: HÀO | G8: 10 | H8: =G8*($C$22/100) -> 4800000 | I8: =G8*$C$71/100 -> 1627802.2 | J8: =G8*$C$72/100 -> 516357.65 | M8: =H8+J8 -> 5316357.7 | N8: =H13+J13 -> 53163577
B9: Tổng số phòng phá hđ | C9: 1 | F9: A ĐIỆP | G9: 5 | H9: =G9*($C$22/100) -> 2400000 | I9: =G9*$C$71/100 -> 813901.1 | J9: =G9*$C$72/100 -> 258178.83 | M9: =H9+J9 -> 2658178.8 | N9: =H13+J13 -> 53163577
B10: Tổng số phòng mới | C10: 1 | F10: LÂM | G10: 10 | H10: =G10*($C$22/100) -> 4800000 | I10: =G10*$C$71/100 -> 1627802.2 | J10: =G10*$C$72/100 -> 516357.65 | M10: =H10+J10 -> 5316357.7
B11: Tổng số phòng trống | C11: 1 | F11: HUY ANH | G11: 10 | H11: =G11*($C$22/100) -> 4800000 | I11: =G11*$C$71/100 -> 1627802.2 | J11: =G11*$C$72/100 -> 516357.65 | M11: =H11+J11 -> 5316357.7
B12: Doanh thu tiền phòng | C12: ='HĐ T2.26'!I2-'HĐ T2.26'!I5 -> 54000000
B13: Doanh thu điện | C13: ='HĐ T2.26'!T2+'HĐ T2.26'!AT2 -> 4172000 | G13: =SUM(G3:G12) -> 100 | H13: =SUM(H3:H12) -> 48000000 | I13: =SUM(I3:I12) -> 16278022 | J13: =SUM(J3:J12) -> 5163576.5 | K13: =C76*100 -> 9.4167462 | L13: =C78 -> 4.0513782 | M13: =SUM(M3:M12) -> 53163577
B14: Doanh thu nước | C14: ='HĐ T2.26'!Y2-'HĐ T2.26'!Y5 -> 2880000
B15: Doanh thu phí vệ sinh | C15: =('HĐ T2.26'!AQ2-'HĐ T2.26'!AQ5)/2 -> 1440000
B16: Doanh thu mạng | C16: ='HĐ T2.26'!AE2-'HĐ T2.26'!AE5 -> 1000000
B17: Doanh thu xe điện | C17: ='HĐ T2.26'!AK2 -> 700000
B18: Doanh thu phí thang máy | C18: ='HĐ T2.26'!AH2-'HĐ T2.26'!AH5 -> 1380000
B19: Doanh thu máy giặt | C19: =('HĐ T2.26'!AQ2-'HĐ T2.26'!AQ5)/2 -> 1440000
B20: Doanh thu tổng dịch vụ nhà | C20: =SUM(C13:C19) -> 13012000
A22: Tiền thuê nhà 1 tháng | B22: Tiền thuê nhà | C22: 48000000
A23: Mua sắm thêm thiết bị
A28: Gía gốc dịch vụ | B28: Điện | C28: 6533978
B29: Nước | C29: 0
B30: Mạng | C30: 0
B31: Phí thu rác | C31: 300000
B32: Phí môi trường
B33: Phí bảo trì thang máy
A34: Gía vốn( GV) | C34: =SUM(C22:C33) -> 54833978
A35: Chi phí vận hành | B35: Lương quản lý | C35: ='[5]THÁNG 2 '!$W$116 -> 1379432.1
B36: Lương quản lý tổng | C36: =(12000000/1205)*15 -> 149377.59
B37: Lương trưởng phòng vận hành | C37: =(10000000/1205)*15+7000*15 -> 229481.33
B38: Lương phó phòng vận hành | C38: =(8000000/1205)*15+5000*15 -> 174585.06
B39: Lương nhân viên nguồn | C39: =(6000000/1205)*15 -> 74688.797
B40: Lương NVKD partime | C40: =(SUM('[5]THÁNG 2 '!$Y$126/1205)*15) -> 291573.57
B41: Lương vệ sinh | C41: 550000
B42: Lương kế toán | C42: =150000+10000+(2000000/1205)*15 -> 184896.27
B43: Lương sửa chữa | C43: =(22000000/1205)*15 -> 273858.92
B44: Lương bảo vệ
B45: Thuê và dv VP | C45: =('[6]THÁNG 2.26 '!$B$19/1205)*15 -> 2268821.6
A46: Chi phí bán hàng phát sinh | B46: Phí marketing | C46: =('[6]THÁNG 2.26 '!$F$10/1205)*15 -> 97730.29
C47: 2050000 | D47: P201
B50: Sửa chữa ,thay thế,bảo trì | C50: 10000 | D50: sửa rò nước máy bơm
B65: chi phí khác | C65: 3380000 | D65: đi đường mạng vào các phòng
A69: Tổng chi phí bán hàng (CPBH) | C69: =SUM(C35:C68) -> 11114445
A70: TỔNG CHI PHÍ (TCP) | C70: =C34+C69 -> 65948423
A71: Lợi nhuận gộp (LNG) | C71: =C2-C34 -> 16278022 | D71: DT-GV
A72: Lợi nhuận ròng (LNR) | C72: =C2-C70 -> 5163576.5 | D72: DT-TCP
A73: Gía vốn( GV) | C73: =C34 -> 54833978
A74: Tỷ lệ LNR /DT | C74: =C72/C2 -> 0.072611887
A75: Tỷ lệ LNG /DT | C75: =C71/C2 -> 0.22890682
A76: Tỷ lệ LNR /GV | C76: =C72/C73 -> 0.094167462
A77: Tỷ lệ LNR/LNG | C77: =C72/C71 -> 0.31721155
A78: CP/LNG | C78: =C70/C71 -> 4.0513782
A79: GV/DT | C79: =C73/C2 -> 0.77109318
A80: CPBH/DT | C80: =C69/C2 -> 0.15629494
A81: TCP/DT | C81: =C70/C2 -> 0.92738811
A82: LƯƠNG/CPBH | C82: =SUM(C35:C44)/C69 -> 0.29762111
A83: HH/CPBH | C83: =SUM(C46:C49)/C69 -> 0.19323774
A84: CPK/CPBH | C84: =SUM(C65:C68)/C69 -> 0.30410874

Sheet HĐ T2.26
A1: Mã | B1: Tòa | C1: Phòng | D1: Quản lý | E1: Kỳ TT | F1: Cọc khách cũ | G1: Giá Niêm yết | H1: Giá QL | I1: Gía phòng hiện tại | J1: Cọc | K1: Ngày ở | L1: Ngày DV | M1: Nợ cũ | N1: Thu khác | O1: Số người | P1: Điện | U1: Nước | Z1: VỆ SINH | AC1: MẠNG | AF1: THANG MÁY | AI1: XE ĐIỆN | AL1: Máy giặt | AO1: DV khác | AR1: Điện chung | AU1: Tổng DV | AV1: Tổng cần đóng | AW1: Ghi Chú Hóa đơn | AX1: Tổng đã đóng link | AY1: Tình trạng | AZ1: Công nợ KH | BA1: GHI CHÚ
G2: =SUM(G4:G19) -> 61200000 | H2: =SUM(H4:H19) -> 57600000 | I2: =SUM(I4:I19) -> 57600000 | J2: =SUM(J4:J19) -> 4100000 | K2: =SUM(K4:K19) -> 480 | L2: =SUM(L4:L19) -> 480 | M2: =SUM(M4:M19) -> 0 | N2: =SUM(N4:N19) -> 0 | ... AX2: =SUM(AX4:AX19) -> 71112000
M3: (thiếu ghi âm) | N3: + | P3: CS cu | Q3: Cs moi | R3: SL | S3: Đơn giá | T3: Thành tiền | U3: CS cu | V3: CS moi | W3: SL | X3: Đơn giá | Y3: Thành tiền | Z3: SL | AA3: Đơn giá | AB3: Thành tiền | AC3: SL | AD3: Đơn giá | AE3: Thành tiền | AF3: SL | AG3: Đơn giá | AH3: Thành tiền | AI3: SL | AJ3: Đơn giá | AK3: Thành tiền | AL3: SL | AM3: Đơn giá | AN3: Thành tiền | AO3: SL | AP3: Đơn giá | AQ3: Thành tiền | AR3: SL | AS3: Đơn giá | AT3: Thành tiền | AY3: =AX3-AV3 -> 0
A4: 000G1 | B4: G1 | C4: 0 | D4: ĐỖ THANH HƯƠNG | E4: 1 | K4: 30 | L4: 30 | R4: 640 | S4: 3500 | T4: =R4*S4 -> 2240000 | AU4: =(SUM(T4,Y4,AB4,AE4,AH4,AK4,AN4,AQ4,AT4)) -> 2240000 | AV4: =AU4+I4*E4+J4+M4+N4 -> 2240000 | AW4: thanh toán chủ nhà 300k tiền nước | AX4: =1940000+300000 -> 2240000 | AY4: =IF(AND(AV4>0,AX4=0),"Chưa TT",IF(AX4-AV4>0,"Thừa",IF(AND(AV4=0,AX4=0),"Trống",IF(AND(AX4>0,AV4=0),"Đóng cọc",IF(AX4-AV4<0,"Thiếu",IF(AX4-AV4=0,"Đủ",0)))))) -> Đủ | AZ4: =AX4-AV4 -> 0
A5: 101G1 | B5: G1 | C5: 101 | D5: ĐỖ THANH HƯƠNG | E5: 1 | F5: 3600000 | G5: 3600000 | H5: 3600000 | I5: 3600000 | K5: 30 | L5: 30 | O5: 1 | P5: 5 | Q5: 38 | R5: =Q5-P5 -> 33 | S5: 4000 | T5: =R5*S5 -> 132000 | W5: 1 | X5: 120000 | Y5: =W5*X5 -> 120000 | AC5: 1 | AD5: 100000 | AE5: =AC5*AD5 -> 100000 | AF5: 1 | AG5: 60000 | AH5: =AF5*AG5 -> 60000 | AO5: 1 | AP5: 120000 | AQ5: =AO5*AP5 -> 120000 | AT5: =AR5*AS5 -> 0 | AU5: =(SUM(T5,Y5,AB5,AE5,AH5,AK5,AN5,AQ5,AT5)) -> 532000 | AV5: =AU5+I5*E5+J5+M5+N5 -> 4132000 | AW5: kh phá hd | AX5: 132000 | AY5: =IF(AND(AV5>0,AX5=0),"Chưa TT",IF(AX5-AV5>0,"Thừa",IF(AND(AV5=0,AX5=0),"Trống",IF(AND(AX5>0,AV5=0),"Đóng cọc",IF(AX5-AV5<0,"Thiếu",IF(AX5-AV5=0,"Đủ",0)))))) -> Thiếu | AZ5: =AX5-AV5 -> -4000000
A6: 201G1 | B6: G1 | C6: 201 | D6: ĐỖ THANH HƯƠNG | E6: 1 | F6: 4100000 | G6: 4200000 | H6: 4100000 | I6: 4100000 | J6: 4100000 | K6: 30 | L6: 30 | O6: 2 | P6: 33 | Q6: 33 | R6: =Q6-P6 -> 0 | S6: 4000 | T6: =R6*S6 -> 0 | W6: 2 | X6: 120000 | Y6: =W6*X6 -> 240000 | AC6: 1 | AD6: 100000 | AE6: =AC6*AD6 -> 100000 | AF6: 2 | AG6: 60000 | AH6: =AF6*AG6 -> 120000 | AI6: 1 | AJ6: 150000 | AK6: =AI6*AJ6 -> 150000 | AO6: 2 | AP6: 120000 | AQ6: =AO6*AP6 -> 240000 | AT6: =AR6*AS6 -> 0 | AU6: =(SUM(T6,Y6,AB6,AE6,AH6,AK6,AN6,AQ6,AT6)) -> 850000 | AV6: =AU6+I6*E6+J6+M6+N6 -> 9050000 | AW6: Kh mới 1/2 chốt giá 4tr1 | AX6: =4100000+4950000 -> 9050000 | AY6: =IF(AND(AV6>0,AX6=0),"Chưa TT",IF(AX6-AV6>0,"Thừa",IF(AND(AV6=0,AX6=0),"Trống",IF(AND(AX6>0,AV6=0),"Đóng cọc",IF(AX6-AV6<0,"Thiếu",IF(AX6-AV6=0,"Đủ",0)))))) -> Đủ | AZ6: =AX6-AV6 -> 0 | CA6: 1935 | CB6: 1967 | CC6: =CB6-CA6 -> 32 | CD6: 3800 | CE6: =CC6*CD6 -> 121600 | CG6: =CE6/3 -> 40533.333
A7: 202G1 | B7: G1 | C7: 202 | D7: ĐỖ THANH HƯƠNG | E7: 1 | F7: 3800000 | G7: 4000000 | H7: 3800000 | I7: 3800000 | K7: 30 | L7: 30 | O7: 1 | P7: 5 | Q7: 60 | R7: =Q7-P7 -> 55 | S7: 4000 | T7: =R7*S7 -> 220000 | W7: 1 | X7: 120000 | Y7: =W7*X7 -> 120000 | AC7: 1 | AD7: 100000 | AE7: =AC7*AD7 -> 100000 | AF7: 1 | AG7: 60000 | AH7: =AF7*AG7 -> 60000 | AN7: =AL7*AM7 -> 0 | AO7: 1 | AP7: 120000 | AQ7: =AO7*AP7 -> 120000 | AT7: =AR7*AS7 -> 0 | AU7: =(SUM(T7,Y7,AB7,AE7,AH7,AK7,AN7,AQ7,AT7)) -> 620000 | AV7: =AU7+I7*E7+J7+M7+N7 -> 4420000 | AX7: 4420000 | AY7: =IF(AND(AV7>0,AX7=0),"Chưa TT",IF(AX7-AV7>0,"Thừa",IF(AND(AV7=0,AX7=0),"Trống",IF(AND(AX7>0,AV7=0),"Đóng cọc",IF(AX7-AV7<0,"Thiếu",IF(AX7-AV7=0,"Đủ",0)))))) -> Đủ | AZ7: =AX7-AV7 -> 0 | CA7: 1935 | CB7: 1967 | CC7: =CB7-CA7 -> 32 | CD7: 3800 | CE7: =CC7*CD7 -> 121600 | CG7: =CE7/3 -> 40533.333
A8: 203G1 | B8: G1 | C8: 203 | D8: ĐỖ THANH HƯƠNG | E8: 1 | F8: 3800000 | G8: 4300000 | H8: 3800000 | I8: 3800000 | K8: 30 | L8: 30 | O8: 1 | P8: 5 | Q8: 5 | R8: =Q8-P8 -> 0 | S8: 4000 | T8: =R8*S8 -> 0 | W8: 1 | X8: 120000 | Y8: =W8*X8 -> 120000 | AD8: 100000 | AE8: =AC8*AD8 -> 0 | AG8: 60000 | AH8: =AF8*AG8 -> 0 | AO8: 1 | AP8: 120000 | AQ8: =AO8*AP8 -> 120000 | AT8: =AR8*AS8 -> 0 | AU8: =(SUM(T8,Y8,AB8,AE8,AH8,AK8,AN8,AQ8,AT8)) -> 240000 | AV8: =AU8+I8*E8+J8+M8+N8 -> 4040000 | AX8: 4040000 | AY8: =IF(AND(AV8>0,AX8=0),"Chưa TT",IF(AX8-AV8>0,"Thừa",IF(AND(AV8=0,AX8=0),"Trống",IF(AND(AX8>0,AV8=0),"Đóng cọc",IF(AX8-AV8<0,"Thiếu",IF(AX8-AV8=0,"Đủ",0)))))) -> Đủ | AZ8: =AX8-AV8 -> 0 | CA8: 144 | CB8: 209 | CC8: =CB8-CA8 -> 65 | CD8: 3800 | CE8: =CC8*CD8 -> 247000 | CG8: =CE8/3 -> 82333.333
A9: 301G1 | B9: G1 | C9: 301 | D9: ĐỖ THANH HƯƠNG | E9: 1 | F9: 3900000 | G9: 4200000 | H9: 3900000 | I9: 3900000 | K9: 30 | L9: 30 | O9: 1 | P9: 4 | Q9: 4 | R9: =Q9-P9 -> 0 | S9: 4000 | T9: =R9*S9 -> 0 | W9: 1 | X9: 120000 | Y9: =W9*X9 -> 120000 | AC9: 1 | AD9: 100000 | AE9: =AC9*AD9 -> 100000 | AF9: 1 | AG9: 60000 | AH9: =AF9*AG9 -> 60000 | AI9: 1 | AJ9: 150000 | AK9: =AI9*AJ9 -> 150000 | AO9: 1 | AP9: 120000 | AQ9: =AO9*AP9 -> 120000 | AT9: =AR9*AS9 -> 0 | AU9: =(SUM(T9,Y9,AB9,AE9,AH9,AK9,AN9,AQ9,AT9)) -> 550000 | AV9: =AU9+I9*E9+J9+M9+N9 -> 4450000 | AX9: 4450000 | AY9: =IF(AND(AV9>0,AX9=0),"Chưa TT",IF(AX9-AV9>0,"Thừa",IF(AND(AV9=0,AX9=0),"Trống",IF(AND(AX9>0,AV9=0),"Đóng cọc",IF(AX9-AV9<0,"Thiếu",IF(AX9-AV9=0,"Đủ",0)))))) -> Đủ | AZ9: =AX9-AV9 -> 0 | CA9: 144 | CB9: 209 | CC9: =CB9-CA9 -> 65 | CD9: 3800 | CE9: =CC9*CD9 -> 247000 | CG9: =CE9/3 -> 82333.333
A10: 302G1 | B10: G1 | C10: 302 | D10: ĐỖ THANH HƯƠNG | E10: 1 | F10: 3800000 | G10: 4000000 | H10: 3800000 | I10: 3800000 | K10: 30 | L10: 30 | O10: 2 | P10: 6 | Q10: 53 | R10: =Q10-P10 -> 47 | S10: 4000 | T10: =R10*S10 -> 188000 | W10: 2 | X10: 120000 | Y10: =W10*X10 -> 240000 | AC10: 1 | AD10: 100000 | AE10: =AC10*AD10 -> 100000 | AF10: 2 | AG10: 60000 | AH10: =AF10*AG10 -> 120000 | AO10: 2 | AP10: 120000 | AQ10: =AO10*AP10 -> 240000 | AT10: =AR10*AS10 -> 0 | AU10: =(SUM(T10,Y10,AB10,AE10,AH10,AK10,AN10,AQ10,AT10)) -> 888000 | AV10: =AU10+I10*E10+J10+M10+N10 -> 4688000 | AX10: 4688000 | AY10: =IF(AND(AV10>0,AX10=0),"Chưa TT",IF(AX10-AV10>0,"Thừa",IF(AND(AV10=0,AX10=0),"Trống",IF(AND(AX10>0,AV10=0),"Đóng cọc",IF(AX10-AV10<0,"Thiếu",IF(AX10-AV10=0,"Đủ",0)))))) -> Đủ | AZ10: =AX10-AV10 -> 0 | CA10: 144 | CB10: 209 | CC10: =CB10-CA10 -> 65 | CD10: 3800 | CE10: =CC10*CD10 -> 247000 | CG10: =CE10/3 -> 82333.333
A11: 303G1 | B11: G1 | C11: 303 | D11: ĐỖ THANH HƯƠNG | E11: 1 | F11: 4000000 | G11: 4300000 | H11: 4000000 | I11: 4000000 | K11: 30 | L11: 30 | O11: 3 | P11: 3 | Q11: 128 | R11: =Q11-P11 -> 125 | S11: 4000 | T11: =R11*S11 -> 500000 | W11: 3 | X11: 120000 | Y11: =W11*X11 -> 360000 | AB11: =Z11*AA11 -> 0 | AD11: 100000 | AE11: =AC11*AD11 -> 0 | AF11: 3 | AG11: 60000 | AH11: =AF11*AG11 -> 180000 | AO11: 3 | AP11: 120000 | AQ11: =AO11*AP11 -> 360000 | AT11: =AR11*AS11 -> 0 | AU11: =(SUM(T11,Y11,AB11,AE11,AH11,AK11,AN11,AQ11,AT11)) -> 1400000 | AV11: =AU11+I11*E11+J11+M11+N11 -> 5400000 | AX11: 5400000 | AY11: =IF(AND(AV11>0,AX11=0),"Chưa TT",IF(AX11-AV11>0,"Thừa",IF(AND(AV11=0,AX11=0),"Trống",IF(AND(AX11>0,AV11=0),"Đóng cọc",IF(AX11-AV11<0,"Thiếu",IF(AX11-AV11=0,"Đủ",0)))))) -> Đủ | AZ11: =AX11-AV11 -> 0
A12: 304G1 | B12: G1 | C12: 304 | D12: ĐỖ THANH HƯƠNG | E12: 1 | F12: 4100000 | G12: 4400000 | H12: 4100000 | I12: 4100000 | K12: 30 | L12: 30 | O12: 2 | P12: 2 | Q12: 48 | R12: =Q12-P12 -> 46 | S12: 4000 | T12: =R12*S12 -> 184000 | W12: 2 | X12: 120000 | Y12: =W12*X12 -> 240000 | AB12: =Z12*AA12 -> 0 | AC12: 1 | AD12: 100000 | AE12: =AC12*AD12 -> 100000 | AF12: 2 | AG12: 60000 | AH12: =AF12*AG12 -> 120000 | AO12: 2 | AP12: 120000 | AQ12: =AO12*AP12 -> 240000 | AT12: =AR12*AS12 -> 0 | AU12: =(SUM(T12,Y12,AB12,AE12,AH12,AK12,AN12,AQ12,AT12)) -> 884000 | AV12: =AU12+I12*E12+J12+M12+N12 -> 4984000 | AX12: 4984000 | AY12: =IF(AND(AV12>0,AX12=0),"Chưa TT",IF(AX12-AV12>0,"Thừa",IF(AND(AV12=0,AX12=0),"Trống",IF(AND(AX12>0,AV12=0),"Đóng cọc",IF(AX12-AV12<0,"Thiếu",IF(AX12-AV12=0,"Đủ",0)))))) -> Đủ | AZ12: =AX12-AV12 -> 0
A13: 401G1 | B13: G1 | C13: 401 | D13: ĐỖ THANH HƯƠNG | E13: 1 | F13: 4100000 | G13: =4200000+200000 -> 4400000 | H13: 4100000 | I13: 4100000 | K13: 30 | L13: 30 | O13: 2 | P13: 27 | Q13: 44 | R13: =Q13-P13 -> 17 | S13: 4000 | T13: =R13*S13 -> 68000 | W13: 2 | X13: 120000 | Y13: =W13*X13 -> 240000 | AC13: 1 | AD13: 100000 | AE13: =AC13*AD13 -> 100000 | AF13: 2 | AG13: 60000 | AH13: =AF13*AG13 -> 120000 | AO13: 2 | AP13: 120000 | AQ13: =AO13*AP13 -> 240000 | AT13: =AR13*AS13 -> 0 | AU13: =(SUM(T13,Y13,AB13,AE13,AH13,AK13,AN13,AQ13,AT13)) -> 768000 | AV13: =AU13+I13*E13+J13+M13+N13 -> 4868000 | AX13: =1868000+3000000 -> 4868000 | AY13: =IF(AND(AV13>0,AX13=0),"Chưa TT",IF(AX13-AV13>0,"Thừa",IF(AND(AV13=0,AX13=0),"Trống",IF(AND(AX13>0,AV13=0),"Đóng cọc",IF(AX13-AV13<0,"Thiếu",IF(AX13-AV13=0,"Đủ",0)))))) -> Đủ | AZ13: =AX13-AV13 -> 0
A14: 402G1 | B14: G1 | C14: 402 | D14: ĐỖ THANH HƯƠNG | E14: 1 | F14: 3900000 | G14: 4000000 | H14: 3900000 | I14: 3900000 | K14: 30 | L14: 30 | O14: 2 | P14: 6 | Q14: 29 | R14: =Q14-P14 -> 23 | S14: 4000 | T14: =R14*S14 -> 92000 | W14: 2 | X14: 120000 | Y14: =W14*X14 -> 240000 | AC14: 1 | AD14: 100000 | AE14: =AC14*AD14 -> 100000 | AF14: 2 | AG14: 60000 | AH14: =AF14*AG14 -> 120000 | AI14: 1 | AJ14: 400000 | AK14: =AI14*AJ14 -> 400000 | AO14: 2 | AP14: 120000 | AQ14: =AO14*AP14 -> 240000 | AT14: =AR14*AS14 -> 0 | AU14: =(SUM(T14,Y14,AB14,AE14,AH14,AK14,AN14,AQ14,AT14)) -> 1192000 | AV14: =AU14+I14*E14+J14+M14+N14 -> 5092000 | AX14: =1000000+4092000 -> 5092000 | AY14: =IF(AND(AV14>0,AX14=0),"Chưa TT",IF(AX14-AV14>0,"Thừa",IF(AND(AV14=0,AX14=0),"Trống",IF(AND(AX14>0,AV14=0),"Đóng cọc",IF(AX14-AV14<0,"Thiếu",IF(AX14-AV14=0,"Đủ",0)))))) -> Đủ | AZ14: =AX14-AV14 -> 0
A15: 403G1 | B15: G1 | C15: 403 | D15: ĐỖ THANH HƯƠNG | E15: 1 | F15: 4200000 | G15: =4300000+200000 -> 4500000 | H15: 4200000 | I15: 4200000 | K15: 30 | L15: 30 | O15: 2 | P15: 12 | Q15: 12 | R15: =Q15-P15 -> 0 | S15: 4000 | T15: =R15*S15 -> 0 | W15: 2 | X15: 120000 | Y15: =W15*X15 -> 240000 | AD15: 100000 | AE15: =AC15*AD15 -> 0 | AF15: 2 | AG15: 60000 | AH15: =AF15*AG15 -> 120000 | AO15: 2 | AP15: 120000 | AQ15: =AO15*AP15 -> 240000 | AT15: =AR15*AS15 -> 0 | AU15: =(SUM(T15,Y15,AB15,AE15,AH15,AK15,AN15,AQ15,AT15)) -> 600000 | AV15: =AU15+I15*E15+J15+M15+N15 -> 4800000 | AX15: 4800000 | AY15: =IF(AND(AV15>0,AX15=0),"Chưa TT",IF(AX15-AV15>0,"Thừa",IF(AND(AV15=0,AX15=0),"Trống",IF(AND(AX15>0,AV15=0),"Đóng cọc",IF(AX15-AV15<0,"Thiếu",IF(AX15-AV15=0,"Đủ",0)))))) -> Đủ | AZ15: =AX15-AV15 -> 0
A16: 404G1 | B16: G1 | C16: 404 | D16: ĐỖ THANH HƯƠNG | E16: 1 | F16: 4000000 | G16: 4400000 | H16: 4000000 | I16: 4000000 | K16: 30 | L16: 30 | O16: 1 | P16: 5 | Q16: 53 | R16: =Q16-P16 -> 48 | S16: 4000 | T16: =R16*S16 -> 192000 | W16: 1 | X16: 120000 | Y16: =W16*X16 -> 120000 | AD16: 100000 | AE16: =AC16*AD16 -> 0 | AF16: 1 | AG16: 60000 | AH16: =AF16*AG16 -> 60000 | AO16: 1 | AP16: 120000 | AQ16: =AO16*AP16 -> 120000 | AT16: =AR16*AS16 -> 0 | AU16: =(SUM(T16,Y16,AB16,AE16,AH16,AK16,AN16,AQ16,AT16)) -> 492000 | AV16: =AU16+I16*E16+J16+M16+N16 -> 4492000 | AX16: 4492000 | AY16: =IF(AND(AV16>0,AX16=0),"Chưa TT",IF(AX16-AV16>0,"Thừa",IF(AND(AV16=0,AX16=0),"Trống",IF(AND(AX16>0,AV16=0),"Đóng cọc",IF(AX16-AV16<0,"Thiếu",IF(AX16-AV16=0,"Đủ",0)))))) -> Đủ | AZ16: =AX16-AV16 -> 0
A17: 601G1 | B17: G1 | C17: 601 | D17: ĐỖ THANH HƯƠNG | E17: 1 | F17: 3800000 | G17: 4100000 | H17: 3800000 | I17: 3800000 | K17: 30 | L17: 30 | O17: 1 | P17: 1 | Q17: 15 | R17: =Q17-P17 -> 14 | S17: 4000 | T17: =R17*S17 -> 56000 | W17: 1 | X17: 120000 | Y17: =W17*X17 -> 120000 | AC17: 1 | AD17: 100000 | AE17: =AC17*AD17 -> 100000 | AF17: 1 | AG17: 60000 | AH17: =AF17*AG17 -> 60000 | AO17: 1 | AP17: 120000 | AQ17: =AO17*AP17 -> 120000 | AT17: =AR17*AS17 -> 0 | AU17: =(SUM(T17,Y17,AB17,AE17,AH17,AK17,AN17,AQ17,AT17)) -> 456000 | AV17: =AU17+I17*E17+J17+M17+N17 -> 4256000 | AX17: 4256000 | AY17: =IF(AND(AV17>0,AX17=0),"Chưa TT",IF(AX17-AV17>0,"Thừa",IF(AND(AV17=0,AX17=0),"Trống",IF(AND(AX17>0,AV17=0),"Đóng cọc",IF(AX17-AV17<0,"Thiếu",IF(AX17-AV17=0,"Đủ",0)))))) -> Đủ | AZ17: =AX17-AV17 -> 0
A18: 603G1 | B18: G1 | C18: 603 | D18: ĐỖ THANH HƯƠNG | E18: 1 | F18: 3000000 | G18: 3300000 | H18: 3000000 | I18: 3000000 | K18: 30 | L18: 30 | O18: 2 | P18: 3 | Q18: 33 | R18: =Q18-P18 -> 30 | S18: 4000 | T18: =R18*S18 -> 120000 | W18: 2 | X18: 120000 | Y18: =W18*X18 -> 240000 | AB18: =Z18*AA18 -> 0 | AC18: 1 | AD18: 100000 | AE18: =AC18*AD18 -> 100000 | AF18: 2 | AG18: 60000 | AH18: =AF18*AG18 -> 120000 | AO18: 2 | AP18: 120000 | AQ18: =AO18*AP18 -> 240000 | AR18: =(37-3)/2 -> 17 | AS18: 4000 | AT18: =AR18*AS18 -> 68000 | AU18: =(SUM(T18,Y18,AB18,AE18,AH18,AK18,AN18,AQ18,AT18)) -> 888000 | AV18: =AU18+I18*E18+J18+M18+N18 -> 3888000 | AX18: 3888000 | AY18: =IF(AND(AV18>0,AX18=0),"Chưa TT",IF(AX18-AV18>0,"Thừa",IF(AND(AV18=0,AX18=0),"Trống",IF(AND(AX18>0,AV18=0),"Đóng cọc",IF(AX18-AV18<0,"Thiếu",IF(AX18-AV18=0,"Đủ",0)))))) -> Đủ | AZ18: =AX18-AV18 -> 0
A19: 604G1 | B19: G1 | C19: 604 | D19: ĐỖ THANH HƯƠNG | E19: 1 | F19: 3500000 | G19: 3500000 | H19: 3500000 | I19: 3500000 | K19: 30 | L19: 30 | O19: 2 | P19: 1 | Q19: 12 | R19: =Q19-P19 -> 11 | S19: 4000 | T19: =R19*S19 -> 44000 | W19: 2 | X19: 120000 | Y19: =W19*X19 -> 240000 | AC19: 1 | AD19: 100000 | AE19: =AC19*AD19 -> 100000 | AF19: 2 | AG19: 60000 | AH19: =AF19*AG19 -> 120000 | AO19: 2 | AP19: 120000 | AQ19: =AO19*AP19 -> 240000 | AR19: =(37-3)/2 -> 17 | AS19: 4000 | AT19: =AR19*AS19 -> 68000 | AU19: =(SUM(T19,Y19,AB19,AE19,AH19,AK19,AN19,AQ19,AT19)) -> 812000 | AV19: =AU19+I19*E19+J19+M19+N19 -> 4312000 | AX19: 4312000 | AY19: =IF(AND(AV19>0,AX19=0),"Chưa TT",IF(AX19-AV19>0,"Thừa",IF(AND(AV19=0,AX19=0),"Trống",IF(AND(AX19>0,AV19=0),"Đóng cọc",IF(AX19-AV19<0,"Thiếu",IF(AX19-AV19=0,"Đủ",0)))))) -> Đủ | AZ19: =AX19-AV19 -> 0

Sheet BÁO CÁO THÁNG 3
A1: BÁO CÁO KINH DOANH G1 THÁNG 3/2026 | F1: BẢNG CHIA CỔ PHẦN G1
A2: Tổng doanh thu tháng 3 | C2: ='HĐ T3.26 '!AX2 -> 74940000 | D2: DT TRÊN HĐ - HOÀN CỌC | G2: Tỷ lệ % | H2: Vốn | I2: LN Gộp | J2: LN ròng | K2: LNR/GV | L2: CP/LNG | M2: Tổng nhận
A3: Cọc phòng mới | C3: 3500000 | D3: P101 | F3: CHUNG | G3: 10 | H3: =G3*($C$22/100) -> 4800000 | I3: =G3*$C$71/100 -> 2071885.7 | J3: =G3*$C$72/100 -> 1445326 | M3: =H3+J3 -> 6245326
F4: HẰNG | G4: 20 | H4: =G4*($C$22/100) -> 9600000 | I4: =G4*$C$71/100 -> 4143771.4 | J4: =G4*$C$72/100 -> 2890652 | M4: =H4+J4 -> 12490652
F5: TÙNG | G5: 15 | H5: =G5*($C$22/100) -> 7200000 | I5: =G5*$C$71/100 -> 3107828.5 | J5: =G5*$C$72/100 -> 2167989 | M5: =H5+J5 -> 9367989
A6: Cọc khách bỏ không ở | F6: NGỌC | G6: 5 | H6: =G6*($C$22/100) -> 2400000 | I6: =G6*$C$71/100 -> 1035942.8 | J6: =G6*$C$72/100 -> 722662.99 | M6: =H6+J6 -> 3122663
A7: Hoàn Cọc | F7: MẠNH | G7: 15 | H7: =G7*($C$22/100) -> 7200000 | I7: =G7*$C$71/100 -> 3107828.5 | J7: =G7*$C$72/100 -> 2167989 | M7: =H7+J7 -> 9367989
F8: HÀO | G8: 10 | H8: =G8*($C$22/100) -> 4800000 | I8: =G8*$C$71/100 -> 2071885.7 | J8: =G8*$C$72/100 -> 1445326 | M8: =H8+J8 -> 6245326 | N8: =H13+J13 -> 62453260
B9: Tổng số phòng phá hđ | C9: 0 | F9: A ĐIỆP | G9: 5 | H9: =G9*($C$22/100) -> 2400000 | I9: =G9*$C$71/100 -> 1035942.8 | J9: =G9*$C$72/100 -> 722662.99 | M9: =H9+J9 -> 3122663 | N9: =H13+J13 -> 62453260
B10: Tổng số phòng mới | C10: 0 | F10: LÂM | G10: 10 | H10: =G10*($C$22/100) -> 4800000 | I10: =G10*$C$71/100 -> 2071885.7 | J10: =G10*$C$72/100 -> 1445326 | M10: =H10+J10 -> 6245326
B11: Tổng số phòng trống | C11: 0 | F11: HUY ANH | G11: 10 | H11: =G11*($C$22/100) -> 4800000 | I11: =G11*$C$71/100 -> 2071885.7 | J11: =G11*$C$72/100 -> 1445326 | M11: =H11+J11 -> 6245326
B12: Doanh thu tiền phòng | C12: ='HĐ T3.26 '!I2 -> 57500000
B13: Doanh thu điện | C13: ='HĐ T3.26 '!T2+'HĐ T3.26 '!AT2 -> 4100000 | G13: =SUM(G3:G12) -> 100 | H13: =SUM(H3:H12) -> 48000000 | I13: =SUM(I3:I12) -> 20718857 | J13: =SUM(J3:J12) -> 14453260 | K13: =C76*100 -> 26.656133 | L13: =C78 -> 2.9194053 | M13: =SUM(M3:M12) -> 62453260
B14: Doanh thu nước | C14: ='HĐ T3.26 '!Y2 -> 3240000
B15: Doanh thu phí vệ sinh | C15: ='HĐ T3.26 '!AQ2/2 -> 1620000
B16: Doanh thu mạng | C16: ='HĐ T3.26 '!AE2 -> 1100000
B17: Doanh thu xe điện | C17: ='HĐ T3.26 '!AK2 -> 700000
B18: Doanh thu phí thang máy | C18: ='HĐ T3.26 '!AH2 -> 1560000
B19: Doanh thu máy giặt | C19: ='HĐ T3.26 '!AQ2/2 -> 1620000
B20: Doanh thu tổng dịch vụ nhà | C20: =SUM(C13:C19) -> 13940000
A22: Tiền thuê nhà 1 tháng | B22: Tiền thuê nhà | C22: 48000000
A23: Mua sắm thêm thiết bị
A28: Gía gốc dịch vụ | B28: Điện | C28: 5921143
B29: Nước | C29: 0
B30: Mạng | C30: 0
B31: Phí thu rác | C31: 300000
B32: Phí môi trường
B33: Phí bảo trì thang máy
A34: Gía vốn( GV) | C34: =SUM(C22:C33) -> 54221143
A35: Chi phí vận hành | B35: Lương quản lý | C35: ='[7]THÁNG 3'!$W$117 -> 1604489.8
B36: Lương quản lý tổng | C36: =(12000000/1282)*15 -> 140405.62
B37: Lương trưởng phòng vận hành | C37: =(10000000/1282)*15+7000*15 -> 222004.68
B38: Lương phó phòng vận hành | C38: =(8000000/1282)*15+5000*15 -> 168603.74
B39: Lương nhân viên nguồn | C39: =(6000000/1282)*15 -> 70202.808
B40: Lương NVKD partime | C40: =(SUM('[7]THÁNG 3'!$Y$125/1282)*15) -> 403261.13
B41: Lương vệ sinh | C41: 550000
B42: Lương kế toán | C42: =150000+10000+(2000000/1282)*15 -> 183400.94
B43: Lương sửa chữa | C43: =(22000000/1282)*15 -> 257410.3
B44: Lương bảo vệ
B45: Thuê và dv VP | C45: =('[8]THÁNG 3.26 '!$B$19/1282)*15 -> 536407.82
A46: Chi phí bán hàng phát sinh | B46: Phí marketing | C46: =('[8]THÁNG 3.26 '!$F$10/1282)*15 -> 189410.41
C47: 1225000 | D47: P101
C48: 300000 | D48: thưởng dẫn chốt P101
B50: Sửa chữa ,thay thế,bảo trì | C50: 145000 | D50: thay phao điện
C51: 30000 | D51: Đi ống thoát chậu rửa P601
B65: chi phí khác | C65: 40000 | D65: Thông tắc nvs, bệt P404
C66: 200000 | D66: Thay bóng tuýp p201, 1 lọ thông tắc + 2 ngăn mùi thoát sànp404,601
A69: Tổng chi phí bán hàng (CPBH) | C69: =SUM(C35:C68) -> 6265597.2
A70: TỔNG CHI PHÍ (TCP) | C70: =C34+C69 -> 60486740
A71: Lợi nhuận gộp (LNG) | C71: =C2-C34 -> 20718857 | D71: DT-GV
A72: Lợi nhuận ròng (LNR) | C72: =C2-C70 -> 14453260 | D72: DT-TCP
A73: Gía vốn( GV) | C73: =C34 -> 54221143
A74: Tỷ lệ LNR /DT | C74: =C72/C2 -> 0.19286442
A75: Tỷ lệ LNG /DT | C75: =C71/C2 -> 0.2764726
A76: Tỷ lệ LNR /GV | C76: =C72/C73 -> 0.26656133
A77: Tỷ lệ LNR/LNG | C77: =C72/C71 -> 0.69758963
A78: CP/LNG | C78: =C70/C71 -> 2.9194053
A79: GV/DT | C79: =C73/C2 -> 0.7235274
A80: CPBH/DT | C80: =C69/C2 -> 0.083608183
A81: TCP/DT | C81: =C70/C2 -> 0.80713558
A82: LƯƠNG/CPBH | C82: =SUM(C35:C44)/C69 -> 0.57453086
A83: HH/CPBH | C83: =SUM(C46:C49)/C69 -> 0.27362282
A84: CPK/CPBH | C84: =SUM(C65:C68)/C69 -> 0.038304409

Sheet HĐ T3.26 
A1: Mã | B1: Tòa | C1: Phòng | D1: Quản lý | E1: Kỳ TT | F1: Cọc khách cũ | G1: Giá Niêm yết | H1: Giá QL | I1: Gía phòng hiện tại | J1: Cọc | K1: Ngày ở | L1: Ngày DV | M1: Nợ cũ | N1: Thu khác | O1: Số người | P1: Điện | U1: Nước | Z1: VỆ SINH | AC1: MẠNG | AF1: THANG MÁY | AI1: XE ĐIỆN | AL1: Máy giặt | AO1: DV khác | AR1: Điện chung | AU1: Tổng DV | AV1: Tổng cần đóng | AW1: Ghi Chú Hóa đơn | AX1: Tổng đã đóng link | AY1: Tình trạng | AZ1: Công nợ KH | BA1: GHI CHÚ
G2: =SUM(G4:G19) -> 61200000 | H2: =SUM(H4:H19) -> 57500000 | I2: =SUM(I4:I19) -> 57500000 | J2: =SUM(J4:J19) -> 3500000 | K2: =SUM(K4:K19) -> 480 | L2: =SUM(L4:L19) -> 480 | M2: =SUM(M4:M19) -> 0 | N2: =SUM(N4:N19) -> 0 | ... AX2: =SUM(AX4:AX19) -> 74940000
M3: (thiếu ghi âm) | N3: + | P3: CS cu | Q3: Cs moi | R3: SL | S3: Đơn giá | T3: Thành tiền | U3: CS cu | V3: CS moi | W3: SL | X3: Đơn giá | Y3: Thành tiền | Z3: SL | AA3: Đơn giá | AB3: Thành tiền | AC3: SL | AD3: Đơn giá | AE3: Thành tiền | AF3: SL | AG3: Đơn giá | AH3: Thành tiền | AI3: SL | AJ3: Đơn giá | AK3: Thành tiền | AL3: SL | AM3: Đơn giá | AN3: Thành tiền | AO3: SL | AP3: Đơn giá | AQ3: Thành tiền | AR3: SL | AS3: Đơn giá | AT3: Thành tiền | AY3: =AX3-AV3 -> 0
A4: 000G1 | B4: G1 | C4: 0 | D4: ĐỖ THANH HƯƠNG | E4: 1 | K4: 30 | L4: 30 | S4: 3500 | T4: =R4*S4 -> 0 | AU4: =(SUM(T4,Y4,AB4,AE4,AH4,AK4,AN4,AQ4,AT4)) -> 0 | AV4: =AU4+I4*E4+J4+M4+N4 -> 0 | AY4: =IF(AND(AV4>0,AX4=0),"Chưa TT",IF(AX4-AV4>0,"Thừa",IF(AND(AV4=0,AX4=0),"Trống",IF(AND(AX4>0,AV4=0),"Đóng cọc",IF(AX4-AV4<0,"Thiếu",IF(AX4-AV4=0,"Đủ",0)))))) -> Trống | AZ4: =AX4-AV4 -> 0
A5: 101G1 | B5: G1 | C5: 101 | D5: ĐỖ THANH HƯƠNG | E5: 1 | F5: 3500000 | G5: 3600000 | H5: 3500000 | I5: 3500000 | J5: 3500000 | K5: 30 | L5: 30 | O5: 1 | P5: 116 | Q5: 116 | R5: =Q5-P5 -> 0 | S5: 4000 | T5: =R5*S5 -> 0 | W5: 1 | X5: 120000 | Y5: =W5*X5 -> 120000 | AC5: 1 | AD5: 100000 | AE5: =AC5*AD5 -> 100000 | AF5: 1 | AG5: 60000 | AH5: =AF5*AG5 -> 60000 | AO5: 1 | AP5: 120000 | AQ5: =AO5*AP5 -> 120000 | AT5: =AR5*AS5 -> 0 | AU5: =(SUM(T5,Y5,AB5,AE5,AH5,AK5,AN5,AQ5,AT5)) -> 400000 | AV5: =AU5+I5*E5+J5+M5+N5 -> 7400000 | AW5: kh mới 1/3 chốt giá 3tr5 | AX5: =3500000+3900000 -> 7400000 | AY5: =IF(AND(AV5>0,AX5=0),"Chưa TT",IF(AX5-AV5>0,"Thừa",IF(AND(AV5=0,AX5=0),"Trống",IF(AND(AX5>0,AV5=0),"Đóng cọc",IF(AX5-AV5<0,"Thiếu",IF(AX5-AV5=0,"Đủ",0)))))) -> Đủ | AZ5: =AX5-AV5 -> 0
A6: 201G1 | B6: G1 | C6: 201 | D6: ĐỖ THANH HƯƠNG | E6: 1 | F6: 4100000 | G6: 4200000 | H6: 4100000 | I6: 4100000 | K6: 30 | L6: 30 | O6: 2 | P6: 33 | Q6: 43 | R6: =Q6-P6 -> 10 | S6: 4000 | T6: =R6*S6 -> 40000 | W6: 2 | X6: 120000 | Y6: =W6*X6 -> 240000 | AC6: 1 | AD6: 100000 | AE6: =AC6*AD6 -> 100000 | AF6: 2 | AG6: 60000 | AH6: =AF6*AG6 -> 120000 | AI6: 1 | AJ6: 150000 | AK6: =AI6*AJ6 -> 150000 | AO6: 2 | AP6: 120000 | AQ6: =AO6*AP6 -> 240000 | AT6: =AR6*AS6 -> 0 | AU6: =(SUM(T6,Y6,AB6,AE6,AH6,AK6,AN6,AQ6,AT6)) -> 890000 | AV6: =AU6+I6*E6+J6+M6+N6 -> 4990000 | AX6: 4990000 | AY6: =IF(AND(AV6>0,AX6=0),"Chưa TT",IF(AX6-AV6>0,"Thừa",IF(AND(AV6=0,AX6=0),"Trống",IF(AND(AX6>0,AV6=0),"Đóng cọc",IF(AX6-AV6<0,"Thiếu",IF(AX6-AV6=0,"Đủ",0)))))) -> Đủ | AZ6: =AX6-AV6 -> 0 | CA6: 1935 | CB6: 1967 | CC6: =CB6-CA6 -> 32 | CD6: 3800 | CE6: =CC6*CD6 -> 121600 | CG6: =CE6/3 -> 40533.333
A7: 202G1 | B7: G1 | C7: 202 | D7: ĐỖ THANH HƯƠNG | E7: 1 | F7: 3800000 | G7: 4000000 | H7: 3800000 | I7: 3800000 | K7: 30 | L7: 30 | O7: 2 | P7: 60 | Q7: 174 | R7: =Q7-P7 -> 114 | S7: 4000 | T7: =R7*S7 -> 456000 | W7: 2 | X7: 120000 | Y7: =W7*X7 -> 240000 | AC7: 1 | AD7: 100000 | AE7: =AC7*AD7 -> 100000 | AF7: 2 | AG7: 60000 | AH7: =AF7*AG7 -> 120000 | AN7: =AL7*AM7 -> 0 | AO7: 2 | AP7: 120000 | AQ7: =AO7*AP7 -> 240000 | AT7: =AR7*AS7 -> 0 | AU7: =(SUM(T7,Y7,AB7,AE7,AH7,AK7,AN7,AQ7,AT7)) -> 1156000 | AV7: =AU7+I7*E7+J7+M7+N7 -> 4956000 | AX7: 4956000 | AY7: =IF(AND(AV7>0,AX7=0),"Chưa TT",IF(AX7-AV7>0,"Thừa",IF(AND(AV7=0,AX7=0),"Trống",IF(AND(AX7>0,AV7=0),"Đóng cọc",IF(AX7-AV7<0,"Thiếu",IF(AX7-AV7=0,"Đủ",0)))))) -> Đủ | AZ7: =AX7-AV7 -> 0 | CA7: 1935 | CB7: 1967 | CC7: =CB7-CA7 -> 32 | CD7: 3800 | CE7: =CC7*CD7 -> 121600 | CG7: =CE7/3 -> 40533.333
A8: 203G1 | B8: G1 | C8: 203 | D8: ĐỖ THANH HƯƠNG | E8: 1 | F8: 3800000 | G8: 4300000 | H8: 3800000 | I8: 3800000 | K8: 30 | L8: 30 | O8: 1 | P8: 5 | Q8: 30 | R8: =Q8-P8 -> 25 | S8: 4000 | T8: =R8*S8 -> 100000 | W8: 1 | X8: 120000 | Y8: =W8*X8 -> 120000 | AD8: 100000 | AE8: =AC8*AD8 -> 0 | AG8: 60000 | AH8: =AF8*AG8 -> 0 | AO8: 1 | AP8: 120000 | AQ8: =AO8*AP8 -> 120000 | AT8: =AR8*AS8 -> 0 | AU8: =(SUM(T8,Y8,AB8,AE8,AH8,AK8,AN8,AQ8,AT8)) -> 340000 | AV8: =AU8+I8*E8+J8+M8+N8 -> 4140000 | AX8: 4140000 | AY8: =IF(AND(AV8>0,AX8=0),"Chưa TT",IF(AX8-AV8>0,"Thừa",IF(AND(AV8=0,AX8=0),"Trống",IF(AND(AX8>0,AV8=0),"Đóng cọc",IF(AX8-AV8<0,"Thiếu",IF(AX8-AV8=0,"Đủ",0)))))) -> Đủ | AZ8: =AX8-AV8 -> 0 | CA8: 144 | CB8: 209 | CC8: =CB8-CA8 -> 65 | CD8: 3800 | CE8: =CC8*CD8 -> 247000 | CG8: =CE8/3 -> 82333.333
A9: 301G1 | B9: G1 | C9: 301 | D9: ĐỖ THANH HƯƠNG | E9: 1 | F9: 3900000 | G9: 4200000 | H9: 3900000 | I9: 3900000 | K9: 30 | L9: 30 | O9: 1 | P9: 4 | Q9: 21 | R9: =Q9-P9 -> 17 | S9: 4000 | T9: =R9*S9 -> 68000 | W9: 1 | X9: 120000 | Y9: =W9*X9 -> 120000 | AC9: 1 | AD9: 100000 | AE9: =AC9*AD9 -> 100000 | AF9: 1 | AG9: 60000 | AH9: =AF9*AG9 -> 60000 | AI9: 1 | AJ9: 150000 | AK9: =AI9*AJ9 -> 150000 | AO9: 1 | AP9: 120000 | AQ9: =AO9*AP9 -> 120000 | AT9: =AR9*AS9 -> 0 | AU9: =(SUM(T9,Y9,AB9,AE9,AH9,AK9,AN9,AQ9,AT9)) -> 618000 | AV9: =AU9+I9*E9+J9+M9+N9 -> 4518000 | AX9: 4518000 | AY9: =IF(AND(AV9>0,AX9=0),"Chưa TT",IF(AX9-AV9>0,"Thừa",IF(AND(AV9=0,AX9=0),"Trống",IF(AND(AX9>0,AV9=0),"Đóng cọc",IF(AX9-AV9<0,"Thiếu",IF(AX9-AV9=0,"Đủ",0)))))) -> Đủ | AZ9: =AX9-AV9 -> 0 | CA9: 144 | CB9: 209 | CC9: =CB9-CA9 -> 65 | CD9: 3800 | CE9: =CC9*CD9 -> 247000 | CG9: =CE9/3 -> 82333.333
A10: 302G1 | B10: G1 | C10: 302 | D10: ĐỖ THANH HƯƠNG | E10: 1 | F10: 3800000 | G10: 4000000 | H10: 3800000 | I10: 3800000 | K10: 30 | L10: 30 | O10: 2 | P10: 53 | Q10: 101 | R10: =Q10-P10 -> 48 | S10: 4000 | T10: =R10*S10 -> 192000 | W10: 2 | X10: 120000 | Y10: =W10*X10 -> 240000 | AC10: 1 | AD10: 100000 | AE10: =AC10*AD10 -> 100000 | AF10: 2 | AG10: 60000 | AH10: =AF10*AG10 -> 120000 | AO10: 2 | AP10: 120000 | AQ10: =AO10*AP10 -> 240000 | AT10: =AR10*AS10 -> 0 | AU10: =(SUM(T10,Y10,AB10,AE10,AH10,AK10,AN10,AQ10,AT10)) -> 892000 | AV10: =AU10+I10*E10+J10+M10+N10 -> 4692000 | AX10: 4692000 | AY10: =IF(AND(AV10>0,AX10=0),"Chưa TT",IF(AX10-AV10>0,"Thừa",IF(AND(AV10=0,AX10=0),"Trống",IF(AND(AX10>0,AV10=0),"Đóng cọc",IF(AX10-AV10<0,"Thiếu",IF(AX10-AV10=0,"Đủ",0)))))) -> Đủ | AZ10: =AX10-AV10 -> 0 | CA10: 144 | CB10: 209 | CC10: =CB10-CA10 -> 65 | CD10: 3800 | CE10: =CC10*CD10 -> 247000 | CG10: =CE10/3 -> 82333.333
A11: 303G1 | B11: G1 | C11: 303 | D11: ĐỖ THANH HƯƠNG | E11: 1 | F11: 4000000 | G11: 4300000 | H11: 4000000 | I11: 4000000 | K11: 30 | L11: 30 | O11: 3 | P11: 128 | Q11: 294 | R11: =Q11-P11 -> 166 | S11: 4000 | T11: =R11*S11 -> 664000 | W11: 3 | X11: 120000 | Y11: =W11*X11 -> 360000 | AB11: =Z11*AA11 -> 0 | AD11: 100000 | AE11: =AC11*AD11 -> 0 | AF11: 3 | AG11: 60000 | AH11: =AF11*AG11 -> 180000 | AO11: 3 | AP11: 120000 | AQ11: =AO11*AP11 -> 360000 | AT11: =AR11*AS11 -> 0 | AU11: =(SUM(T11,Y11,AB11,AE11,AH11,AK11,AN11,AQ11,AT11)) -> 1564000 | AV11: =AU11+I11*E11+J11+M11+N11 -> 5564000 | AX11: 5564000 | AY11: =IF(AND(AV11>0,AX11=0),"Chưa TT",IF(AX11-AV11>0,"Thừa",IF(AND(AV11=0,AX11=0),"Trống",IF(AND(AX11>0,AV11=0),"Đóng cọc",IF(AX11-AV11<0,"Thiếu",IF(AX11-AV11=0,"Đủ",0)))))) -> Đủ | AZ11: =AX11-AV11 -> 0
A12: 304G1 | B12: G1 | C12: 304 | D12: ĐỖ THANH HƯƠNG | E12: 1 | F12: 4100000 | G12: 4400000 | H12: 4100000 | I12: 4100000 | K12: 30 | L12: 30 | O12: 2 | P12: 48 | Q12: 110 | R12: =Q12-P12 -> 62 | S12: 4000 | T12: =R12*S12 -> 248000 | W12: 2 | X12: 120000 | Y12: =W12*X12 -> 240000 | AB12: =Z12*AA12 -> 0 | AC12: 1 | AD12: 100000 | AE12: =AC12*AD12 -> 100000 | AF12: 2 | AG12: 60000 | AH12: =AF12*AG12 -> 120000 | AO12: 2 | AP12: 120000 | AQ12: =AO12*AP12 -> 240000 | AT12: =AR12*AS12 -> 0 | AU12: =(SUM(T12,Y12,AB12,AE12,AH12,AK12,AN12,AQ12,AT12)) -> 948000 | AV12: =AU12+I12*E12+J12+M12+N12 -> 5048000 | AX12: 5048000 | AY12: =IF(AND(AV12>0,AX12=0),"Chưa TT",IF(AX12-AV12>0,"Thừa",IF(AND(AV12=0,AX12=0),"Trống",IF(AND(AX12>0,AV12=0),"Đóng cọc",IF(AX12-AV12<0,"Thiếu",IF(AX12-AV12=0,"Đủ",0)))))) -> Đủ | AZ12: =AX12-AV12 -> 0
A13: 401G1 | B13: G1 | C13: 401 | D13: ĐỖ THANH HƯƠNG | E13: 1 | F13: 4100000 | G13: =4200000+200000 -> 4400000 | H13: 4100000 | I13: 4100000 | K13: 30 | L13: 30 | O13: 2 | P13: 44 | Q13: 125 | R13: =Q13-P13 -> 81 | S13: 4000 | T13: =R13*S13 -> 324000 | W13: 2 | X13: 120000 | Y13: =W13*X13 -> 240000 | AC13: 1 | AD13: 100000 | AE13: =AC13*AD13 -> 100000 | AF13: 2 | AG13: 60000 | AH13: =AF13*AG13 -> 120000 | AO13: 2 | AP13: 120000 | AQ13: =AO13*AP13 -> 240000 | AT13: =AR13*AS13 -> 0 | AU13: =(SUM(T13,Y13,AB13,AE13,AH13,AK13,AN13,AQ13,AT13)) -> 1024000 | AV13: =AU13+I13*E13+J13+M13+N13 -> 5124000 | AX13: =4100000+1024000 -> 5124000 | AY13: =IF(AND(AV13>0,AX13=0),"Chưa TT",IF(AX13-AV13>0,"Thừa",IF(AND(AV13=0,AX13=0),"Trống",IF(AND(AX13>0,AV13=0),"Đóng cọc",IF(AX13-AV13<0,"Thiếu",IF(AX13-AV13=0,"Đủ",0)))))) -> Đủ | AZ13: =AX13-AV13 -> 0
A14: 402G1 | B14: G1 | C14: 402 | D14: ĐỖ THANH HƯƠNG | E14: 1 | F14: 3900000 | G14: 4000000 | H14: 3900000 | I14: 3900000 | K14: 30 | L14: 30 | O14: 2 | P14: 29 | Q14: 161 | R14: =Q14-P14 -> 132 | S14: 4000 | T14: =R14*S14 -> 528000 | W14: 2 | X14: 120000 | Y14: =W14*X14 -> 240000 | AC14: 1 | AD14: 100000 | AE14: =AC14*AD14 -> 100000 | AF14: 2 | AG14: 60000 | AH14: =AF14*AG14 -> 120000 | AI14: 1 | AJ14: 400000 | AK14: =AI14*AJ14 -> 400000 | AO14: 2 | AP14: 120000 | AQ14: =AO14*AP14 -> 240000 | AT14: =AR14*AS14 -> 0 | AU14: =(SUM(T14,Y14,AB14,AE14,AH14,AK14,AN14,AQ14,AT14)) -> 1628000 | AV14: =AU14+I14*E14+J14+M14+N14 -> 5528000 | AX14: =1000000+4528000 -> 5528000 | AY14: =IF(AND(AV14>0,AX14=0),"Chưa TT",IF(AX14-AV14>0,"Thừa",IF(AND(AV14=0,AX14=0),"Trống",IF(AND(AX14>0,AV14=0),"Đóng cọc",IF(AX14-AV14<0,"Thiếu",IF(AX14-AV14=0,"Đủ",0)))))) -> Đủ | AZ14: =AX14-AV14 -> 0
A15: 403G1 | B15: G1 | C15: 403 | D15: ĐỖ THANH HƯƠNG | E15: 1 | F15: 4200000 | G15: =4300000+200000 -> 4500000 | H15: 4200000 | I15: 4200000 | K15: 30 | L15: 30 | O15: 2 | P15: 12 | Q15: 86 | R15: =Q15-P15 -> 74 | S15: 4000 | T15: =R15*S15 -> 296000 | W15: 2 | X15: 120000 | Y15: =W15*X15 -> 240000 | AD15: 100000 | AE15: =AC15*AD15 -> 0 | AF15: 2 | AG15: 60000 | AH15: =AF15*AG15 -> 120000 | AO15: 2 | AP15: 120000 | AQ15: =AO15*AP15 -> 240000 | AT15: =AR15*AS15 -> 0 | AU15: =(SUM(T15,Y15,AB15,AE15,AH15,AK15,AN15,AQ15,AT15)) -> 896000 | AV15: =AU15+I15*E15+J15+M15+N15 -> 5096000 | AX15: 5096000 | AY15: =IF(AND(AV15>0,AX15=0),"Chưa TT",IF(AX15-AV15>0,"Thừa",IF(AND(AV15=0,AX15=0),"Trống",IF(AND(AX15>0,AV15=0),"Đóng cọc",IF(AX15-AV15<0,"Thiếu",IF(AX15-AV15=0,"Đủ",0)))))) -> Đủ | AZ15: =AX15-AV15 -> 0
A16: 404G1 | B16: G1 | C16: 404 | D16: ĐỖ THANH HƯƠNG | E16: 1 | F16: 4000000 | G16: 4400000 | H16: 4000000 | I16: 4000000 | K16: 30 | L16: 30 | O16: 1 | P16: 53 | Q16: 122 | R16: =Q16-P16 -> 69 | S16: 4000 | T16: =R16*S16 -> 276000 | W16: 1 | X16: 120000 | Y16: =W16*X16 -> 120000 | AD16: 100000 | AE16: =AC16*AD16 -> 0 | AF16: 1 | AG16: 60000 | AH16: =AF16*AG16 -> 60000 | AO16: 1 | AP16: 120000 | AQ16: =AO16*AP16 -> 120000 | AT16: =AR16*AS16 -> 0 | AU16: =(SUM(T16,Y16,AB16,AE16,AH16,AK16,AN16,AQ16,AT16)) -> 576000 | AV16: =AU16+I16*E16+J16+M16+N16 -> 4576000 | AX16: 4576000 | AY16: =IF(AND(AV16>0,AX16=0),"Chưa TT",IF(AX16-AV16>0,"Thừa",IF(AND(AV16=0,AX16=0),"Trống",IF(AND(AX16>0,AV16=0),"Đóng cọc",IF(AX16-AV16<0,"Thiếu",IF(AX16-AV16=0,"Đủ",0)))))) -> Đủ | AZ16: =AX16-AV16 -> 0
A17: 601G1 | B17: G1 | C17: 601 | D17: ĐỖ THANH HƯƠNG | E17: 1 | F17: 3800000 | G17: 4100000 | H17: 3800000 | I17: 3800000 | K17: 30 | L17: 30 | O17: 1 | P17: 15 | Q17: 48 | R17: =Q17-P17 -> 33 | S17: 4000 | T17: =R17*S17 -> 132000 | W17: 1 | X17: 120000 | Y17: =W17*X17 -> 120000 | AC17: 1 | AD17: 100000 | AE17: =AC17*AD17 -> 100000 | AF17: 1 | AG17: 60000 | AH17: =AF17*AG17 -> 60000 | AO17: 1 | AP17: 120000 | AQ17: =AO17*AP17 -> 120000 | AT17: =AR17*AS17 -> 0 | AU17: =(SUM(T17,Y17,AB17,AE17,AH17,AK17,AN17,AQ17,AT17)) -> 532000 | AV17: =AU17+I17*E17+J17+M17+N17 -> 4332000 | AX17: 4332000 | AY17: =IF(AND(AV17>0,AX17=0),"Chưa TT",IF(AX17-AV17>0,"Thừa",IF(AND(AV17=0,AX17=0),"Trống",IF(AND(AX17>0,AV17=0),"Đóng cọc",IF(AX17-AV17<0,"Thiếu",IF(AX17-AV17=0,"Đủ",0)))))) -> Đủ | AZ17: =AX17-AV17 -> 0
A18: 603G1 | B18: G1 | C18: 603 | D18: ĐỖ THANH HƯƠNG | E18: 1 | F18: 3000000 | G18: 3300000 | H18: 3000000 | I18: 3000000 | K18: 30 | L18: 30 | O18: 2 | P18: 33 | Q18: 69 | R18: =Q18-P18 -> 36 | S18: 4000 | T18: =R18*S18 -> 144000 | W18: 2 | X18: 120000 | Y18: =W18*X18 -> 240000 | AB18: =Z18*AA18 -> 0 | AC18: 1 | AD18: 100000 | AE18: =AC18*AD18 -> 100000 | AF18: 2 | AG18: 60000 | AH18: =AF18*AG18 -> 120000 | AO18: 2 | AP18: 120000 | AQ18: =AO18*AP18 -> 240000 | AR18: =(131-37)/2 -> 47 | AS18: 4000 | AT18: =AR18*AS18 -> 188000 | AU18: =(SUM(T18,Y18,AB18,AE18,AH18,AK18,AN18,AQ18,AT18)) -> 1032000 | AV18: =AU18+I18*E18+J18+M18+N18 -> 4032000 | AX18: 4032000 | AY18: =IF(AND(AV18>0,AX18=0),"Chưa TT",IF(AX18-AV18>0,"Thừa",IF(AND(AV18=0,AX18=0),"Trống",IF(AND(AX18>0,AV18=0),"Đóng cọc",IF(AX18-AV18<0,"Thiếu",IF(AX18-AV18=0,"Đủ",0)))))) -> Đủ | AZ18: =AX18-AV18 -> 0
A19: 604G1 | B19: G1 | C19: 604 | D19: ĐỖ THANH HƯƠNG | E19: 1 | F19: 3500000 | G19: 3500000 | H19: 3500000 | I19: 3500000 | K19: 30 | L19: 30 | O19: 3 | P19: 12 | Q19: 76 | R19: =Q19-P19 -> 64 | S19: 4000 | T19: =R19*S19 -> 256000 | W19: 3 | X19: 120000 | Y19: =W19*X19 -> 360000 | AC19: 1 | AD19: 100000 | AE19: =AC19*AD19 -> 100000 | AF19: 3 | AG19: 60000 | AH19: =AF19*AG19 -> 180000 | AO19: 3 | AP19: 120000 | AQ19: =AO19*AP19 -> 360000 | AR19: =(131-37)/2 -> 47 | AS19: 4000 | AT19: =AR19*AS19 -> 188000 | AU19: =(SUM(T19,Y19,AB19,AE19,AH19,AK19,AN19,AQ19,AT19)) -> 1444000 | AV19: =AU19+I19*E19+J19+M19+N19 -> 4944000 | AX19: 4944000 | AY19: =IF(AND(AV19>0,AX19=0),"Chưa TT",IF(AX19-AV19>0,"Thừa",IF(AND(AV19=0,AX19=0),"Trống",IF(AND(AX19>0,AV19=0),"Đóng cọc",IF(AX19-AV19<0,"Thiếu",IF(AX19-AV19=0,"Đủ",0)))))) -> Đủ | AZ19: =AX19-AV19 -> 0

Sheet BÁO CÁO THÁNG 4
A1: BÁO CÁO KINH DOANH G1 THÁNG 4/2026 | F1: BẢNG CHIA CỔ PHẦN G1
A2: Tổng doanh thu tháng 4 | C2: ='HĐ T4.26 '!AX2 -> 77595000 | D2: DT TRÊN HĐ - HOÀN CỌC | G2: Tỷ lệ % | H2: Vốn | I2: LN Gộp | J2: LN ròng | K2: LNR/GV | L2: CP/LNG | M2: Tổng nhận
A3: Cọc phòng mới | C3: 3800000 | D3: P302 | F3: CHUNG | G3: 10 | H3: =G3*($C$22/100) -> 4800000 | I3: =G3*$C$71/100 -> 1569164.6 | J3: =G3*$C$72/100 -> 743086.06 | M3: =H3+J3 -> 5543086.1
F4: HẰNG | G4: 20 | H4: =G4*($C$22/100) -> 9600000 | I4: =G4*$C$71/100 -> 3138329.2 | J4: =G4*$C$72/100 -> 1486172.1 | M4: =H4+J4 -> 11086172
F5: TÙNG | G5: 15 | H5: =G5*($C$22/100) -> 7200000 | I5: =G5*$C$71/100 -> 2353746.9 | J5: =G5*$C$72/100 -> 1114629.1 | M5: =H5+J5 -> 8314629.1
A6: Cọc khách bỏ không ở | F6: NGỌC | G6: 5 | H6: =G6*($C$22/100) -> 2400000 | I6: =G6*$C$71/100 -> 784582.3 | J6: =G6*$C$72/100 -> 371543.03 | M6: =H6+J6 -> 2771543
A7: Hoàn Cọc | F7: MẠNH | G7: 15 | H7: =G7*($C$22/100) -> 7200000 | I7: =G7*$C$71/100 -> 2353746.9 | J7: =G7*$C$72/100 -> 1114629.1 | M7: =H7+J7 -> 8314629.1
F8: HÀO | G8: 10 | H8: =G8*($C$22/100) -> 4800000 | I8: =G8*$C$71/100 -> 1569164.6 | J8: =G8*$C$72/100 -> 743086.06 | M8: =H8+J8 -> 5543086.1 | N8: =H13+J13 -> 55430861
B9: Tổng số phòng phá hđ | C9: 1 | F9: A ĐIỆP | G9: 5 | H9: =G9*($C$22/100) -> 2400000 | I9: =G9*$C$71/100 -> 784582.3 | J9: =G9*$C$72/100 -> 371543.03 | M9: =H9+J9 -> 2771543 | N9: =H13+J13 -> 55430861
B10: Tổng số phòng mới | C10: 1 | F10: LÂM | G10: 10 | H10: =G10*($C$22/100) -> 4800000 | I10: =G10*$C$71/100 -> 1569164.6 | J10: =G10*$C$72/100 -> 743086.06 | M10: =H10+J10 -> 5543086.1
B11: Tổng số phòng trống | C11: 0 | F11: HUY ANH | G11: 10 | H11: =G11*($C$22/100) -> 4800000 | I11: =G11*$C$71/100 -> 1569164.6 | J11: =G11*$C$72/100 -> 743086.06 | M11: =H11+J11 -> 5543086.1
B12: Doanh thu tiền phòng | C12: ='HĐ T4.26 '!I2-'HĐ T4.26 '!I10+'[9]PHÒNG MỚI THÁNG 4'!$H$40 -> 55726667
B13: Doanh thu điện | C13: ='HĐ T4.26 '!T2 -> 8265500 | G13: =SUM(G3:G12) -> 100 | H13: =SUM(H3:H12) -> 48000000 | I13: =SUM(I3:I12) -> 15691646 | J13: =SUM(J3:J12) -> 7430860.6 | K13: =C76*100 -> 12.003971 | L13: =C78 -> 4.4714327 | M13: =SUM(M3:M12) -> 55430861
B14: Doanh thu nước | C14: ='HĐ T4.26 '!Y2-'HĐ T4.26 '!Y10+'[9]PHÒNG MỚI THÁNG 4'!$X$40 -> 3128000
B15: Doanh thu phí vệ sinh | C15: =(('HĐ T4.26 '!AQ2-'HĐ T4.26 '!AQ10)/2)+'[9]PHÒNG MỚI THÁNG 4'!$AP$40/2 -> 1564000
B16: Doanh thu mạng | C16: ='HĐ T4.26 '!AE2-'HĐ T4.26 '!AE10+'[9]PHÒNG MỚI THÁNG 4'!$AD$40 -> 1053333.3
B17: Doanh thu xe điện | C17: ='HĐ T4.26 '!AK2+'[9]PHÒNG MỚI THÁNG 4'!$AJ$40 -> 700000
B18: Doanh thu phí thang máy | C18: ='HĐ T4.26 '!AH2-'HĐ T4.26 '!AH10+'[9]PHÒNG MỚI THÁNG 4'!$AG$40 -> 1504000
B19: Doanh thu máy giặt | C19: =('HĐ T4.26 '!AQ2-'HĐ T4.26 '!AQ10)/2+'[9]PHÒNG MỚI THÁNG 4'!$AP$40/2 -> 1564000
B20: Doanh thu tổng dịch vụ nhà | C20: =SUM(C13:C19) -> 17778833
A22: Tiền thuê nhà 1 tháng | B22: Tiền thuê nhà | C22: 48000000
A23: Mua sắm thêm thiết bị | B23: tủ lạnh P302 | C23: 2400000
A28: Gía gốc dịch vụ | B28: Điện | C28: 10603354
B29: Nước | C29: 600000
B30: Mạng | C30: 0
B31: Phí thu rác | C31: 300000
B32: Phí môi trường
B33: Phí bảo trì thang máy
A34: Gía vốn( GV) | C34: =SUM(C22:C33) -> 61903354
A35: Chi phí vận hành | B35: Lương quản lý | C35: ='[10]THÁNG 4 '!$W$118 -> 1453103.9
B36: Lương quản lý tổng | C36: =(12000000/1293)*15 -> 139211.14
B37: Lương trưởng phòng vận hành | C37: =(10000000/1293)*15+7000*15 -> 221009.28
B38: Lương phó phòng vận hành | C38: =(8000000/1293)*15+5000*15 -> 167807.42
B39: Lương nhân viên nguồn | C39: =(3000000/1293)*15 -> 34802.784
B40: Lương NVKD partime | C40: =(SUM('[10]THÁNG 4 '!$Y$126/1293)*15) -> 500044.62
B41: Lương vệ sinh | C41: 550000
B42: Lương kế toán | C42: =150000+10000+(2000000/1293)*15 -> 183201.86
B43: Lương sửa chữa | C43: =(22000000/1293)*15 -> 255220.42
B44: Lương bảo vệ
B45: Thuê và dv VP | C45: =('[11]THÁNG 4.26 '!$B$35/1293)*15 -> 1118120.6
A46: Chi phí bán hàng phát sinh | B46: Phí marketing | C46: =('[11]THÁNG 4.26 '!$F$10/1293)*15 -> 382263.34
C47: 1900000 | D47: P302
B50: Sửa chữa ,thay thế,bảo trì | C50: 760000 | D50: đi lại đường nước máy giặt
B65: chi phí khác | C65: 100000 | D65: dọn phòng 302
C66: 415000 | D66: kẻ vạch nhà xe
C67: 81000 | D67: mua thùng rác và túi rác
A69: Tổng chi phí bán hàng (CPBH) | C69: =SUM(C35:C68) -> 8260785.4
A70: TỔNG CHI PHÍ (TCP) | C70: =C34+C69 -> 70164139
A71: Lợi nhuận gộp (LNG) | C71: =C2-C34 -> 15691646 | D71: DT-GV
A72: Lợi nhuận ròng (LNR) | C72: =C2-C70 -> 7430860.6 | D72: DT-TCP
A73: Gía vốn( GV) | C73: =C34 -> 61903354
A74: Tỷ lệ LNR /DT | C74: =C72/C2 -> 0.095764684
A75: Tỷ lệ LNG /DT | C75: =C71/C2 -> 0.20222496
A76: Tỷ lệ LNR /GV | C76: =C72/C73 -> 0.12003971
A77: Tỷ lệ LNR/LNG | C77: =C72/C71 -> 0.47355521
A78: CP/LNG | C78: =C70/C71 -> 4.4714327
A79: GV/DT | C79: =C73/C2 -> 0.79777504
A80: CPBH/DT | C80: =C69/C2 -> 0.10646028
A81: TCP/DT | C81: =C70/C2 -> 0.90423532
A82: LƯƠNG/CPBH | C82: =SUM(C35:C44)/C69 -> 0.42422133
A83: HH/CPBH | C83: =SUM(C46:C49)/C69 -> 0.2762768
A84: CPK/CPBH | C84: =SUM(C65:C68)/C69 -> 0.072148104

Sheet HĐ T4.26 
A1: Mã | B1: Tòa | C1: Phòng | D1: Quản lý | E1: Kỳ TT | F1: Cọc khách cũ | G1: Giá Niêm yết | H1: Giá QL | I1: Gía phòng hiện tại | J1: Cọc | K1: Ngày ở | L1: Ngày DV | M1: Nợ cũ | N1: Thu khác | O1: Số người | P1: Điện | U1: Nước | Z1: VỆ SINH | AC1: MẠNG | AF1: THANG MÁY | AI1: XE ĐIỆN | AL1: Máy giặt | AO1: DV khác | AR1: Điện chung | AU1: Tổng DV | AV1: Tổng cần đóng | AW1: Ghi Chú Hóa đơn | AX1: Tổng đã đóng link | AY1: Tình trạng | AZ1: Công nợ KH | BA1: GHI CHÚ
G2: =SUM(G4:G19) -> 61200000 | H2: =SUM(H4:H19) -> 57500000 | I2: =SUM(I4:I19) -> 57500000 | J2: =SUM(J4:J19) -> 0 | K2: =SUM(K4:K19) -> 450 | L2: =SUM(L4:L19) -> 450 | M2: =SUM(M4:M19) -> 0 | N2: =SUM(N4:N19) -> 0 | ... AX2: =SUM(AX4:AX19) -> 77595000
M3: (thiếu ghi âm) | N3: + | P3: CS cu | Q3: Cs moi | R3: SL | S3: Đơn giá | T3: Thành tiền | U3: CS cu | V3: CS moi | W3: SL | X3: Đơn giá | Y3: Thành tiền | Z3: SL | AA3: Đơn giá | AB3: Thành tiền | AC3: SL | AD3: Đơn giá | AE3: Thành tiền | AF3: SL | AG3: Đơn giá | AH3: Thành tiền | AI3: SL | AJ3: Đơn giá | AK3: Thành tiền | AL3: SL | AM3: Đơn giá | AN3: Thành tiền | AO3: SL | AP3: Đơn giá | AQ3: Thành tiền | AR3: SL | AS3: Đơn giá | AT3: Thành tiền | AY3: =AX3-AV3 -> 0
A4: 000G1 | B4: G1 | C4: 0 | E4: 1 | R4: 637 | S4: 3500 | T4: =R4*S4 -> 2229500 | AU4: =(SUM(T4,Y4,AB4,AE4,AH4,AK4,AN4,AQ4,AT4)) -> 2229500 | AV4: =AU4+I4*E4+J4+M4+N4 -> 2229500 | AX4: =1629000+600000 -> 2229000 | AY4: =IF(AND(AV4>0,AX4=0),"Chưa TT",IF(AX4-AV4>0,"Thừa",IF(AND(AV4=0,AX4=0),"Trống",IF(AND(AX4>0,AV4=0),"Đóng cọc",IF(AX4-AV4<0,"Thiếu",IF(AX4-AV4=0,"Đủ",0)))))) -> Thiếu | AZ4: =AX4-AV4 -> -500
A5: 101G1 | B5: G1 | C5: 101 | D5: ĐỖ THANH HƯƠNG | E5: 1 | F5: 3500000 | G5: 3600000 | H5: 3500000 | I5: 3500000 | K5: 30 | L5: 30 | O5: 1 | P5: 116 | Q5: 196 | R5: =Q5-P5 -> 80 | S5: 4000 | T5: =R5*S5 -> 320000 | W5: 1 | X5: 120000 | Y5: =W5*X5 -> 120000 | AC5: 1 | AD5: 100000 | AE5: =AC5*AD5 -> 100000 | AF5: 1 | AG5: 60000 | AH5: =AF5*AG5 -> 60000 | AO5: 1 | AP5: 120000 | AQ5: =AO5*AP5 -> 120000 | AT5: =AR5*AS5 -> 0 | AU5: =(SUM(T5,Y5,AB5,AE5,AH5,AK5,AN5,AQ5,AT5)) -> 720000 | AV5: =AU5+I5*E5+J5+M5+N5 -> 4220000 | AX5: 4220000 | AY5: =IF(AND(AV5>0,AX5=0),"Chưa TT",IF(AX5-AV5>0,"Thừa",IF(AND(AV5=0,AX5=0),"Trống",IF(AND(AX5>0,AV5=0),"Đóng cọc",IF(AX5-AV5<0,"Thiếu",IF(AX5-AV5=0,"Đủ",0)))))) -> Đủ | AZ5: =AX5-AV5 -> 0
A6: 201G1 | B6: G1 | C6: 201 | D6: ĐỖ THANH HƯƠNG | E6: 1 | F6: 4100000 | G6: 4200000 | H6: 4100000 | I6: 4100000 | K6: 30 | L6: 30 | O6: 2 | P6: 43 | Q6: 130 | R6: =Q6-P6 -> 87 | S6: 4000 | T6: =R6*S6 -> 348000 | W6: 2 | X6: 120000 | Y6: =W6*X6 -> 240000 | AC6: 1 | AD6: 100000 | AE6: =AC6*AD6 -> 100000 | AF6: 2 | AG6: 60000 | AH6: =AF6*AG6 -> 120000 | AI6: 1 | AJ6: 150000 | AK6: =AI6*AJ6 -> 150000 | AO6: 2 | AP6: 120000 | AQ6: =AO6*AP6 -> 240000 | AT6: =AR6*AS6 -> 0 | AU6: =(SUM(T6,Y6,AB6,AE6,AH6,AK6,AN6,AQ6,AT6)) -> 1198000 | AV6: =AU6+I6*E6+J6+M6+N6 -> 5298000 | AX6: 5298000 | AY6: =IF(AND(AV6>0,AX6=0),"Chưa TT",IF(AX6-AV6>0,"Thừa",IF(AND(AV6=0,AX6=0),"Trống",IF(AND(AX6>0,AV6=0),"Đóng cọc",IF(AX6-AV6<0,"Thiếu",IF(AX6-AV6=0,"Đủ",0)))))) -> Đủ | AZ6: =AX6-AV6 -> 0 | CA6: 1935 | CB6: 1967 | CC6: =CB6-CA6 -> 32 | CD6: 3800 | CE6: =CC6*CD6 -> 121600 | CG6: =CE6/3 -> 40533.333
A7: 202G1 | B7: G1 | C7: 202 | D7: ĐỖ THANH HƯƠNG | E7: 1 | F7: 3800000 | G7: 4000000 | H7: 3800000 | I7: 3800000 | K7: 30 | L7: 30 | O7: 2 | P7: 174 | Q7: 373 | R7: =Q7-P7 -> 199 | S7: 4000 | T7: =R7*S7 -> 796000 | W7: 2 | X7: 120000 | Y7: =W7*X7 -> 240000 | AC7: 1 | AD7: 100000 | AE7: =AC7*AD7 -> 100000 | AF7: 2 | AG7: 60000 | AH7: =AF7*AG7 -> 120000 | AN7: =AL7*AM7 -> 0 | AO7: 2 | AP7: 120000 | AQ7: =AO7*AP7 -> 240000 | AT7: =AR7*AS7 -> 0 | AU7: =(SUM(T7,Y7,AB7,AE7,AH7,AK7,AN7,AQ7,AT7)) -> 1496000 | AV7: =AU7+I7*E7+J7+M7+N7 -> 5296000 | AX7: 5296000 | AY7: =IF(AND(AV7>0,AX7=0),"Chưa TT",IF(AX7-AV7>0,"Thừa",IF(AND(AV7=0,AX7=0),"Trống",IF(AND(AX7>0,AV7=0),"Đóng cọc",IF(AX7-AV7<0,"Thiếu",IF(AX7-AV7=0,"Đủ",0)))))) -> Đủ | AZ7: =AX7-AV7 -> 0 | CA7: 1935 | CB7: 1967 | CC7: =CB7-CA7 -> 32 | CD7: 3800 | CE7: =CC7*CD7 -> 121600 | CG7: =CE7/3 -> 40533.333
A8: 203G1 | B8: G1 | C8: 203 | D8: ĐỖ THANH HƯƠNG | E8: 1 | F8: 3800000 | G8: 4300000 | H8: 3800000 | I8: 3800000 | K8: 30 | L8: 30 | O8: 1 | P8: 30 | Q8: 33 | R8: =Q8-P8 -> 3 | S8: 4000 | T8: =R8*S8 -> 12000 | W8: 1 | X8: 120000 | Y8: =W8*X8 -> 120000 | AD8: 100000 | AE8: =AC8*AD8 -> 0 | AG8: 60000 | AH8: =AF8*AG8 -> 0 | AO8: 1 | AP8: 120000 | AQ8: =AO8*AP8 -> 120000 | AT8: =AR8*AS8 -> 0 | AU8: =(SUM(T8,Y8,AB8,AE8,AH8,AK8,AN8,AQ8,AT8)) -> 252000 | AV8: =AU8+I8*E8+J8+M8+N8 -> 4052000 | AX8: 4052000 | AY8: =IF(AND(AV8>0,AX8=0),"Chưa TT",IF(AX8-AV8>0,"Thừa",IF(AND(AV8=0,AX8=0),"Trống",IF(AND(AX8>0,AV8=0),"Đóng cọc",IF(AX8-AV8<0,"Thiếu",IF(AX8-AV8=0,"Đủ",0)))))) -> Đủ | AZ8: =AX8-AV8 -> 0 | CA8: 144 | CB8: 209 | CC8: =CB8-CA8 -> 65 | CD8: 3800 | CE8: =CC8*CD8 -> 247000 | CG8: =CE8/3 -> 82333.333
A9: 301G1 | B9: G1 | C9: 301 | D9: ĐỖ THANH HƯƠNG | E9: 1 | F9: 3900000 | G9: 4200000 | H9: 3900000 | I9: 3900000 | K9: 30 | L9: 30 | O9: 1 | P9: 21 | Q9: 113 | R9: =Q9-P9 -> 92 | S9: 4000 | T9: =R9*S9 -> 368000 | W9: 1 | X9: 120000 | Y9: =W9*X9 -> 120000 | AC9: 1 | AD9: 100000 | AE9: =AC9*AD9 -> 100000 | AF9: 1 | AG9: 60000 | AH9: =AF9*AG9 -> 60000 | AI9: 1 | AJ9: 150000 | AK9: =AI9*AJ9 -> 150000 | AO9: 1 | AP9: 120000 | AQ9: =AO9*AP9 -> 120000 | AT9: =AR9*AS9 -> 0 | AU9: =(SUM(T9,Y9,AB9,AE9,AH9,AK9,AN9,AQ9,AT9)) -> 918000 | AV9: =AU9+I9*E9+J9+M9+N9 -> 4818000 | AX9: 4818000 | AY9: =IF(AND(AV9>0,AX9=0),"Chưa TT",IF(AX9-AV9>0,"Thừa",IF(AND(AV9=0,AX9=0),"Trống",IF(AND(AX9>0,AV9=0),"Đóng cọc",IF(AX9-AV9<0,"Thiếu",IF(AX9-AV9=0,"Đủ",0)))))) -> Đủ | AZ9: =AX9-AV9 -> 0 | CA9: 144 | CB9: 209 | CC9: =CB9-CA9 -> 65 | CD9: 3800 | CE9: =CC9*CD9 -> 247000 | CG9: =CE9/3 -> 82333.333
A10: 302G1 | B10: G1 | C10: 302 | D10: ĐỖ THANH HƯƠNG | E10: 1 | F10: 3800000 | G10: 4000000 | H10: 3800000 | I10: 3800000 | K10: 30 | L10: 30 | O10: 2 | P10: 101 | Q10: 150 | R10: =Q10-P10 -> 49 | S10: 4000 | T10: =R10*S10 -> 196000 | W10: 2 | X10: 120000 | Y10: =W10*X10 -> 240000 | AC10: 1 | AD10: 100000 | AE10: =AC10*AD10 -> 100000 | AF10: 2 | AG10: 60000 | AH10: =AF10*AG10 -> 120000 | AO10: 2 | AP10: 120000 | AQ10: =AO10*AP10 -> 240000 | AT10: =AR10*AS10 -> 0 | AU10: =(SUM(T10,Y10,AB10,AE10,AH10,AK10,AN10,AQ10,AT10)) -> 896000 | AV10: =AU10+I10*E10+J10+M10+N10 -> 4696000 | AW10: kh phá hd, kh mới 15/4 chốt giá 3tr8 | AX10: =196000+6200000 -> 6396000 | AY10: =IF(AND(AV10>0,AX10=0),"Chưa TT",IF(AX10-AV10>0,"Thừa",IF(AND(AV10=0,AX10=0),"Trống",IF(AND(AX10>0,AV10=0),"Đóng cọc",IF(AX10-AV10<0,"Thiếu",IF(AX10-AV10=0,"Đủ",0)))))) -> Thừa | AZ10: =AX10-AV10 -> 1700000 | CA10: 144 | CB10: 209 | CC10: =CB10-CA10 -> 65 | CD10: 3800 | CE10: =CC10*CD10 -> 247000 | CG10: =CE10/3 -> 82333.333
A11: 303G1 | B11: G1 | C11: 303 | D11: ĐỖ THANH HƯƠNG | E11: 1 | F11: 4000000 | G11: 4300000 | H11: 4000000 | I11: 4000000 | K11: 30 | L11: 30 | O11: 3 | P11: 294 | Q11: 452 | R11: =Q11-P11 -> 158 | S11: 4000 | T11: =R11*S11 -> 632000 | W11: 3 | X11: 120000 | Y11: =W11*X11 -> 360000 | AB11: =Z11*AA11 -> 0 | AD11: 100000 | AE11: =AC11*AD11 -> 0 | AF11: 3 | AG11: 60000 | AH11: =AF11*AG11 -> 180000 | AO11: 3 | AP11: 120000 | AQ11: =AO11*AP11 -> 360000 | AT11: =AR11*AS11 -> 0 | AU11: =(SUM(T11,Y11,AB11,AE11,AH11,AK11,AN11,AQ11,AT11)) -> 1532000 | AV11: =AU11+I11*E11+J11+M11+N11 -> 5532000 | AX11: 5532000 | AY11: =IF(AND(AV11>0,AX11=0),"Chưa TT",IF(AX11-AV11>0,"Thừa",IF(AND(AV11=0,AX11=0),"Trống",IF(AND(AX11>0,AV11=0),"Đóng cọc",IF(AX11-AV11<0,"Thiếu",IF(AX11-AV11=0,"Đủ",0)))))) -> Đủ | AZ11: =AX11-AV11 -> 0
A12: 304G1 | B12: G1 | C12: 304 | D12: ĐỖ THANH HƯƠNG | E12: 1 | F12: 4100000 | G12: 4400000 | H12: 4100000 | I12: 4100000 | K12: 30 | L12: 30 | O12: 2 | P12: 110 | Q12: 184 | R12: =Q12-P12 -> 74 | S12: 4000 | T12: =R12*S12 -> 296000 | W12: 2 | X12: 120000 | Y12: =W12*X12 -> 240000 | AB12: =Z12*AA12 -> 0 | AC12: 1 | AD12: 100000 | AE12: =AC12*AD12 -> 100000 | AF12: 2 | AG12: 60000 | AH12: =AF12*AG12 -> 120000 | AO12: 2 | AP12: 120000 | AQ12: =AO12*AP12 -> 240000 | AT12: =AR12*AS12 -> 0 | AU12: =(SUM(T12,Y12,AB12,AE12,AH12,AK12,AN12,AQ12,AT12)) -> 996000 | AV12: =AU12+I12*E12+J12+M12+N12 -> 5096000 | AX12: 5096000 | AY12: =IF(AND(AV12>0,AX12=0),"Chưa TT",IF(AX12-AV12>0,"Thừa",IF(AND(AV12=0,AX12=0),"Trống",IF(AND(AX12>0,AV12=0),"Đóng cọc",IF(AX12-AV12<0,"Thiếu",IF(AX12-AV12=0,"Đủ",0)))))) -> Đủ | AZ12: =AX12-AV12 -> 0
A13: 401G1 | B13: G1 | C13: 401 | D13: ĐỖ THANH HƯƠNG | E13: 1 | F13: 4100000 | G13: =4200000+200000 -> 4400000 | H13: 4100000 | I13: 4100000 | K13: 30 | L13: 30 | O13: 2 | P13: 125 | Q13: 334 | R13: =Q13-P13 -> 209 | S13: 4000 | T13: =R13*S13 -> 836000 | W13: 2 | X13: 120000 | Y13: =W13*X13 -> 240000 | AC13: 1 | AD13: 100000 | AE13: =AC13*AD13 -> 100000 | AF13: 2 | AG13: 60000 | AH13: =AF13*AG13 -> 120000 | AO13: 2 | AP13: 120000 | AQ13: =AO13*AP13 -> 240000 | AT13: =AR13*AS13 -> 0 | AU13: =(SUM(T13,Y13,AB13,AE13,AH13,AK13,AN13,AQ13,AT13)) -> 1536000 | AV13: =AU13+I13*E13+J13+M13+N13 -> 5636000 | AW13: cho nợ cũ | AX13: 5600000 | AY13: =IF(AND(AV13>0,AX13=0),"Chưa TT",IF(AX13-AV13>0,"Thừa",IF(AND(AV13=0,AX13=0),"Trống",IF(AND(AX13>0,AV13=0),"Đóng cọc",IF(AX13-AV13<0,"Thiếu",IF(AX13-AV13=0,"Đủ",0)))))) -> Thiếu | AZ13: =AX13-AV13 -> -36000
A14: 402G1 | B14: G1 | C14: 402 | D14: ĐỖ THANH HƯƠNG | E14: 1 | F14: 3900000 | G14: 4000000 | H14: 3900000 | I14: 3900000 | K14: 30 | L14: 30 | O14: 2 | P14: 161 | Q14: 282 | R14: =Q14-P14 -> 121 | S14: 4000 | T14: =R14*S14 -> 484000 | W14: 2 | X14: 120000 | Y14: =W14*X14 -> 240000 | AC14: 1 | AD14: 100000 | AE14: =AC14*AD14 -> 100000 | AF14: 2 | AG14: 60000 | AH14: =AF14*AG14 -> 120000 | AI14: 1 | AJ14: 400000 | AK14: =AI14*AJ14 -> 400000 | AO14: 2 | AP14: 120000 | AQ14: =AO14*AP14 -> 240000 | AT14: =AR14*AS14 -> 0 | AU14: =(SUM(T14,Y14,AB14,AE14,AH14,AK14,AN14,AQ14,AT14)) -> 1584000 | AV14: =AU14+I14*E14+J14+M14+N14 -> 5484000 | AX14: =4484000+1000000 -> 5484000 | AY14: =IF(AND(AV14>0,AX14=0),"Chưa TT",IF(AX14-AV14>0,"Thừa",IF(AND(AV14=0,AX14=0),"Trống",IF(AND(AX14>0,AV14=0),"Đóng cọc",IF(AX14-AV14<0,"Thiếu",IF(AX14-AV14=0,"Đủ",0)))))) -> Đủ | AZ14: =AX14-AV14 -> 0
A15: 403G1 | B15: G1 | C15: 403 | D15: ĐỖ THANH HƯƠNG | E15: 1 | F15: 4200000 | G15: =4300000+200000 -> 4500000 | H15: 4200000 | I15: 4200000 | K15: 30 | L15: 30 | O15: 2 | P15: 86 | Q15: 230 | R15: =Q15-P15 -> 144 | S15: 4000 | T15: =R15*S15 -> 576000 | W15: 2 | X15: 120000 | Y15: =W15*X15 -> 240000 | AD15: 100000 | AE15: =AC15*AD15 -> 0 | AF15: 2 | AG15: 60000 | AH15: =AF15*AG15 -> 120000 | AO15: 2 | AP15: 120000 | AQ15: =AO15*AP15 -> 240000 | AT15: =AR15*AS15 -> 0 | AU15: =(SUM(T15,Y15,AB15,AE15,AH15,AK15,AN15,AQ15,AT15)) -> 1176000 | AV15: =AU15+I15*E15+J15+M15+N15 -> 5376000 | AX15: 5376000 | AY15: =IF(AND(AV15>0,AX15=0),"Chưa TT",IF(AX15-AV15>0,"Thừa",IF(AND(AV15=0,AX15=0),"Trống",IF(AND(AX15>0,AV15=0),"Đóng cọc",IF(AX15-AV15<0,"Thiếu",IF(AX15-AV15=0,"Đủ",0)))))) -> Đủ | AZ15: =AX15-AV15 -> 0
A16: 404G1 | B16: G1 | C16: 404 | D16: ĐỖ THANH HƯƠNG | E16: 1 | F16: 4000000 | G16: 4400000 | H16: 4000000 | I16: 4000000 | K16: 30 | L16: 30 | O16: 1 | P16: 122 | Q16: 215 | R16: =Q16-P16 -> 93 | S16: 4000 | T16: =R16*S16 -> 372000 | W16: 1 | X16: 120000 | Y16: =W16*X16 -> 120000 | AD16: 100000 | AE16: =AC16*AD16 -> 0 | AF16: 1 | AG16: 60000 | AH16: =AF16*AG16 -> 60000 | AO16: 1 | AP16: 120000 | AQ16: =AO16*AP16 -> 120000 | AT16: =AR16*AS16 -> 0 | AU16: =(SUM(T16,Y16,AB16,AE16,AH16,AK16,AN16,AQ16,AT16)) -> 672000 | AV16: =AU16+I16*E16+J16+M16+N16 -> 4672000 | AX16: 4672000 | AY16: =IF(AND(AV16>0,AX16=0),"Chưa TT",IF(AX16-AV16>0,"Thừa",IF(AND(AV16=0,AX16=0),"Trống",IF(AND(AX16>0,AV16=0),"Đóng cọc",IF(AX16-AV16<0,"Thiếu",IF(AX16-AV16=0,"Đủ",0)))))) -> Đủ | AZ16: =AX16-AV16 -> 0
A17: 601G1 | B17: G1 | C17: 601 | D17: ĐỖ THANH HƯƠNG | E17: 1 | F17: 3800000 | G17: 4100000 | H17: 3800000 | I17: 3800000 | K17: 30 | L17: 30 | O17: 1 | P17: 48 | Q17: 122 | R17: =Q17-P17 -> 74 | S17: 4000 | T17: =R17*S17 -> 296000 | W17: 1 | X17: 120000 | Y17: =W17*X17 -> 120000 | AC17: 1 | AD17: 100000 | AE17: =AC17*AD17 -> 100000 | AF17: 1 | AG17: 60000 | AH17: =AF17*AG17 -> 60000 | AO17: 1 | AP17: 120000 | AQ17: =AO17*AP17 -> 120000 | AT17: =AR17*AS17 -> 0 | AU17: =(SUM(T17,Y17,AB17,AE17,AH17,AK17,AN17,AQ17,AT17)) -> 696000 | AV17: =AU17+I17*E17+J17+M17+N17 -> 4496000 | AX17: 4496000 | AY17: =IF(AND(AV17>0,AX17=0),"Chưa TT",IF(AX17-AV17>0,"Thừa",IF(AND(AV17=0,AX17=0),"Trống",IF(AND(AX17>0,AV17=0),"Đóng cọc",IF(AX17-AV17<0,"Thiếu",IF(AX17-AV17=0,"Đủ",0)))))) -> Đủ | AZ17: =AX17-AV17 -> 0
A18: 603G1 | B18: G1 | C18: 603 | D18: ĐỖ THANH HƯƠNG | E18: 1 | F18: 3000000 | G18: 3300000 | H18: 3000000 | I18: 3000000 | K18: 30 | L18: 30 | O18: 2 | P18: 69 | Q18: 103 | R18: =Q18-P18 -> 34 | S18: 4000 | T18: =R18*S18 -> 136000 | W18: 2 | X18: 120000 | Y18: =W18*X18 -> 240000 | AB18: =Z18*AA18 -> 0 | AC18: 1 | AD18: 100000 | AE18: =AC18*AD18 -> 100000 | AF18: 2 | AG18: 60000 | AH18: =AF18*AG18 -> 120000 | AO18: 2 | AP18: 120000 | AQ18: =AO18*AP18 -> 240000 | AR18: =(212-131)/2 -> 40.5 | AS18: 4000 | AT18: =AR18*AS18 -> 162000 | AU18: =(SUM(T18,Y18,AB18,AE18,AH18,AK18,AN18,AQ18,AT18)) -> 998000 | AV18: =AU18+I18*E18+J18+M18+N18 -> 3998000 | AX18: 4000000 | AY18: =IF(AND(AV18>0,AX18=0),"Chưa TT",IF(AX18-AV18>0,"Thừa",IF(AND(AV18=0,AX18=0),"Trống",IF(AND(AX18>0,AV18=0),"Đóng cọc",IF(AX18-AV18<0,"Thiếu",IF(AX18-AV18=0,"Đủ",0)))))) -> Thừa | AZ18: =AX18-AV18 -> 2000
A19: 604G1 | B19: G1 | C19: 604 | D19: ĐỖ THANH HƯƠNG | E19: 1 | F19: 3500000 | G19: 3500000 | H19: 3500000 | I19: 3500000 | K19: 30 | L19: 30 | O19: 3 | P19: 76 | Q19: 168 | R19: =Q19-P19 -> 92 | S19: 4000 | T19: =R19*S19 -> 368000 | W19: 3 | X19: 120000 | Y19: =W19*X19 -> 360000 | AC19: 1 | AD19: 100000 | AE19: =AC19*AD19 -> 100000 | AF19: 3 | AG19: 60000 | AH19: =AF19*AG19 -> 180000 | AO19: 3 | AP19: 120000 | AQ19: =AO19*AP19 -> 360000 | AR19: =(212-131)/2 -> 40.5 | AS19: 4000 | AT19: =AR19*AS19 -> 162000 | AU19: =(SUM(T19,Y19,AB19,AE19,AH19,AK19,AN19,AQ19,AT19)) -> 1530000 | AV19: =AU19+I19*E19+J19+M19+N19 -> 5030000 | AX19: 5030000 | AY19: =IF(AND(AV19>0,AX19=0),"Chưa TT",IF(AX19-AV19>0,"Thừa",IF(AND(AV19=0,AX19=0),"Trống",IF(AND(AX19>0,AV19=0),"Đóng cọc",IF(AX19-AV19<0,"Thiếu",IF(AX19-AV19=0,"Đủ",0)))))) -> Đủ | AZ19: =AX19-AV19 -> 0

Sheet BÁO CÁO THÁNG 5
A1: BÁO CÁO KINH DOANH G1 THÁNG 452026 | F1: BẢNG CHIA CỔ PHẦN G1
A2: Tổng doanh thu tháng 5 | C2: ='HĐ T5.26 '!AX2 -> 79676000 | D2: DT TRÊN HĐ - HOÀN CỌC | G2: Tỷ lệ % | H2: Vốn | I2: LN Gộp | J2: LN ròng | K2: LNR/GV | L2: CP/LNG | M2: Tổng nhận
A3: Cọc phòng mới | F3: CHUNG | G3: 10 | H3: =G3*($C$22/100) -> 4800000 | I3: =G3*$C$73/100 -> 1754299.5 | J3: =G3*$C$74/100 -> 1223951.9 | M3: =H3+J3 -> 6023951.9
F4: HẰNG | G4: 20 | H4: =G4*($C$22/100) -> 9600000 | I4: =G4*$C$73/100 -> 3508599 | J4: =G4*$C$74/100 -> 2447903.8 | M4: =H4+J4 -> 12047904
F5: TÙNG | G5: 15 | H5: =G5*($C$22/100) -> 7200000 | I5: =G5*$C$73/100 -> 2631449.2 | J5: =G5*$C$74/100 -> 1835927.8 | M5: =H5+J5 -> 9035927.8
A6: Cọc khách bỏ không ở | F6: NGỌC | G6: 5 | H6: =G6*($C$22/100) -> 2400000 | I6: =G6*$C$73/100 -> 877149.75 | J6: =G6*$C$74/100 -> 611975.94 | M6: =H6+J6 -> 3011975.9
A7: Hoàn Cọc | F7: MẠNH | G7: 15 | H7: =G7*($C$22/100) -> 7200000 | I7: =G7*$C$73/100 -> 2631449.2 | J7: =G7*$C$74/100 -> 1835927.8 | M7: =H7+J7 -> 9035927.8
F8: HÀO | G8: 10 | H8: =G8*($C$22/100) -> 4800000 | I8: =G8*$C$73/100 -> 1754299.5 | J8: =G8*$C$74/100 -> 1223951.9 | M8: =H8+J8 -> 6023951.9 | N8: =H13+J13 -> 60239519
B9: Tổng số phòng phá hđ | C9: 0 | F9: A ĐIỆP | G9: 5 | H9: =G9*($C$22/100) -> 2400000 | I9: =G9*$C$73/100 -> 877149.75 | J9: =G9*$C$74/100 -> 611975.94 | M9: =H9+J9 -> 3011975.9 | N9: =H13+J13 -> 60239519
B10: Tổng số phòng mới | C10: 0 | F10: LÂM | G10: 10 | H10: =G10*($C$22/100) -> 4800000 | I10: =G10*$C$73/100 -> 1754299.5 | J10: =G10*$C$74/100 -> 1223951.9 | M10: =H10+J10 -> 6023951.9
B11: Tổng số phòng trống | C11: 0 | F11: HUY ANH | G11: 10 | H11: =G11*($C$22/100) -> 4800000 | I11: =G11*$C$73/100 -> 1754299.5 | J11: =G11*$C$74/100 -> 1223951.9 | M11: =H11+J11 -> 6023951.9
B12: Doanh thu tiền phòng | C12: ='HĐ T5.26 '!I2 -> 57500000
B13: Doanh thu điện | C13: ='HĐ T5.26 '!T2+'HĐ T5.26 '!AT2 -> 12070000 | G13: =SUM(G3:G12) -> 100 | H13: =SUM(H3:H12) -> 48000000 | I13: =SUM(I3:I12) -> 17542995 | J13: =SUM(J3:J12) -> 12239519 | K13: =C78*100 -> 19.6989 | L13: =C80 -> 3.8440689 | M13: =SUM(M3:M12) -> 60239519
B14: Doanh thu nước | C14: ='HĐ T5.26 '!Y2 -> 3240000
B15: Doanh thu phí vệ sinh | C15: ='HĐ T5.26 '!AQ2/2 -> 1620000
B16: Doanh thu mạng | C16: ='HĐ T5.26 '!AE2 -> 1100000
B17: Doanh thu xe điện | C17: ='HĐ T5.26 '!AK2 -> 850000
B18: Doanh thu phí thang máy | C18: ='HĐ T5.26 '!AH2 -> 1560000
B19: Doanh thu máy giặt | C19: ='HĐ T5.26 '!AQ2/2 -> 1620000
B20: Doanh thu tổng dịch vụ nhà | C20: =SUM(C13:C19) -> 22060000
A22: Tiền thuê nhà 1 tháng | B22: Tiền thuê nhà | C22: 48000000
A23: Mua sắm thêm thiết bị
A28: Gía gốc dịch vụ | B28: Điện | C28: 13533005
B29: Nước | C29: 300000
B30: Mạng | C30: 0
B31: Phí thu rác | C31: 300000
B32: Phí môi trường
B33: Phí bảo trì thang máy
A34: Gía vốn( GV) | C34: =SUM(C22:C33) -> 62133005
A35: Chi phí vận hành | B35: Lương quản lý | C35: ='[12]THÁNG 5 '!$W$118+(2134615/398)*15 -> 1614204.9
B36: Lương quản lý tổng | C36: =(12000000/1293)*15 -> 139211.14
B37: Lương trưởng phòng vận hành | C37: =(10000000/1293)*15+7000*15 -> 221009.28
B38: Lương phó phòng vận hành | C38: =(8000000/1293)*15+5000*15 -> 167807.42
B39: Lương nhân viên nguồn
B40: Lương NVKD partime | C40: =(SUM('[12]THÁNG 5 '!$Y$126/1293)*15) -> 472871.68
B41: Lương vệ sinh | C41: 550000
B42: Lương kế toán | C42: =150000+10000+(2000000/1293)*15 -> 183201.86
B43: Lương sửa chữa | C43: =(22000000/1293)*15 -> 255220.42
B44: Lương bảo vệ
B45: Thuê và dv VP | C45: =('[13]THÁNG 5.26 '!$B$35/1293)*15 -> 751465.78
A46: Chi phí bán hàng phát sinh | B46: Phí marketing | C46: =('[13]THÁNG 5.26 '!$F$10/1293)*15 -> 183483.76
B50: Sửa chữa ,thay thế,bảo trì | C50: 120000 | D50: thay vòi rửa P302
C51: 120000 | D51: thay phao điện
B65: chi phí khác | C65: =50000*6 -> 300000 | D65: 6 biển giữ trật tự sau 22h
C66: 25000 | D66: 1 dan no smoking
C67: 25000 | D67: k giặt quá nhiều đồ
C68: 25000 | D68: 1 biển để rác gọn vào thùg
C69: =5*25000 -> 125000 | D69: 5 biển để giày dép gọn gàng
C70: 25000 | D70: k mở cửa cho người lạ
A71: Tổng chi phí bán hàng (CPBH) | C71: =SUM(C35:C70) -> 5303476.2
A72: TỔNG CHI PHÍ (TCP) | C72: =C34+C71 -> 67436481
A73: Lợi nhuận gộp (LNG) | C73: =C2-C34 -> 17542995 | D73: DT-GV
A74: Lợi nhuận ròng (LNR) | C74: =C2-C72 -> 12239519 | D74: DT-TCP
A75: Gía vốn( GV) | C75: =C34 -> 62133005
A76: Tỷ lệ LNR /DT | C76: =C74/C2 -> 0.15361613
A77: Tỷ lệ LNG /DT | C77: =C73/C2 -> 0.22017916
A78: Tỷ lệ LNR /GV | C78: =C74/C75 -> 0.196989
A79: Tỷ lệ LNR/LNG | C79: =C74/C73 -> 0.69768696
A80: CP/LNG | C80: =C72/C73 -> 3.8440689
A81: GV/DT | C81: =C75/C2 -> 0.77982084
A82: CPBH/DT | C82: =C71/C2 -> 0.066563033
A83: TCP/DT | C83: =C72/C2 -> 0.84638387
A84: LƯƠNG/CPBH | C84: =SUM(C35:C44)/C71 -> 0.67946504
A85: HH/CPBH | C85: =SUM(C46:C49)/C71 -> 0.034596885
A86: CPK/CPBH | C86: =SUM(C65:C70)/C71 -> 0.098991676

Sheet HĐ T5.26 
A1: Mã | B1: Tòa | C1: Phòng | D1: Quản lý | E1: Kỳ TT | F1: Cọc khách cũ | G1: Giá Niêm yết | H1: Giá QL | I1: Gía phòng hiện tại | J1: Cọc | K1: Ngày ở | L1: Ngày DV | M1: Nợ cũ | N1: Thu khác | O1: Số người | P1: Điện | U1: Nước | Z1: VỆ SINH | AC1: MẠNG | AF1: THANG MÁY | AI1: XE ĐIỆN | AL1: Máy giặt | AO1: DV khác | AR1: Điện chung | AU1: Tổng DV | AV1: Tổng cần đóng | AW1: Ghi Chú Hóa đơn | AX1: Tổng đã đóng link | AY1: Tình trạng | AZ1: Công nợ KH | BA1: GHI CHÚ
G2: =SUM(G4:G19) -> 61200000 | H2: =SUM(H4:H19) -> 57500000 | I2: =SUM(I4:I19) -> 57500000 | J2: =SUM(J4:J19) -> 0 | K2: =SUM(K4:K19) -> 480 | L2: =SUM(L4:L19) -> 480 | M2: =SUM(M4:M19) -> 36000 | N2: =SUM(N4:N19) -> 0 | ... AX2: =SUM(AX4:AX19) -> 79676000
M3: (thiếu ghi âm) | N3: + | P3: CS cu | Q3: Cs moi | R3: SL | S3: Đơn giá | T3: Thành tiền | U3: CS cu | V3: CS moi | W3: SL | X3: Đơn giá | Y3: Thành tiền | Z3: SL | AA3: Đơn giá | AB3: Thành tiền | AC3: SL | AD3: Đơn giá | AE3: Thành tiền | AF3: SL | AG3: Đơn giá | AH3: Thành tiền | AI3: SL | AJ3: Đơn giá | AK3: Thành tiền | AL3: SL | AM3: Đơn giá | AN3: Thành tiền | AO3: SL | AP3: Đơn giá | AQ3: Thành tiền | AR3: SL | AS3: Đơn giá | AT3: Thành tiền | AY3: =AX3-AV3 -> 0
A4: 000G1 | B4: G1 | C4: 0 | D4: ĐỖ THANH HƯƠNG | E4: 1 | K4: 30 | L4: 30 | R4: 364 | S4: 3500 | T4: =R4*S4 -> 1274000 | AU4: =(SUM(T4,Y4,AB4,AE4,AH4,AK4,AN4,AQ4,AT4)) -> 1274000 | AV4: =AU4+I4*E4+J4+M4+N4 -> 1274000 | AX4: =974000+300000 -> 1274000 | AY4: =IF(AND(AV4>0,AX4=0),"Chưa TT",IF(AX4-AV4>0,"Thừa",IF(AND(AV4=0,AX4=0),"Trống",IF(AND(AX4>0,AV4=0),"Đóng cọc",IF(AX4-AV4<0,"Thiếu",IF(AX4-AV4=0,"Đủ",0)))))) -> Đủ | AZ4: =AX4-AV4 -> 0
A5: 101G1 | B5: G1 | C5: 101 | D5: ĐỖ THANH HƯƠNG | E5: 1 | F5: 3500000 | G5: 3600000 | H5: 3500000 | I5: 3500000 | K5: 30 | L5: 30 | O5: 1 | P5: 196 | Q5: 356 | R5: =Q5-P5 -> 160 | S5: 4000 | T5: =R5*S5 -> 640000 | W5: 1 | X5: 120000 | Y5: =W5*X5 -> 120000 | AC5: 1 | AD5: 100000 | AE5: =AC5*AD5 -> 100000 | AF5: 1 | AG5: 60000 | AH5: =AF5*AG5 -> 60000 | AO5: 1 | AP5: 120000 | AQ5: =AO5*AP5 -> 120000 | AT5: =AR5*AS5 -> 0 | AU5: =(SUM(T5,Y5,AB5,AE5,AH5,AK5,AN5,AQ5,AT5)) -> 1040000 | AV5: =AU5+I5*E5+J5+M5+N5 -> 4540000 | AX5: 4540000 | AY5: =IF(AND(AV5>0,AX5=0),"Chưa TT",IF(AX5-AV5>0,"Thừa",IF(AND(AV5=0,AX5=0),"Trống",IF(AND(AX5>0,AV5=0),"Đóng cọc",IF(AX5-AV5<0,"Thiếu",IF(AX5-AV5=0,"Đủ",0)))))) -> Đủ | AZ5: =AX5-AV5 -> 0
A6: 201G1 | B6: G1 | C6: 201 | D6: ĐỖ THANH HƯƠNG | E6: 1 | F6: 4100000 | G6: 4200000 | H6: 4100000 | I6: 4100000 | K6: 30 | L6: 30 | O6: 2 | P6: 130 | Q6: 267 | R6: =Q6-P6 -> 137 | S6: 4000 | T6: =R6*S6 -> 548000 | W6: 2 | X6: 120000 | Y6: =W6*X6 -> 240000 | AC6: 1 | AD6: 100000 | AE6: =AC6*AD6 -> 100000 | AF6: 2 | AG6: 60000 | AH6: =AF6*AG6 -> 120000 | AI6: 1 | AJ6: 150000 | AK6: =AI6*AJ6 -> 150000 | AO6: 2 | AP6: 120000 | AQ6: =AO6*AP6 -> 240000 | AT6: =AR6*AS6 -> 0 | AU6: =(SUM(T6,Y6,AB6,AE6,AH6,AK6,AN6,AQ6,AT6)) -> 1398000 | AV6: =AU6+I6*E6+J6+M6+N6 -> 5498000 | AX6: 5498000 | AY6: =IF(AND(AV6>0,AX6=0),"Chưa TT",IF(AX6-AV6>0,"Thừa",IF(AND(AV6=0,AX6=0),"Trống",IF(AND(AX6>0,AV6=0),"Đóng cọc",IF(AX6-AV6<0,"Thiếu",IF(AX6-AV6=0,"Đủ",0)))))) -> Đủ | AZ6: =AX6-AV6 -> 0 | CA6: 1935 | CB6: 1967 | CC6: =CB6-CA6 -> 32 | CD6: 3800 | CE6: =CC6*CD6 -> 121600 | CG6: =CE6/3 -> 40533.333
A7: 202G1 | B7: G1 | C7: 202 | D7: ĐỖ THANH HƯƠNG | E7: 1 | F7: 3800000 | G7: 4000000 | H7: 3800000 | I7: 3800000 | K7: 30 | L7: 30 | O7: 2 | P7: 373 | Q7: 732 | R7: =Q7-P7 -> 359 | S7: 4000 | T7: =R7*S7 -> 1436000 | W7: 2 | X7: 120000 | Y7: =W7*X7 -> 240000 | AC7: 1 | AD7: 100000 | AE7: =AC7*AD7 -> 100000 | AF7: 2 | AG7: 60000 | AH7: =AF7*AG7 -> 120000 | AN7: =AL7*AM7 -> 0 | AO7: 2 | AP7: 120000 | AQ7: =AO7*AP7 -> 240000 | AT7: =AR7*AS7 -> 0 | AU7: =(SUM(T7,Y7,AB7,AE7,AH7,AK7,AN7,AQ7,AT7)) -> 2136000 | AV7: =AU7+I7*E7+J7+M7+N7 -> 5936000 | AX7: 5936000 | AY7: =IF(AND(AV7>0,AX7=0),"Chưa TT",IF(AX7-AV7>0,"Thừa",IF(AND(AV7=0,AX7=0),"Trống",IF(AND(AX7>0,AV7=0),"Đóng cọc",IF(AX7-AV7<0,"Thiếu",IF(AX7-AV7=0,"Đủ",0)))))) -> Đủ | AZ7: =AX7-AV7 -> 0 | CA7: 1935 | CB7: 1967 | CC7: =CB7-CA7 -> 32 | CD7: 3800 | CE7: =CC7*CD7 -> 121600 | CG7: =CE7/3 -> 40533.333
A8: 203G1 | B8: G1 | C8: 203 | D8: ĐỖ THANH HƯƠNG | E8: 1 | F8: 3800000 | G8: 4300000 | H8: 3800000 | I8: 3800000 | K8: 30 | L8: 30 | O8: 1 | P8: 33 | Q8: 85 | R8: =Q8-P8 -> 52 | S8: 4000 | T8: =R8*S8 -> 208000 | W8: 1 | X8: 120000 | Y8: =W8*X8 -> 120000 | AD8: 100000 | AE8: =AC8*AD8 -> 0 | AG8: 60000 | AH8: =AF8*AG8 -> 0 | AO8: 1 | AP8: 120000 | AQ8: =AO8*AP8 -> 120000 | AT8: =AR8*AS8 -> 0 | AU8: =(SUM(T8,Y8,AB8,AE8,AH8,AK8,AN8,AQ8,AT8)) -> 448000 | AV8: =AU8+I8*E8+J8+M8+N8 -> 4248000 | AX8: 4248000 | AY8: =IF(AND(AV8>0,AX8=0),"Chưa TT",IF(AX8-AV8>0,"Thừa",IF(AND(AV8=0,AX8=0),"Trống",IF(AND(AX8>0,AV8=0),"Đóng cọc",IF(AX8-AV8<0,"Thiếu",IF(AX8-AV8=0,"Đủ",0)))))) -> Đủ | AZ8: =AX8-AV8 -> 0 | CA8: 144 | CB8: 209 | CC8: =CB8-CA8 -> 65 | CD8: 3800 | CE8: =CC8*CD8 -> 247000 | CG8: =CE8/3 -> 82333.333
A9: 301G1 | B9: G1 | C9: 301 | D9: ĐỖ THANH HƯƠNG | E9: 1 | F9: 3900000 | G9: 4200000 | H9: 3900000 | I9: 3900000 | K9: 30 | L9: 30 | O9: 1 | P9: 113 | Q9: 245 | R9: =Q9-P9 -> 132 | S9: 4000 | T9: =R9*S9 -> 528000 | W9: 1 | X9: 120000 | Y9: =W9*X9 -> 120000 | AC9: 1 | AD9: 100000 | AE9: =AC9*AD9 -> 100000 | AF9: 1 | AG9: 60000 | AH9: =AF9*AG9 -> 60000 | AI9: 1 | AJ9: 150000 | AK9: =AI9*AJ9 -> 150000 | AO9: 1 | AP9: 120000 | AQ9: =AO9*AP9 -> 120000 | AT9: =AR9*AS9 -> 0 | AU9: =(SUM(T9,Y9,AB9,AE9,AH9,AK9,AN9,AQ9,AT9)) -> 1078000 | AV9: =AU9+I9*E9+J9+M9+N9 -> 4978000 | AX9: 4978000 | AY9: =IF(AND(AV9>0,AX9=0),"Chưa TT",IF(AX9-AV9>0,"Thừa",IF(AND(AV9=0,AX9=0),"Trống",IF(AND(AX9>0,AV9=0),"Đóng cọc",IF(AX9-AV9<0,"Thiếu",IF(AX9-AV9=0,"Đủ",0)))))) -> Đủ | AZ9: =AX9-AV9 -> 0 | CA9: 144 | CB9: 209 | CC9: =CB9-CA9 -> 65 | CD9: 3800 | CE9: =CC9*CD9 -> 247000 | CG9: =CE9/3 -> 82333.333
A10: 302G1 | B10: G1 | C10: 302 | D10: ĐỖ THANH HƯƠNG | E10: 1 | F10: 3800000 | G10: 4000000 | H10: 3800000 | I10: 3800000 | K10: 30 | L10: 30 | O10: 2 | P10: 163 | Q10: 199 | R10: =Q10-P10 -> 36 | S10: 4000 | T10: =R10*S10 -> 144000 | W10: 2 | X10: 120000 | Y10: =W10*X10 -> 240000 | AC10: 1 | AD10: 100000 | AE10: =AC10*AD10 -> 100000 | AF10: 2 | AG10: 60000 | AH10: =AF10*AG10 -> 120000 | AI10: 1 | AJ10: 150000 | AK10: =AI10*AJ10 -> 150000 | AO10: 2 | AP10: 120000 | AQ10: =AO10*AP10 -> 240000 | AT10: =AR10*AS10 -> 0 | AU10: =(SUM(T10,Y10,AB10,AE10,AH10,AK10,AN10,AQ10,AT10)) -> 994000 | AV10: =AU10+I10*E10+J10+M10+N10 -> 4794000 | AX10: =80000+4794000 -> 4874000 | AY10: =IF(AND(AV10>0,AX10=0),"Chưa TT",IF(AX10-AV10>0,"Thừa",IF(AND(AV10=0,AX10=0),"Trống",IF(AND(AX10>0,AV10=0),"Đóng cọc",IF(AX10-AV10<0,"Thiếu",IF(AX10-AV10=0,"Đủ",0)))))) -> Thừa | AZ10: =AX10-AV10 -> 80000 | CA10: 144 | CB10: 209 | CC10: =CB10-CA10 -> 65 | CD10: 3800 | CE10: =CC10*CD10 -> 247000 | CG10: =CE10/3 -> 82333.333
A11: 303G1 | B11: G1 | C11: 303 | D11: ĐỖ THANH HƯƠNG | E11: 1 | F11: 4000000 | G11: 4300000 | H11: 4000000 | I11: 4000000 | K11: 30 | L11: 30 | O11: 3 | P11: 452 | Q11: 670 | R11: =Q11-P11 -> 218 | S11: 4000 | T11: =R11*S11 -> 872000 | W11: 3 | X11: 120000 | Y11: =W11*X11 -> 360000 | AB11: =Z11*AA11 -> 0 | AD11: 100000 | AE11: =AC11*AD11 -> 0 | AF11: 3 | AG11: 60000 | AH11: =AF11*AG11 -> 180000 | AO11: 3 | AP11: 120000 | AQ11: =AO11*AP11 -> 360000 | AT11: =AR11*AS11 -> 0 | AU11: =(SUM(T11,Y11,AB11,AE11,AH11,AK11,AN11,AQ11,AT11)) -> 1772000 | AV11: =AU11+I11*E11+J11+M11+N11 -> 5772000 | AX11: 5772000 | AY11: =IF(AND(AV11>0,AX11=0),"Chưa TT",IF(AX11-AV11>0,"Thừa",IF(AND(AV11=0,AX11=0),"Trống",IF(AND(AX11>0,AV11=0),"Đóng cọc",IF(AX11-AV11<0,"Thiếu",IF(AX11-AV11=0,"Đủ",0)))))) -> Đủ | AZ11: =AX11-AV11 -> 0
A12: 304G1 | B12: G1 | C12: 304 | D12: ĐỖ THANH HƯƠNG | E12: 1 | F12: 4100000 | G12: 4400000 | H12: 4100000 | I12: 4100000 | K12: 30 | L12: 30 | O12: 2 | P12: 184 | Q12: 326 | R12: =Q12-P12 -> 142 | S12: 4000 | T12: =R12*S12 -> 568000 | W12: 2 | X12: 120000 | Y12: =W12*X12 -> 240000 | AB12: =Z12*AA12 -> 0 | AC12: 1 | AD12: 100000 | AE12: =AC12*AD12 -> 100000 | AF12: 2 | AG12: 60000 | AH12: =AF12*AG12 -> 120000 | AO12: 2 | AP12: 120000 | AQ12: =AO12*AP12 -> 240000 | AT12: =AR12*AS12 -> 0 | AU12: =(SUM(T12,Y12,AB12,AE12,AH12,AK12,AN12,AQ12,AT12)) -> 1268000 | AV12: =AU12+I12*E12+J12+M12+N12 -> 5368000 | AX12: 5368000 | AY12: =IF(AND(AV12>0,AX12=0),"Chưa TT",IF(AX12-AV12>0,"Thừa",IF(AND(AV12=0,AX12=0),"Trống",IF(AND(AX12>0,AV12=0),"Đóng cọc",IF(AX12-AV12<0,"Thiếu",IF(AX12-AV12=0,"Đủ",0)))))) -> Đủ | AZ12: =AX12-AV12 -> 0
A13: 401G1 | B13: G1 | C13: 401 | D13: ĐỖ THANH HƯƠNG | E13: 1 | F13: 4100000 | G13: =4200000+200000 -> 4400000 | H13: 4100000 | I13: 4100000 | K13: 30 | L13: 30 | M13: 36000 | O13: 2 | P13: 334 | Q13: 794 | R13: =Q13-P13 -> 460 | S13: 4000 | T13: =R13*S13 -> 1840000 | W13: 2 | X13: 120000 | Y13: =W13*X13 -> 240000 | AC13: 1 | AD13: 100000 | AE13: =AC13*AD13 -> 100000 | AF13: 2 | AG13: 60000 | AH13: =AF13*AG13 -> 120000 | AO13: 2 | AP13: 120000 | AQ13: =AO13*AP13 -> 240000 | AT13: =AR13*AS13 -> 0 | AU13: =(SUM(T13,Y13,AB13,AE13,AH13,AK13,AN13,AQ13,AT13)) -> 2540000 | AV13: =AU13+I13*E13+J13+M13+N13 -> 6676000 | AX13: 6676000 | AY13: =IF(AND(AV13>0,AX13=0),"Chưa TT",IF(AX13-AV13>0,"Thừa",IF(AND(AV13=0,AX13=0),"Trống",IF(AND(AX13>0,AV13=0),"Đóng cọc",IF(AX13-AV13<0,"Thiếu",IF(AX13-AV13=0,"Đủ",0)))))) -> Đủ | AZ13: =AX13-AV13 -> 0
A14: 402G1 | B14: G1 | C14: 402 | D14: ĐỖ THANH HƯƠNG | E14: 1 | F14: 3900000 | G14: 4000000 | H14: 3900000 | I14: 3900000 | K14: 30 | L14: 30 | O14: 2 | P14: 282 | Q14: 488 | R14: =Q14-P14 -> 206 | S14: 4000 | T14: =R14*S14 -> 824000 | W14: 2 | X14: 120000 | Y14: =W14*X14 -> 240000 | AC14: 1 | AD14: 100000 | AE14: =AC14*AD14 -> 100000 | AF14: 2 | AG14: 60000 | AH14: =AF14*AG14 -> 120000 | AI14: 1 | AJ14: 400000 | AK14: =AI14*AJ14 -> 400000 | AO14: 2 | AP14: 120000 | AQ14: =AO14*AP14 -> 240000 | AT14: =AR14*AS14 -> 0 | AU14: =(SUM(T14,Y14,AB14,AE14,AH14,AK14,AN14,AQ14,AT14)) -> 1924000 | AV14: =AU14+I14*E14+J14+M14+N14 -> 5824000 | AX14: =4400000+1424000 -> 5824000 | AY14: =IF(AND(AV14>0,AX14=0),"Chưa TT",IF(AX14-AV14>0,"Thừa",IF(AND(AV14=0,AX14=0),"Trống",IF(AND(AX14>0,AV14=0),"Đóng cọc",IF(AX14-AV14<0,"Thiếu",IF(AX14-AV14=0,"Đủ",0)))))) -> Đủ | AZ14: =AX14-AV14 -> 0
A15: 403G1 | B15: G1 | C15: 403 | D15: ĐỖ THANH HƯƠNG | E15: 1 | F15: 4200000 | G15: =4300000+200000 -> 4500000 | H15: 4200000 | I15: 4200000 | K15: 30 | L15: 30 | O15: 2 | P15: 230 | Q15: 456 | R15: =Q15-P15 -> 226 | S15: 4000 | T15: =R15*S15 -> 904000 | W15: 2 | X15: 120000 | Y15: =W15*X15 -> 240000 | AD15: 100000 | AE15: =AC15*AD15 -> 0 | AF15: 2 | AG15: 60000 | AH15: =AF15*AG15 -> 120000 | AO15: 2 | AP15: 120000 | AQ15: =AO15*AP15 -> 240000 | AT15: =AR15*AS15 -> 0 | AU15: =(SUM(T15,Y15,AB15,AE15,AH15,AK15,AN15,AQ15,AT15)) -> 1504000 | AV15: =AU15+I15*E15+J15+M15+N15 -> 5704000 | AX15: 5704000 | AY15: =IF(AND(AV15>0,AX15=0),"Chưa TT",IF(AX15-AV15>0,"Thừa",IF(AND(AV15=0,AX15=0),"Trống",IF(AND(AX15>0,AV15=0),"Đóng cọc",IF(AX15-AV15<0,"Thiếu",IF(AX15-AV15=0,"Đủ",0)))))) -> Đủ | AZ15: =AX15-AV15 -> 0
A16: 404G1 | B16: G1 | C16: 404 | D16: ĐỖ THANH HƯƠNG | E16: 1 | F16: 4000000 | G16: 4400000 | H16: 4000000 | I16: 4000000 | K16: 30 | L16: 30 | O16: 1 | P16: 215 | Q16: 353 | R16: =Q16-P16 -> 138 | S16: 4000 | T16: =R16*S16 -> 552000 | W16: 1 | X16: 120000 | Y16: =W16*X16 -> 120000 | AD16: 100000 | AE16: =AC16*AD16 -> 0 | AF16: 1 | AG16: 60000 | AH16: =AF16*AG16 -> 60000 | AO16: 1 | AP16: 120000 | AQ16: =AO16*AP16 -> 120000 | AT16: =AR16*AS16 -> 0 | AU16: =(SUM(T16,Y16,AB16,AE16,AH16,AK16,AN16,AQ16,AT16)) -> 852000 | AV16: =AU16+I16*E16+J16+M16+N16 -> 4852000 | AX16: 4852000 | AY16: =IF(AND(AV16>0,AX16=0),"Chưa TT",IF(AX16-AV16>0,"Thừa",IF(AND(AV16=0,AX16=0),"Trống",IF(AND(AX16>0,AV16=0),"Đóng cọc",IF(AX16-AV16<0,"Thiếu",IF(AX16-AV16=0,"Đủ",0)))))) -> Đủ | AZ16: =AX16-AV16 -> 0
A17: 601G1 | B17: G1 | C17: 601 | D17: ĐỖ THANH HƯƠNG | E17: 1 | F17: 3800000 | G17: 4100000 | H17: 3800000 | I17: 3800000 | K17: 30 | L17: 30 | O17: 1 | P17: 122 | Q17: 239 | R17: =Q17-P17 -> 117 | S17: 4000 | T17: =R17*S17 -> 468000 | W17: 1 | X17: 120000 | Y17: =W17*X17 -> 120000 | AC17: 1 | AD17: 100000 | AE17: =AC17*AD17 -> 100000 | AF17: 1 | AG17: 60000 | AH17: =AF17*AG17 -> 60000 | AO17: 1 | AP17: 120000 | AQ17: =AO17*AP17 -> 120000 | AT17: =AR17*AS17 -> 0 | AU17: =(SUM(T17,Y17,AB17,AE17,AH17,AK17,AN17,AQ17,AT17)) -> 868000 | AV17: =AU17+I17*E17+J17+M17+N17 -> 4668000 | AX17: 4668000 | AY17: =IF(AND(AV17>0,AX17=0),"Chưa TT",IF(AX17-AV17>0,"Thừa",IF(AND(AV17=0,AX17=0),"Trống",IF(AND(AX17>0,AV17=0),"Đóng cọc",IF(AX17-AV17<0,"Thiếu",IF(AX17-AV17=0,"Đủ",0)))))) -> Đủ | AZ17: =AX17-AV17 -> 0
A18: 603G1 | B18: G1 | C18: 603 | D18: ĐỖ THANH HƯƠNG | E18: 1 | F18: 3000000 | G18: 3300000 | H18: 3000000 | I18: 3000000 | K18: 30 | L18: 30 | O18: 2 | P18: 103 | Q18: 171 | R18: =Q18-P18 -> 68 | S18: 4000 | T18: =R18*S18 -> 272000 | W18: 2 | X18: 120000 | Y18: =W18*X18 -> 240000 | AB18: =Z18*AA18 -> 0 | AC18: 1 | AD18: 100000 | AE18: =AC18*AD18 -> 100000 | AF18: 2 | AG18: 60000 | AH18: =AF18*AG18 -> 120000 | AO18: 2 | AP18: 120000 | AQ18: =AO18*AP18 -> 240000 | AR18: =(257-212)/2 -> 22.5 | AS18: 4000 | AT18: =AR18*AS18 -> 90000 | AU18: =(SUM(T18,Y18,AB18,AE18,AH18,AK18,AN18,AQ18,AT18)) -> 1062000 | AV18: =AU18+I18*E18+J18+M18+N18 -> 4062000 | AX18: 4062000 | AY18: =IF(AND(AV18>0,AX18=0),"Chưa TT",IF(AX18-AV18>0,"Thừa",IF(AND(AV18=0,AX18=0),"Trống",IF(AND(AX18>0,AV18=0),"Đóng cọc",IF(AX18-AV18<0,"Thiếu",IF(AX18-AV18=0,"Đủ",0)))))) -> Đủ | AZ18: =AX18-AV18 -> 0
A19: 604G1 | B19: G1 | C19: 604 | D19: ĐỖ THANH HƯƠNG | E19: 1 | F19: 3500000 | G19: 3500000 | H19: 3500000 | I19: 3500000 | K19: 30 | L19: 30 | O19: 3 | P19: 168 | Q19: 371 | R19: =Q19-P19 -> 203 | S19: 4000 | T19: =R19*S19 -> 812000 | W19: 3 | X19: 120000 | Y19: =W19*X19 -> 360000 | AC19: 1 | AD19: 100000 | AE19: =AC19*AD19 -> 100000 | AF19: 3 | AG19: 60000 | AH19: =AF19*AG19 -> 180000 | AO19: 3 | AP19: 120000 | AQ19: =AO19*AP19 -> 360000 | AR19: =(257-212)/2 -> 22.5 | AS19: 4000 | AT19: =AR19*AS19 -> 90000 | AU19: =(SUM(T19,Y19,AB19,AE19,AH19,AK19,AN19,AQ19,AT19)) -> 1902000 | AV19: =AU19+I19*E19+J19+M19+N19 -> 5402000 | AX19: 5402000 | AY19: =IF(AND(AV19>0,AX19=0),"Chưa TT",IF(AX19-AV19>0,"Thừa",IF(AND(AV19=0,AX19=0),"Trống",IF(AND(AX19>0,AV19=0),"Đóng cọc",IF(AX19-AV19<0,"Thiếu",IF(AX19-AV19=0,"Đủ",0)))))) -> Đủ | AZ19: =AX19-AV19 -> 0

Sheet BÁO CÁO THÁNG 6
A1: BÁO CÁO KINH DOANH G1 THÁNG 6/2026 | F1: BẢNG CHIA CỔ PHẦN G1
A2: Tổng doanh thu tháng 6 | C2: ='HĐ T6.26 '!AX2 -> 79912000 | D2: DT TRÊN HĐ - HOÀN CỌC | G2: Tỷ lệ % | H2: Vốn | I2: LN Gộp | J2: LN ròng | K2: LNR/GV | L2: CP/LNG | M2: Tổng nhận
A3: Cọc phòng mới | C3: 3800000 | D3: P401 | F3: CHUNG | G3: 10 | H3: =G3*($C$22/100) -> 4800000 | I3: =G3*$C$73/100 -> 1355340.6 | J3: =G3*$C$74/100 -> 307728.1 | M3: =H3+J3 -> 5107728.1
C4: 3800000 | D4: P402 | F4: HẰNG | G4: 20 | H4: =G4*($C$22/100) -> 9600000 | I4: =G4*$C$73/100 -> 2710681.2 | J4: =G4*$C$74/100 -> 615456.19 | M4: =H4+J4 -> 10215456
F5: TÙNG | G5: 15 | H5: =G5*($C$22/100) -> 7200000 | I5: =G5*$C$73/100 -> 2033010.9 | J5: =G5*$C$74/100 -> 461592.14 | M5: =H5+J5 -> 7661592.1
A6: Cọc khách bỏ không ở | C6: 1000000 | D6: P601 | F6: NGỌC | G6: 5 | H6: =G6*($C$22/100) -> 2400000 | I6: =G6*$C$73/100 -> 677670.3 | J6: =G6*$C$74/100 -> 153864.05 | M6: =H6+J6 -> 2553864
A7: Hoàn Cọc | F7: MẠNH | G7: 15 | H7: =G7*($C$22/100) -> 7200000 | I7: =G7*$C$73/100 -> 2033010.9 | J7: =G7*$C$74/100 -> 461592.14 | M7: =H7+J7 -> 7661592.1
F8: HÀO | G8: 10 | H8: =G8*($C$22/100) -> 4800000 | I8: =G8*$C$73/100 -> 1355340.6 | J8: =G8*$C$74/100 -> 307728.1 | M8: =H8+J8 -> 5107728.1 | N8: =H13+J13 -> 51077281
B9: Tổng số phòng phá hđ | C9: 3 | F9: A ĐIỆP | G9: 5 | H9: =G9*($C$22/100) -> 2400000 | I9: =G9*$C$73/100 -> 677670.3 | J9: =G9*$C$74/100 -> 153864.05 | M9: =H9+J9 -> 2553864 | N9: =H13+J13 -> 51077281
B10: Tổng số phòng mới | C10: 2 | F10: LÂM | G10: 10 | H10: =G10*($C$22/100) -> 4800000 | I10: =G10*$C$73/100 -> 1355340.6 | J10: =G10*$C$74/100 -> 307728.1 | M10: =H10+J10 -> 5107728.1
B11: Tổng số phòng trống | C11: 1 | F11: HUY ANH | G11: 10 | H11: =G11*($C$22/100) -> 4800000 | I11: =G11*$C$73/100 -> 1355340.6 | J11: =G11*$C$74/100 -> 307728.1 | M11: =H11+J11 -> 5107728.1
B12: Doanh thu tiền phòng | C12: ='HĐ T6.26 '!I2-'HĐ T6.26 '!I13-'HĐ T6.26 '!I14-'HĐ T6.26 '!I17+'[14]PHÒNG MỚI THÁNG 6'!$H$37+'[14]PHÒNG MỚI THÁNG 6'!$H$63 -> 47760000
B13: Doanh thu điện | C13: ='HĐ T6.26 '!T2 -> 12460000 | G13: =SUM(G3:G12) -> 100 | H13: =SUM(H3:H12) -> 48000000 | I13: =SUM(I3:I12) -> 13553406 | J13: =SUM(J3:J12) -> 3077281 | K13: =C78*100 -> 4.6373511 | L13: =C80 -> 5.669034 | M13: =SUM(M3:M12) -> 51077281
B14: Doanh thu nước | C14: ='HĐ T6.26 '!Y2+'[14]PHÒNG MỚI THÁNG 6'!$X$37+'[14]PHÒNG MỚI THÁNG 6'!$X$63 -> 3304000
B15: Doanh thu phí vệ sinh | C15: =('HĐ T6.26 '!AQ2-'HĐ T6.26 '!AQ13-'HĐ T6.26 '!AQ14-'HĐ T6.26 '!AQ17)/2+('[14]PHÒNG MỚI THÁNG 6'!$AP$37+'[14]PHÒNG MỚI THÁNG 6'!$AP$63)/2 -> 1352000
B16: Doanh thu mạng | C16: ='HĐ T6.26 '!AE2-'HĐ T6.26 '!AE13-'HĐ T6.26 '!AE14-'HĐ T6.26 '!AE17+'[14]PHÒNG MỚI THÁNG 6'!$AD$37+'[14]PHÒNG MỚI THÁNG 6'!$AD$63 -> 853333.33
B17: Doanh thu xe điện | C17: ='HĐ T6.26 '!AK2-'HĐ T6.26 '!AK14 -> 450000
B18: Doanh thu phí thang máy | C18: ='HĐ T6.26 '!AH2-'HĐ T6.26 '!AH13-'HĐ T6.26 '!AH14-'HĐ T6.26 '!AH17+'[14]PHÒNG MỚI THÁNG 6'!$AG$37+'[14]PHÒNG MỚI THÁNG 6'!$AG$63 -> 1292000
B19: Doanh thu máy giặt | C19: =('HĐ T6.26 '!AQ2-'HĐ T6.26 '!AQ13-'HĐ T6.26 '!AQ14-'HĐ T6.26 '!AQ17)/2+('[14]PHÒNG MỚI THÁNG 6'!$AP$37+'[14]PHÒNG MỚI THÁNG 6'!$AP$63)/2 -> 1352000
B20: Doanh thu tổng dịch vụ nhà | C20: =SUM(C13:C19) -> 21063333
A22: Tiền thuê nhà 1 tháng | B22: Tiền thuê nhà | C22: 48000000
A23: Mua sắm thêm thiết bị | B23: 1 thùng rác 120L | C23: 500000
A28: Gía gốc dịch vụ | B28: Điện | C28: 17258594
B29: Nước | C29: 300000
B30: Mạng | C30: 0
B31: Phí thu rác | C31: 300000
B32: Phí môi trường
B33: Phí bảo trì thang máy
A34: Gía vốn( GV) | C34: =SUM(C22:C33) -> 66358594
A35: Chi phí vận hành | B35: Lương quản lý | C35: 1385173.4
B36: Lương quản lý tổng | C36: =(12000000/1303)*15 -> 138142.75
B37: Lương trưởng phòng vận hành | C37: =(21000000/1303)*15+10000*15 -> 391749.81
B38: Lương phó phòng vận hành | C38: 0
B39: Lương nhân viên nguồn | C39: =(3000000/1303)*15 -> 34535.687
B40: Lương NVKD partime | C40: =(SUM('[15]THÁNG 6'!$Y$131/1303)*15) -> 547966.24
B41: Lương vệ sinh | C41: 550000
B42: Lương kế toán | C42: =150000+10000+(2000000/1303)*15 -> 183023.79
B43: Lương sửa chữa | C43: =(22000000/1303)*15 -> 253261.7
B44: Lương bảo vệ
B45: Thuê và dv VP | C45: =('[16]THÁNG 6.26 '!$B$35/1303)*15 -> 699750.58
A46: Chi phí bán hàng phát sinh | B46: Phí marketing | C46: =('[16]THÁNG 6.26 '!$F$10/1303)*15 -> 347521.11
C47: 1900000 | D47: P401
C48: 1950000 | D48: P402
C49: 500000 | D49: P601 bỏ cọc
B50: Sửa chữa ,thay thế,bảo trì
B65: chi phí khác | C65: 150000 | D65: Dọn vệ sinh phòng P601
C66: 200000 | D66: Sơn điểm + Dọn phòng P401
C67: 200000 | D67: Sơn điểm + Dọn phòng p402
C68: 1000000 | D68: công an tạm trú
C69: 45000 | D69: 1 biển k khóa cổ xe
A71: Tổng chi phí bán hàng (CPBH) | C71: =SUM(C35:C70) -> 10476125
A72: TỔNG CHI PHÍ (TCP) | C72: =C34+C71 -> 76834719
A73: Lợi nhuận gộp (LNG) | C73: =C2-C34 -> 13553406 | D73: DT-GV
A74: Lợi nhuận ròng (LNR) | C74: =C2-C72 -> 3077281 | D74: DT-TCP
A75: Gía vốn( GV) | C75: =C34 -> 66358594
A76: Tỷ lệ LNR /DT | C76: =C74/C2 -> 0.038508371
A77: Tỷ lệ LNG /DT | C77: =C73/C2 -> 0.16960414
A78: Tỷ lệ LNR /GV | C78: =C74/C75 -> 0.046373511
A79: Tỷ lệ LNR/LNG | C79: =C74/C73 -> 0.22704853
A80: CP/LNG | C80: =C72/C73 -> 5.669034
A81: GV/DT | C81: =C75/C2 -> 0.83039586
A82: CPBH/DT | C82: =C71/C2 -> 0.13109577
A83: TCP/DT | C83: =C72/C2 -> 0.96149163
A84: LƯƠNG/CPBH | C84: =SUM(C35:C44)/C71 -> 0.33255172
A85: HH/CPBH | C85: =SUM(C46:C49)/C71 -> 0.44840254
A86: CPK/CPBH | C86: =SUM(C65:C70)/C71 -> 0.15225095

Sheet HĐ T6.26 
A1: Mã | B1: Tòa | C1: Phòng | D1: Quản lý | E1: Kỳ TT | F1: Cọc khách cũ | G1: Giá Niêm yết | H1: Giá QL | I1: Gía phòng hiện tại | J1: Cọc | K1: Ngày ở | L1: Ngày DV | M1: Nợ cũ | N1: Thu khác | O1: Số người | P1: Điện | U1: Nước | Z1: VỆ SINH | AC1: MẠNG | AF1: THANG MÁY | AI1: XE ĐIỆN | AL1: Máy giặt | AO1: DV khác | AR1: Điện chung | AU1: Tổng DV | AV1: Tổng cần đóng | AW1: Ghi Chú Hóa đơn | AX1: Tổng đã đóng link | AY1: Tình trạng | AZ1: Công nợ KH | BA1: GHI CHÚ
G2: =SUM(G4:G19) -> 61200000 | H2: =SUM(H4:H19) -> 57500000 | I2: =SUM(I4:I19) -> 57500000 | J2: =SUM(J4:J19) -> 0 | K2: =SUM(K4:K19) -> 480 | L2: =SUM(L4:L19) -> 480 | M2: =SUM(M4:M19) -> 0 | N2: =SUM(N4:N19) -> 0 | ... AX2: =SUM(AX4:AX19) -> 79912000
M3: (thiếu ghi âm) | N3: + | P3: CS cu | Q3: Cs moi | R3: SL | S3: Đơn giá | T3: Thành tiền | U3: CS cu | V3: CS moi | W3: SL | X3: Đơn giá | Y3: Thành tiền | Z3: SL | AA3: Đơn giá | AB3: Thành tiền | AC3: SL | AD3: Đơn giá | AE3: Thành tiền | AF3: SL | AG3: Đơn giá | AH3: Thành tiền | AI3: SL | AJ3: Đơn giá | AK3: Thành tiền | AL3: SL | AM3: Đơn giá | AN3: Thành tiền | AO3: SL | AP3: Đơn giá | AQ3: Thành tiền | AR3: SL | AS3: Đơn giá | AT3: Thành tiền | AY3: =AX3-AV3 -> 0
A4: 000G1 | B4: G1 | C4: 0 | D4: ĐỖ THANH HƯƠNG | E4: 1 | K4: 30 | L4: 30 | R4: 616 | S4: 3500 | T4: =R4*S4 -> 2156000 | AU4: =(SUM(T4,Y4,AB4,AE4,AH4,AK4,AN4,AQ4,AT4)) -> 2156000 | AV4: =AU4+I4*E4+J4+M4+N4 -> 2156000 | AW4: trừ 300k tiền nc | AX4: =1856000+300000 -> 2156000 | AY4: =IF(AND(AV4>0,AX4=0),"Chưa TT",IF(AX4-AV4>0,"Thừa",IF(AND(AV4=0,AX4=0),"Trống",IF(AND(AX4>0,AV4=0),"Đóng cọc",IF(AX4-AV4<0,"Thiếu",IF(AX4-AV4=0,"Đủ",0)))))) -> Đủ | AZ4: =AX4-AV4 -> 0
A5: 101G1 | B5: G1 | C5: 101 | D5: ĐỖ THANH HƯƠNG | E5: 1 | F5: 3500000 | G5: 3600000 | H5: 3500000 | I5: 3500000 | K5: 30 | L5: 30 | O5: 1 | P5: 356 | Q5: 472 | R5: =Q5-P5 -> 116 | S5: 4000 | T5: =R5*S5 -> 464000 | W5: 1 | X5: 120000 | Y5: =W5*X5 -> 120000 | AC5: 1 | AD5: 100000 | AE5: =AC5*AD5 -> 100000 | AF5: 1 | AG5: 60000 | AH5: =AF5*AG5 -> 60000 | AO5: 1 | AP5: 120000 | AQ5: =AO5*AP5 -> 120000 | AT5: =AR5*AS5 -> 0 | AU5: =(SUM(T5,Y5,AB5,AE5,AH5,AK5,AN5,AQ5,AT5)) -> 864000 | AV5: =AU5+I5*E5+J5+M5+N5 -> 4364000 | AX5: 4364000 | AY5: =IF(AND(AV5>0,AX5=0),"Chưa TT",IF(AX5-AV5>0,"Thừa",IF(AND(AV5=0,AX5=0),"Trống",IF(AND(AX5>0,AV5=0),"Đóng cọc",IF(AX5-AV5<0,"Thiếu",IF(AX5-AV5=0,"Đủ",0)))))) -> Đủ | AZ5: =AX5-AV5 -> 0
A6: 201G1 | B6: G1 | C6: 201 | D6: ĐỖ THANH HƯƠNG | E6: 1 | F6: 4100000 | G6: 4200000 | H6: 4100000 | I6: 4100000 | K6: 30 | L6: 30 | O6: 2 | P6: 267 | Q6: 375 | R6: =Q6-P6 -> 108 | S6: 4000 | T6: =R6*S6 -> 432000 | W6: 2 | X6: 120000 | Y6: =W6*X6 -> 240000 | AC6: 1 | AD6: 100000 | AE6: =AC6*AD6 -> 100000 | AF6: 2 | AG6: 60000 | AH6: =AF6*AG6 -> 120000 | AI6: 1 | AJ6: 150000 | AK6: =AI6*AJ6 -> 150000 | AO6: 2 | AP6: 120000 | AQ6: =AO6*AP6 -> 240000 | AT6: =AR6*AS6 -> 0 | AU6: =(SUM(T6,Y6,AB6,AE6,AH6,AK6,AN6,AQ6,AT6)) -> 1282000 | AV6: =AU6+I6*E6+J6+M6+N6 -> 5382000 | AX6: 5382000 | AY6: =IF(AND(AV6>0,AX6=0),"Chưa TT",IF(AX6-AV6>0,"Thừa",IF(AND(AV6=0,AX6=0),"Trống",IF(AND(AX6>0,AV6=0),"Đóng cọc",IF(AX6-AV6<0,"Thiếu",IF(AX6-AV6=0,"Đủ",0)))))) -> Đủ | AZ6: =AX6-AV6 -> 0 | CA6: 1935 | CB6: 1967 | CC6: =CB6-CA6 -> 32 | CD6: 3800 | CE6: =CC6*CD6 -> 121600 | CG6: =CE6/3 -> 40533.333
A7: 202G1 | B7: G1 | C7: 202 | D7: ĐỖ THANH HƯƠNG | E7: 1 | F7: 3800000 | G7: 4000000 | H7: 3800000 | I7: 3800000 | K7: 30 | L7: 30 | O7: 2 | P7: 732 | Q7: 1071 | R7: =Q7-P7 -> 339 | S7: 4000 | T7: =R7*S7 -> 1356000 | W7: 2 | X7: 120000 | Y7: =W7*X7 -> 240000 | AC7: 1 | AD7: 100000 | AE7: =AC7*AD7 -> 100000 | AF7: 2 | AG7: 60000 | AH7: =AF7*AG7 -> 120000 | AN7: =AL7*AM7 -> 0 | AO7: 2 | AP7: 120000 | AQ7: =AO7*AP7 -> 240000 | AT7: =AR7*AS7 -> 0 | AU7: =(SUM(T7,Y7,AB7,AE7,AH7,AK7,AN7,AQ7,AT7)) -> 2056000 | AV7: =AU7+I7*E7+J7+M7+N7 -> 5856000 | AX7: 5856000 | AY7: =IF(AND(AV7>0,AX7=0),"Chưa TT",IF(AX7-AV7>0,"Thừa",IF(AND(AV7=0,AX7=0),"Trống",IF(AND(AX7>0,AV7=0),"Đóng cọc",IF(AX7-AV7<0,"Thiếu",IF(AX7-AV7=0,"Đủ",0)))))) -> Đủ | AZ7: =AX7-AV7 -> 0 | CA7: 1935 | CB7: 1967 | CC7: =CB7-CA7 -> 32 | CD7: 3800 | CE7: =CC7*CD7 -> 121600 | CG7: =CE7/3 -> 40533.333
A8: 203G1 | B8: G1 | C8: 203 | D8: ĐỖ THANH HƯƠNG | E8: 1 | F8: 3800000 | G8: 4300000 | H8: 3800000 | I8: 3800000 | K8: 30 | L8: 30 | O8: 1 | P8: 85 | Q8: 138 | R8: =Q8-P8 -> 53 | S8: 4000 | T8: =R8*S8 -> 212000 | W8: 1 | X8: 120000 | Y8: =W8*X8 -> 120000 | AD8: 100000 | AE8: =AC8*AD8 -> 0 | AG8: 60000 | AH8: =AF8*AG8 -> 0 | AO8: 1 | AP8: 120000 | AQ8: =AO8*AP8 -> 120000 | AT8: =AR8*AS8 -> 0 | AU8: =(SUM(T8,Y8,AB8,AE8,AH8,AK8,AN8,AQ8,AT8)) -> 452000 | AV8: =AU8+I8*E8+J8+M8+N8 -> 4252000 | AX8: 4252000 | AY8: =IF(AND(AV8>0,AX8=0),"Chưa TT",IF(AX8-AV8>0,"Thừa",IF(AND(AV8=0,AX8=0),"Trống",IF(AND(AX8>0,AV8=0),"Đóng cọc",IF(AX8-AV8<0,"Thiếu",IF(AX8-AV8=0,"Đủ",0)))))) -> Đủ | AZ8: =AX8-AV8 -> 0 | CA8: 144 | CB8: 209 | CC8: =CB8-CA8 -> 65 | CD8: 3800 | CE8: =CC8*CD8 -> 247000 | CG8: =CE8/3 -> 82333.333
A9: 301G1 | B9: G1 | C9: 301 | D9: ĐỖ THANH HƯƠNG | E9: 1 | F9: 3900000 | G9: 4200000 | H9: 3900000 | I9: 3900000 | K9: 30 | L9: 30 | O9: 1 | P9: 245 | Q9: 343 | R9: =Q9-P9 -> 98 | S9: 4000 | T9: =R9*S9 -> 392000 | W9: 1 | X9: 120000 | Y9: =W9*X9 -> 120000 | AC9: 1 | AD9: 100000 | AE9: =AC9*AD9 -> 100000 | AF9: 1 | AG9: 60000 | AH9: =AF9*AG9 -> 60000 | AI9: 1 | AJ9: 150000 | AK9: =AI9*AJ9 -> 150000 | AO9: 1 | AP9: 120000 | AQ9: =AO9*AP9 -> 120000 | AT9: =AR9*AS9 -> 0 | AU9: =(SUM(T9,Y9,AB9,AE9,AH9,AK9,AN9,AQ9,AT9)) -> 942000 | AV9: =AU9+I9*E9+J9+M9+N9 -> 4842000 | AX9: 4842000 | AY9: =IF(AND(AV9>0,AX9=0),"Chưa TT",IF(AX9-AV9>0,"Thừa",IF(AND(AV9=0,AX9=0),"Trống",IF(AND(AX9>0,AV9=0),"Đóng cọc",IF(AX9-AV9<0,"Thiếu",IF(AX9-AV9=0,"Đủ",0)))))) -> Đủ | AZ9: =AX9-AV9 -> 0 | CA9: 144 | CB9: 209 | CC9: =CB9-CA9 -> 65 | CD9: 3800 | CE9: =CC9*CD9 -> 247000 | CG9: =CE9/3 -> 82333.333
A10: 302G1 | B10: G1 | C10: 302 | D10: ĐỖ THANH HƯƠNG | E10: 1 | F10: 3800000 | G10: 4000000 | H10: 3800000 | I10: 3800000 | K10: 30 | L10: 30 | O10: 2 | P10: 199 | Q10: 351 | R10: =Q10-P10 -> 152 | S10: 4000 | T10: =R10*S10 -> 608000 | W10: 2 | X10: 120000 | Y10: =W10*X10 -> 240000 | AC10: 1 | AD10: 100000 | AE10: =AC10*AD10 -> 100000 | AF10: 2 | AG10: 60000 | AH10: =AF10*AG10 -> 120000 | AI10: 1 | AJ10: 150000 | AK10: =AI10*AJ10 -> 150000 | AO10: 2 | AP10: 120000 | AQ10: =AO10*AP10 -> 240000 | AT10: =AR10*AS10 -> 0 | AU10: =(SUM(T10,Y10,AB10,AE10,AH10,AK10,AN10,AQ10,AT10)) -> 1458000 | AV10: =AU10+I10*E10+J10+M10+N10 -> 5258000 | AX10: 5258000 | AY10: =IF(AND(AV10>0,AX10=0),"Chưa TT",IF(AX10-AV10>0,"Thừa",IF(AND(AV10=0,AX10=0),"Trống",IF(AND(AX10>0,AV10=0),"Đóng cọc",IF(AX10-AV10<0,"Thiếu",IF(AX10-AV10=0,"Đủ",0)))))) -> Đủ | AZ10: =AX10-AV10 -> 0 | CA10: 144 | CB10: 209 | CC10: =CB10-CA10 -> 65 | CD10: 3800 | CE10: =CC10*CD10 -> 247000 | CG10: =CE10/3 -> 82333.333
A11: 303G1 | B11: G1 | C11: 303 | D11: ĐỖ THANH HƯƠNG | E11: 1 | F11: 4000000 | G11: 4300000 | H11: 4000000 | I11: 4000000 | K11: 30 | L11: 30 | O11: 3 | P11: 670 | Q11: 856 | R11: =Q11-P11 -> 186 | S11: 4000 | T11: =R11*S11 -> 744000 | W11: 3 | X11: 120000 | Y11: =W11*X11 -> 360000 | AB11: =Z11*AA11 -> 0 | AD11: 100000 | AE11: =AC11*AD11 -> 0 | AF11: 3 | AG11: 60000 | AH11: =AF11*AG11 -> 180000 | AO11: 3 | AP11: 120000 | AQ11: =AO11*AP11 -> 360000 | AT11: =AR11*AS11 -> 0 | AU11: =(SUM(T11,Y11,AB11,AE11,AH11,AK11,AN11,AQ11,AT11)) -> 1644000 | AV11: =AU11+I11*E11+J11+M11+N11 -> 5644000 | AX11: 5644000 | AY11: =IF(AND(AV11>0,AX11=0),"Chưa TT",IF(AX11-AV11>0,"Thừa",IF(AND(AV11=0,AX11=0),"Trống",IF(AND(AX11>0,AV11=0),"Đóng cọc",IF(AX11-AV11<0,"Thiếu",IF(AX11-AV11=0,"Đủ",0)))))) -> Đủ | AZ11: =AX11-AV11 -> 0
A12: 304G1 | B12: G1 | C12: 304 | D12: ĐỖ THANH HƯƠNG | E12: 1 | F12: 4100000 | G12: 4400000 | H12: 4100000 | I12: 4100000 | K12: 30 | L12: 30 | O12: 2 | P12: 326 | Q12: 458 | R12: =Q12-P12 -> 132 | S12: 4000 | T12: =R12*S12 -> 528000 | W12: 2 | X12: 120000 | Y12: =W12*X12 -> 240000 | AB12: =Z12*AA12 -> 0 | AC12: 1 | AD12: 100000 | AE12: =AC12*AD12 -> 100000 | AF12: 2 | AG12: 60000 | AH12: =AF12*AG12 -> 120000 | AO12: 2 | AP12: 120000 | AQ12: =AO12*AP12 -> 240000 | AT12: =AR12*AS12 -> 0 | AU12: =(SUM(T12,Y12,AB12,AE12,AH12,AK12,AN12,AQ12,AT12)) -> 1228000 | AV12: =AU12+I12*E12+J12+M12+N12 -> 5328000 | AX12: 5328000 | AY12: =IF(AND(AV12>0,AX12=0),"Chưa TT",IF(AX12-AV12>0,"Thừa",IF(AND(AV12=0,AX12=0),"Trống",IF(AND(AX12>0,AV12=0),"Đóng cọc",IF(AX12-AV12<0,"Thiếu",IF(AX12-AV12=0,"Đủ",0)))))) -> Đủ | AZ12: =AX12-AV12 -> 0
A13: 401G1 | B13: G1 | C13: 401 | D13: ĐỖ THANH HƯƠNG | E13: 1 | F13: 4100000 | G13: =4200000+200000 -> 4400000 | H13: 4100000 | I13: 4100000 | K13: 30 | L13: 30 | O13: 2 | P13: 794 | Q13: 1156 | R13: =Q13-P13 -> 362 | S13: 4000 | T13: =R13*S13 -> 1448000 | W13: 2 | X13: 120000 | Y13: =W13*X13 -> 240000 | AC13: 1 | AD13: 100000 | AE13: =AC13*AD13 -> 100000 | AF13: 2 | AG13: 60000 | AH13: =AF13*AG13 -> 120000 | AO13: 2 | AP13: 120000 | AQ13: =AO13*AP13 -> 240000 | AT13: =AR13*AS13 -> 0 | AU13: =(SUM(T13,Y13,AB13,AE13,AH13,AK13,AN13,AQ13,AT13)) -> 2148000 | AV13: =AU13+I13*E13+J13+M13+N13 -> 6248000 | AW13: kh phá hd, kh mới 25/6 chốt giá 3tr8 | AX13: =2248000+4640000 -> 6888000 | AY13: =IF(AND(AV13>0,AX13=0),"Chưa TT",IF(AX13-AV13>0,"Thừa",IF(AND(AV13=0,AX13=0),"Trống",IF(AND(AX13>0,AV13=0),"Đóng cọc",IF(AX13-AV13<0,"Thiếu",IF(AX13-AV13=0,"Đủ",0)))))) -> Thừa | AZ13: =AX13-AV13 -> 640000
A14: 402G1 | B14: G1 | C14: 402 | D14: ĐỖ THANH HƯƠNG | E14: 1 | F14: 3900000 | G14: 4000000 | H14: 3900000 | I14: 3900000 | K14: 30 | L14: 30 | O14: 2 | P14: 488 | Q14: 716 | R14: =Q14-P14 -> 228 | S14: 4000 | T14: =R14*S14 -> 912000 | W14: 2 | X14: 120000 | Y14: =W14*X14 -> 240000 | AC14: 1 | AD14: 100000 | AE14: =AC14*AD14 -> 100000 | AF14: 2 | AG14: 60000 | AH14: =AF14*AG14 -> 120000 | AI14: 1 | AJ14: 400000 | AK14: =AI14*AJ14 -> 400000 | AO14: 2 | AP14: 120000 | AQ14: =AO14*AP14 -> 240000 | AT14: =AR14*AS14 -> 0 | AU14: =(SUM(T14,Y14,AB14,AE14,AH14,AK14,AN14,AQ14,AT14)) -> 2012000 | AV14: =AU14+I14*E14+J14+M14+N14 -> 5912000 | AW14: kh phá hd, kh mới 21/6 chốt giá 3tr9 | AX14: =3000000+5333000 -> 8333000 | AY14: =IF(AND(AV14>0,AX14=0),"Chưa TT",IF(AX14-AV14>0,"Thừa",IF(AND(AV14=0,AX14=0),"Trống",IF(AND(AX14>0,AV14=0),"Đóng cọc",IF(AX14-AV14<0,"Thiếu",IF(AX14-AV14=0,"Đủ",0)))))) -> Thừa | AZ14: =AX14-AV14 -> 2421000
A15: 403G1 | B15: G1 | C15: 403 | D15: ĐỖ THANH HƯƠNG | E15: 1 | F15: 4200000 | G15: =4300000+200000 -> 4500000 | H15: 4200000 | I15: 4200000 | K15: 30 | L15: 30 | O15: 2 | P15: 456 | Q15: 693 | R15: =Q15-P15 -> 237 | S15: 4000 | T15: =R15*S15 -> 948000 | W15: 2 | X15: 120000 | Y15: =W15*X15 -> 240000 | AD15: 100000 | AE15: =AC15*AD15 -> 0 | AF15: 2 | AG15: 60000 | AH15: =AF15*AG15 -> 120000 | AO15: 2 | AP15: 120000 | AQ15: =AO15*AP15 -> 240000 | AT15: =AR15*AS15 -> 0 | AU15: =(SUM(T15,Y15,AB15,AE15,AH15,AK15,AN15,AQ15,AT15)) -> 1548000 | AV15: =AU15+I15*E15+J15+M15+N15 -> 5748000 | AX15: 5748000 | AY15: =IF(AND(AV15>0,AX15=0),"Chưa TT",IF(AX15-AV15>0,"Thừa",IF(AND(AV15=0,AX15=0),"Trống",IF(AND(AX15>0,AV15=0),"Đóng cọc",IF(AX15-AV15<0,"Thiếu",IF(AX15-AV15=0,"Đủ",0)))))) -> Đủ | AZ15: =AX15-AV15 -> 0
A16: 404G1 | B16: G1 | C16: 404 | D16: ĐỖ THANH HƯƠNG | E16: 1 | F16: 4000000 | G16: 4400000 | H16: 4000000 | I16: 4000000 | K16: 30 | L16: 30 | O16: 1 | P16: 353 | Q16: 511 | R16: =Q16-P16 -> 158 | S16: 4000 | T16: =R16*S16 -> 632000 | W16: 1 | X16: 120000 | Y16: =W16*X16 -> 120000 | AD16: 100000 | AE16: =AC16*AD16 -> 0 | AF16: 1 | AG16: 60000 | AH16: =AF16*AG16 -> 60000 | AO16: 1 | AP16: 120000 | AQ16: =AO16*AP16 -> 120000 | AT16: =AR16*AS16 -> 0 | AU16: =(SUM(T16,Y16,AB16,AE16,AH16,AK16,AN16,AQ16,AT16)) -> 932000 | AV16: =AU16+I16*E16+J16+M16+N16 -> 4932000 | AX16: 4932000 | AY16: =IF(AND(AV16>0,AX16=0),"Chưa TT",IF(AX16-AV16>0,"Thừa",IF(AND(AV16=0,AX16=0),"Trống",IF(AND(AX16>0,AV16=0),"Đóng cọc",IF(AX16-AV16<0,"Thiếu",IF(AX16-AV16=0,"Đủ",0)))))) -> Đủ | AZ16: =AX16-AV16 -> 0
A17: 601G1 | B17: G1 | C17: 601 | D17: ĐỖ THANH HƯƠNG | E17: 1 | F17: 3800000 | G17: 4100000 | H17: 3800000 | I17: 3800000 | K17: 30 | L17: 30 | O17: 1 | P17: 239 | Q17: 363 | R17: =Q17-P17 -> 124 | S17: 4000 | T17: =R17*S17 -> 496000 | W17: 1 | X17: 120000 | Y17: =W17*X17 -> 120000 | AC17: 1 | AD17: 100000 | AE17: =AC17*AD17 -> 100000 | AF17: 1 | AG17: 60000 | AH17: =AF17*AG17 -> 60000 | AO17: 1 | AP17: 120000 | AQ17: =AO17*AP17 -> 120000 | AT17: =AR17*AS17 -> 0 | AU17: =(SUM(T17,Y17,AB17,AE17,AH17,AK17,AN17,AQ17,AT17)) -> 896000 | AV17: =AU17+I17*E17+J17+M17+N17 -> 4696000 | AW17: kh phá hd, 1tr bỏ cọc | AX17: =496000+1000000 -> 1496000 | AY17: =IF(AND(AV17>0,AX17=0),"Chưa TT",IF(AX17-AV17>0,"Thừa",IF(AND(AV17=0,AX17=0),"Trống",IF(AND(AX17>0,AV17=0),"Đóng cọc",IF(AX17-AV17<0,"Thiếu",IF(AX17-AV17=0,"Đủ",0)))))) -> Thiếu | AZ17: =AX17-AV17 -> -3200000
A18: 603G1 | B18: G1 | C18: 603 | D18: ĐỖ THANH HƯƠNG | E18: 1 | F18: 3000000 | G18: 3300000 | H18: 3000000 | I18: 3000000 | K18: 30 | L18: 30 | O18: 2 | P18: 171 | Q18: 228 | R18: =Q18-P18 -> 57 | S18: 4000 | T18: =R18*S18 -> 228000 | W18: 2 | X18: 120000 | Y18: =W18*X18 -> 240000 | AB18: =Z18*AA18 -> 0 | AC18: 1 | AD18: 100000 | AE18: =AC18*AD18 -> 100000 | AF18: 2 | AG18: 60000 | AH18: =AF18*AG18 -> 120000 | AO18: 2 | AP18: 120000 | AQ18: =AO18*AP18 -> 240000 | AR18: =(282-257)/2 -> 12.5 | AS18: 4000 | AT18: =AR18*AS18 -> 50000 | AU18: =(SUM(T18,Y18,AB18,AE18,AH18,AK18,AN18,AQ18,AT18)) -> 978000 | AV18: =AU18+I18*E18+J18+M18+N18 -> 3978000 | AX18: 3978000 | AY18: =IF(AND(AV18>0,AX18=0),"Chưa TT",IF(AX18-AV18>0,"Thừa",IF(AND(AV18=0,AX18=0),"Trống",IF(AND(AX18>0,AV18=0),"Đóng cọc",IF(AX18-AV18<0,"Thiếu",IF(AX18-AV18=0,"Đủ",0)))))) -> Đủ | AZ18: =AX18-AV18 -> 0
A19: 604G1 | B19: G1 | C19: 604 | D19: ĐỖ THANH HƯƠNG | E19: 1 | F19: 3500000 | G19: 3500000 | H19: 3500000 | I19: 3500000 | K19: 30 | L19: 30 | O19: 3 | P19: 371 | Q19: 597 | R19: =Q19-P19 -> 226 | S19: 4000 | T19: =R19*S19 -> 904000 | W19: 3 | X19: 120000 | Y19: =W19*X19 -> 360000 | AC19: 1 | AD19: 100000 | AE19: =AC19*AD19 -> 100000 | AF19: 3 | AG19: 60000 | AH19: =AF19*AG19 -> 180000 | AO19: 3 | AP19: 120000 | AQ19: =AO19*AP19 -> 360000 | AR19: =(282-257)/2 -> 12.5 | AS19: 4000 | AT19: =AR19*AS19 -> 50000 | AU19: =(SUM(T19,Y19,AB19,AE19,AH19,AK19,AN19,AQ19,AT19)) -> 1954000 | AV19: =AU19+I19*E19+J19+M19+N19 -> 5454000 | AX19: 5455000 | AY19: =IF(AND(AV19>0,AX19=0),"Chưa TT",IF(AX19-AV19>0,"Thừa",IF(AND(AV19=0,AX19=0),"Trống",IF(AND(AX19>0,AV19=0),"Đóng cọc",IF(AX19-AV19<0,"Thiếu",IF(AX19-AV19=0,"Đủ",0)))))) -> Thừa | AZ19: =AX19-AV19 -> 1000

Sheet BÁO CÁO THÁNG 7
A1: BÁO CÁO KINH DOANH G1 THÁNG 7/2026 | F1: BẢNG CHIA CỔ PHẦN G1
A2: Tổng doanh thu tháng 7 | C2: ='HĐ T7.26 '!AX2 -> 84657000 | D2: DT TRÊN HĐ - HOÀN CỌC | G2: Tỷ lệ % | H2: Vốn | I2: LN Gộp | J2: LN ròng | K2: LNR/GV | L2: CP/LNG | M2: Tổng nhận
A3: Cọc phòng mới | C3: 3600000 | D3: P601 | F3: CHUNG | G3: 10 | H3: =G3*($C$22/100) -> 4800000 | I3: =G3*$C$73/100 -> 1722698.4 | J3: =G3*$C$74/100 -> 996558.07 | M3: =H3+J3 -> 5796558.1
F4: HẰNG | G4: 20 | H4: =G4*($C$22/100) -> 9600000 | I4: =G4*$C$73/100 -> 3445396.8 | J4: =G4*$C$74/100 -> 1993116.1 | M4: =H4+J4 -> 11593116
F5: TÙNG | G5: 15 | H5: =G5*($C$22/100) -> 7200000 | I5: =G5*$C$73/100 -> 2584047.6 | J5: =G5*$C$74/100 -> 1494837.1 | M5: =H5+J5 -> 8694837.1
A6: Cọc khách bỏ không ở | F6: NGỌC | G6: 5 | H6: =G6*($C$22/100) -> 2400000 | I6: =G6*$C$73/100 -> 861349.2 | J6: =G6*$C$74/100 -> 498279.04 | M6: =H6+J6 -> 2898279
A7: Hoàn Cọc | F7: MẠNH | G7: 15 | H7: =G7*($C$22/100) -> 7200000 | I7: =G7*$C$73/100 -> 2584047.6 | J7: =G7*$C$74/100 -> 1494837.1 | M7: =H7+J7 -> 8694837.1
F8: HÀO | G8: 10 | H8: =G8*($C$22/100) -> 4800000 | I8: =G8*$C$73/100 -> 1722698.4 | J8: =G8*$C$74/100 -> 996558.07 | M8: =H8+J8 -> 5796558.1 | N8: =H13+J13 -> 57965581
B9: Tổng số phòng phá hđ | C9: 0 | F9: A ĐIỆP | G9: 5 | H9: =G9*($C$22/100) -> 2400000 | I9: =G9*$C$73/100 -> 861349.2 | J9: =G9*$C$74/100 -> 498279.04 | M9: =H9+J9 -> 2898279 | N9: =H13+J13 -> 57965581
B10: Tổng số phòng mới | C10: 1 | F10: LÂM | G10: 10 | H10: =G10*($C$22/100) -> 4800000 | I10: =G10*$C$73/100 -> 1722698.4 | J10: =G10*$C$74/100 -> 996558.07 | M10: =H10+J10 -> 5796558.1
B11: Tổng số phòng trống | C11: 0 | F11: HUY ANH | G11: 10 | H11: =G11*($C$22/100) -> 4800000 | I11: =G11*$C$73/100 -> 1722698.4 | J11: =G11*$C$74/100 -> 996558.07 | M11: =H11+J11 -> 5796558.1
B12: Doanh thu tiền phòng | C12: ='HĐ T7.26 '!I2 -> 57000000
B13: Doanh thu điện | C13: ='HĐ T7.26 '!T2+'HĐ T7.26 '!AT2 -> 15467000 | G13: =SUM(G3:G12) -> 100 | H13: =SUM(H3:H12) -> 48000000 | I13: =SUM(I3:I12) -> 17226984 | J13: =SUM(J3:J12) -> 9965580.7 | K13: =C78*100 -> 14.779146 | L13: =C80 -> 4.3357223 | M13: =SUM(M3:M12) -> 57965581
B14: Doanh thu nước | C14: ='HĐ T7.26 '!Y2 -> 2880000
B15: Doanh thu phí vệ sinh | C15: ='HĐ T7.26 '!AQ2/2 -> 1440000
B16: Doanh thu mạng | C16: ='HĐ T7.26 '!AE2 -> 1000000
B17: Doanh thu xe điện | C17: ='HĐ T7.26 '!AK2 -> 450000
B18: Doanh thu phí thang máy | C18: ='HĐ T7.26 '!AH2 -> 1380000
B19: Doanh thu máy giặt | C19: ='HĐ T7.26 '!AQ2/2 -> 1440000
B20: Doanh thu tổng dịch vụ nhà | C20: =SUM(C13:C19) -> 24057000
A22: Tiền thuê nhà 1 tháng | B22: Tiền thuê nhà | C22: 48000000
A23: Mua sắm thêm thiết bị
A28: Gía gốc dịch vụ | B28: Điện | C28: 17210016
B29: Nước | C29: 300000
B30: Mạng | C30: 0
B31: Phí thu rác | C31: 300000
B32: Phí môi trường | C32: 1620000 | D32: phí vệ sinh môi trường năm 2026
B33: Phí bảo trì thang máy
A34: Gía vốn( GV) | C34: =SUM(C22:C33) -> 67430016
A35: Chi phí vận hành | B35: Lương quản lý | C35: =1750000+(3000000/1343)*15 -> 1783507.1
B36: Lương quản lý tổng | C36: =(12000000/1343)*15 -> 134028.29
B37: Lương trưởng phòng vận hành | C37: =(21000000/1343)*15+10000*15 -> 384549.52
B38: Lương phó phòng vận hành | C38: 0
B39: Lương nhân viên nguồn | C39: =(3000000/1343)*15 -> 33507.074
B40: Lương NVKD partime | C40: =(SUM('[1]THÁNG 7'!$Y$136/1343)*15) -> 530185
B41: Lương vệ sinh | C41: 550000
B42: Lương kế toán | C42: =150000+10000+(2000000/1343)*15 -> 182338.05
B43: Lương sửa chữa | C43: =(17000000/1343)*15 -> 189873.42
B44: Lương bảo vệ
B45: Thuê và dv VP | C45: =('[2]THÁNG 7.26 '!$B$35/1343)*15 -> 1321903.3
A46: Chi phí bán hàng phát sinh | B46: Phí marketing | C46: =('[2]THÁNG 7.26 '!$F$10/1343)*15 -> 351511.54
C47: 1800000 | D47: P601
B50: Sửa chữa ,thay thế,bảo trì
B65: chi phí khác
A71: Tổng chi phí bán hàng (CPBH) | C71: =SUM(C35:C70) -> 7261403.3
A72: TỔNG CHI PHÍ (TCP) | C72: =C34+C71 -> 74691419
A73: Lợi nhuận gộp (LNG) | C73: =C2-C34 -> 17226984 | D73: DT-GV
A74: Lợi nhuận ròng (LNR) | C74: =C2-C72 -> 9965580.7 | D74: DT-TCP
A75: Gía vốn( GV) | C75: =C34 -> 67430016
A76: Tỷ lệ LNR /DT | C76: =C74/C2 -> 0.11771715
A77: Tỷ lệ LNG /DT | C77: =C73/C2 -> 0.20349155
A78: Tỷ lệ LNR /GV | C78: =C74/C75 -> 0.14779146
A79: Tỷ lệ LNR/LNG | C79: =C74/C73 -> 0.57848668
A80: CP/LNG | C80: =C72/C73 -> 4.3357223
A81: GV/DT | C81: =C75/C2 -> 0.79650845
A82: CPBH/DT | C82: =C71/C2 -> 0.085774399
A83: TCP/DT | C83: =C72/C2 -> 0.88228285
A84: LƯƠNG/CPBH | C84: =SUM(C35:C44)/C71 -> 0.52166066
A85: HH/CPBH | C85: =SUM(C46:C49)/C71 -> 0.29629418
A86: CPK/CPBH | C86: =SUM(C65:C70)/C71 -> 0

Sheet HĐ T7.26  
A1: Mã | B1: Tòa | C1: Phòng | D1: Quản lý | E1: Kỳ TT | F1: Cọc khách cũ | G1: Giá Niêm yết | H1: Giá QL | I1: Gía phòng hiện tại | J1: Cọc | K1: Ngày ở | L1: Ngày DV | M1: Nợ cũ | N1: Thu khác | O1: Số người | P1: Điện | U1: Nước | Z1: VỆ SINH | AC1: MẠNG | AF1: THANG MÁY | AI1: XE ĐIỆN | AL1: Máy giặt | AO1: DV khác | AR1: Điện chung | AU1: Tổng DV | AV1: Tổng cần đóng | AW1: Ghi Chú Hóa đơn | AX1: Tổng đã đóng link | AY1: Tình trạng | AZ1: Công nợ KH | BA1: GHI CHÚ
G2: =SUM(G4:G19) -> 60800000 | H2: =SUM(H4:H19) -> 57000000 | I2: =SUM(I4:I19) -> 57000000 | J2: =SUM(J4:J19) -> 3600000 | K2: =SUM(K4:K19) -> 480 | L2: =SUM(L4:L19) -> 480 | M2: =SUM(M4:M19) -> 0 | N2: =SUM(N4:N19) -> 0 | ... AX2: =SUM(AX4:AX19) -> 84657000
M3: (thiếu ghi âm) | N3: + | P3: CS cu | Q3: Cs moi | R3: SL | S3: Đơn giá | T3: Thành tiền | U3: CS cu | V3: CS moi | W3: SL | X3: Đơn giá | Y3: Thành tiền | Z3: SL | AA3: Đơn giá | AB3: Thành tiền | AC3: SL | AD3: Đơn giá | AE3: Thành tiền | AF3: SL | AG3: Đơn giá | AH3: Thành tiền | AI3: SL | AJ3: Đơn giá | AK3: Thành tiền | AL3: SL | AM3: Đơn giá | AN3: Thành tiền | AO3: SL | AP3: Đơn giá | AQ3: Thành tiền | AR3: SL | AS3: Đơn giá | AT3: Thành tiền | AY3: =AX3-AV3 -> 0
A4: 000G1 | B4: G1 | C4: 0 | D4: ĐỖ THANH HƯƠNG | E4: 1 | K4: 30 | L4: 30 | R4: 1138 | S4: 3500 | T4: =R4*S4 -> 3983000 | AU4: =(SUM(T4,Y4,AB4,AE4,AH4,AK4,AN4,AQ4,AT4)) -> 3983000 | AV4: =AU4+I4*E4+J4+M4+N4 -> 3983000 | AX4: =3683000+300000 -> 3983000 | AY4: =IF(AND(AV4>0,AX4=0),"Chưa TT",IF(AX4-AV4>0,"Thừa",IF(AND(AV4=0,AX4=0),"Trống",IF(AND(AX4>0,AV4=0),"Đóng cọc",IF(AX4-AV4<0,"Thiếu",IF(AX4-AV4=0,"Đủ",0)))))) -> Đủ | AZ4: =AX4-AV4 -> 0
A5: 101G1 | B5: G1 | C5: 101 | D5: ĐỖ THANH HƯƠNG | E5: 1 | F5: 3500000 | G5: 3600000 | H5: 3500000 | I5: 3500000 | K5: 30 | L5: 30 | O5: 1 | P5: 472 | Q5: 623 | R5: =Q5-P5 -> 151 | S5: 4000 | T5: =R5*S5 -> 604000 | W5: 1 | X5: 120000 | Y5: =W5*X5 -> 120000 | AC5: 1 | AD5: 100000 | AE5: =AC5*AD5 -> 100000 | AF5: 1 | AG5: 60000 | AH5: =AF5*AG5 -> 60000 | AO5: 1 | AP5: 120000 | AQ5: =AO5*AP5 -> 120000 | AT5: =AR5*AS5 -> 0 | AU5: =(SUM(T5,Y5,AB5,AE5,AH5,AK5,AN5,AQ5,AT5)) -> 1004000 | AV5: =AU5+I5*E5+J5+M5+N5 -> 4504000 | AX5: =604000+3900000 -> 4504000 | AY5: =IF(AND(AV5>0,AX5=0),"Chưa TT",IF(AX5-AV5>0,"Thừa",IF(AND(AV5=0,AX5=0),"Trống",IF(AND(AX5>0,AV5=0),"Đóng cọc",IF(AX5-AV5<0,"Thiếu",IF(AX5-AV5=0,"Đủ",0)))))) -> Đủ | AZ5: =AX5-AV5 -> 0
A6: 201G1 | B6: G1 | C6: 201 | D6: ĐỖ THANH HƯƠNG | E6: 1 | F6: 4100000 | G6: 4200000 | H6: 4100000 | I6: 4100000 | K6: 30 | L6: 30 | O6: 2 | P6: 375 | Q6: 509 | R6: =Q6-P6 -> 134 | S6: 4000 | T6: =R6*S6 -> 536000 | W6: 2 | X6: 120000 | Y6: =W6*X6 -> 240000 | AC6: 1 | AD6: 100000 | AE6: =AC6*AD6 -> 100000 | AF6: 2 | AG6: 60000 | AH6: =AF6*AG6 -> 120000 | AI6: 1 | AJ6: 150000 | AK6: =AI6*AJ6 -> 150000 | AO6: 2 | AP6: 120000 | AQ6: =AO6*AP6 -> 240000 | AT6: =AR6*AS6 -> 0 | AU6: =(SUM(T6,Y6,AB6,AE6,AH6,AK6,AN6,AQ6,AT6)) -> 1386000 | AV6: =AU6+I6*E6+J6+M6+N6 -> 5486000 | AX6: 5486000 | AY6: =IF(AND(AV6>0,AX6=0),"Chưa TT",IF(AX6-AV6>0,"Thừa",IF(AND(AV6=0,AX6=0),"Trống",IF(AND(AX6>0,AV6=0),"Đóng cọc",IF(AX6-AV6<0,"Thiếu",IF(AX6-AV6=0,"Đủ",0)))))) -> Đủ | AZ6: =AX6-AV6 -> 0 | CA6: 1935 | CB6: 1967 | CC6: =CB6-CA6 -> 32 | CD6: 3800 | CE6: =CC6*CD6 -> 121600 | CG6: =CE6/3 -> 40533.333
A7: 202G1 | B7: G1 | C7: 202 | D7: ĐỖ THANH HƯƠNG | E7: 1 | F7: 3800000 | G7: 4000000 | H7: 3800000 | I7: 3800000 | K7: 30 | L7: 30 | O7: 2 | P7: 1071 | Q7: 1632 | R7: =Q7-P7 -> 561 | S7: 4000 | T7: =R7*S7 -> 2244000 | W7: 2 | X7: 120000 | Y7: =W7*X7 -> 240000 | AC7: 1 | AD7: 100000 | AE7: =AC7*AD7 -> 100000 | AF7: 2 | AG7: 60000 | AH7: =AF7*AG7 -> 120000 | AN7: =AL7*AM7 -> 0 | AO7: 2 | AP7: 120000 | AQ7: =AO7*AP7 -> 240000 | AT7: =AR7*AS7 -> 0 | AU7: =(SUM(T7,Y7,AB7,AE7,AH7,AK7,AN7,AQ7,AT7)) -> 2944000 | AV7: =AU7+I7*E7+J7+M7+N7 -> 6744000 | AX7: 6744000 | AY7: =IF(AND(AV7>0,AX7=0),"Chưa TT",IF(AX7-AV7>0,"Thừa",IF(AND(AV7=0,AX7=0),"Trống",IF(AND(AX7>0,AV7=0),"Đóng cọc",IF(AX7-AV7<0,"Thiếu",IF(AX7-AV7=0,"Đủ",0)))))) -> Đủ | AZ7: =AX7-AV7 -> 0 | CA7: 1935 | CB7: 1967 | CC7: =CB7-CA7 -> 32 | CD7: 3800 | CE7: =CC7*CD7 -> 121600 | CG7: =CE7/3 -> 40533.333
A8: 203G1 | B8: G1 | C8: 203 | D8: ĐỖ THANH HƯƠNG | E8: 1 | F8: 3800000 | G8: 4300000 | H8: 3800000 | I8: 3800000 | K8: 30 | L8: 30 | O8: 1 | P8: 138 | Q8: 218 | R8: =Q8-P8 -> 80 | S8: 4000 | T8: =R8*S8 -> 320000 | W8: 1 | X8: 120000 | Y8: =W8*X8 -> 120000 | AD8: 100000 | AE8: =AC8*AD8 -> 0 | AG8: 60000 | AH8: =AF8*AG8 -> 0 | AO8: 1 | AP8: 120000 | AQ8: =AO8*AP8 -> 120000 | AT8: =AR8*AS8 -> 0 | AU8: =(SUM(T8,Y8,AB8,AE8,AH8,AK8,AN8,AQ8,AT8)) -> 560000 | AV8: =AU8+I8*E8+J8+M8+N8 -> 4360000 | AX8: 4360000 | AY8: =IF(AND(AV8>0,AX8=0),"Chưa TT",IF(AX8-AV8>0,"Thừa",IF(AND(AV8=0,AX8=0),"Trống",IF(AND(AX8>0,AV8=0),"Đóng cọc",IF(AX8-AV8<0,"Thiếu",IF(AX8-AV8=0,"Đủ",0)))))) -> Đủ | AZ8: =AX8-AV8 -> 0 | CA8: 144 | CB8: 209 | CC8: =CB8-CA8 -> 65 | CD8: 3800 | CE8: =CC8*CD8 -> 247000 | CG8: =CE8/3 -> 82333.333
A9: 301G1 | B9: G1 | C9: 301 | D9: ĐỖ THANH HƯƠNG | E9: 1 | F9: 3900000 | G9: 4200000 | H9: 3900000 | I9: 3900000 | K9: 30 | L9: 30 | O9: 1 | P9: 343 | Q9: 372 | R9: =Q9-P9 -> 29 | S9: 4000 | T9: =R9*S9 -> 116000 | W9: 1 | X9: 120000 | Y9: =W9*X9 -> 120000 | AC9: 1 | AD9: 100000 | AE9: =AC9*AD9 -> 100000 | AF9: 1 | AG9: 60000 | AH9: =AF9*AG9 -> 60000 | AI9: 1 | AJ9: 150000 | AK9: =AI9*AJ9 -> 150000 | AO9: 1 | AP9: 120000 | AQ9: =AO9*AP9 -> 120000 | AT9: =AR9*AS9 -> 0 | AU9: =(SUM(T9,Y9,AB9,AE9,AH9,AK9,AN9,AQ9,AT9)) -> 666000 | AV9: =AU9+I9*E9+J9+M9+N9 -> 4566000 | AX9: 4566000 | AY9: =IF(AND(AV9>0,AX9=0),"Chưa TT",IF(AX9-AV9>0,"Thừa",IF(AND(AV9=0,AX9=0),"Trống",IF(AND(AX9>0,AV9=0),"Đóng cọc",IF(AX9-AV9<0,"Thiếu",IF(AX9-AV9=0,"Đủ",0)))))) -> Đủ | AZ9: =AX9-AV9 -> 0 | CA9: 144 | CB9: 209 | CC9: =CB9-CA9 -> 65 | CD9: 3800 | CE9: =CC9*CD9 -> 247000 | CG9: =CE9/3 -> 82333.333
A10: 302G1 | B10: G1 | C10: 302 | D10: ĐỖ THANH HƯƠNG | E10: 1 | F10: 3800000 | G10: 4000000 | H10: 3800000 | I10: 3800000 | K10: 30 | L10: 30 | O10: 2 | P10: 351 | Q10: 549 | R10: =Q10-P10 -> 198 | S10: 4000 | T10: =R10*S10 -> 792000 | W10: 2 | X10: 120000 | Y10: =W10*X10 -> 240000 | AC10: 1 | AD10: 100000 | AE10: =AC10*AD10 -> 100000 | AF10: 2 | AG10: 60000 | AH10: =AF10*AG10 -> 120000 | AI10: 1 | AJ10: 150000 | AK10: =AI10*AJ10 -> 150000 | AO10: 2 | AP10: 120000 | AQ10: =AO10*AP10 -> 240000 | AT10: =AR10*AS10 -> 0 | AU10: =(SUM(T10,Y10,AB10,AE10,AH10,AK10,AN10,AQ10,AT10)) -> 1642000 | AV10: =AU10+I10*E10+J10+M10+N10 -> 5442000 | AX10: 5442000 | AY10: =IF(AND(AV10>0,AX10=0),"Chưa TT",IF(AX10-AV10>0,"Thừa",IF(AND(AV10=0,AX10=0),"Trống",IF(AND(AX10>0,AV10=0),"Đóng cọc",IF(AX10-AV10<0,"Thiếu",IF(AX10-AV10=0,"Đủ",0)))))) -> Đủ | AZ10: =AX10-AV10 -> 0 | CA10: 144 | CB10: 209 | CC10: =CB10-CA10 -> 65 | CD10: 3800 | CE10: =CC10*CD10 -> 247000 | CG10: =CE10/3 -> 82333.333
A11: 303G1 | B11: G1 | C11: 303 | D11: ĐỖ THANH HƯƠNG | E11: 1 | F11: 4000000 | G11: 4300000 | H11: 4000000 | I11: 4000000 | K11: 30 | L11: 30 | O11: 3 | P11: 856 | Q11: 1086 | R11: =Q11-P11 -> 230 | S11: 4000 | T11: =R11*S11 -> 920000 | W11: 3 | X11: 120000 | Y11: =W11*X11 -> 360000 | AB11: =Z11*AA11 -> 0 | AD11: 100000 | AE11: =AC11*AD11 -> 0 | AF11: 3 | AG11: 60000 | AH11: =AF11*AG11 -> 180000 | AO11: 3 | AP11: 120000 | AQ11: =AO11*AP11 -> 360000 | AT11: =AR11*AS11 -> 0 | AU11: =(SUM(T11,Y11,AB11,AE11,AH11,AK11,AN11,AQ11,AT11)) -> 1820000 | AV11: =AU11+I11*E11+J11+M11+N11 -> 5820000 | AX11: 5820000 | AY11: =IF(AND(AV11>0,AX11=0),"Chưa TT",IF(AX11-AV11>0,"Thừa",IF(AND(AV11=0,AX11=0),"Trống",IF(AND(AX11>0,AV11=0),"Đóng cọc",IF(AX11-AV11<0,"Thiếu",IF(AX11-AV11=0,"Đủ",0)))))) -> Đủ | AZ11: =AX11-AV11 -> 0
A12: 304G1 | B12: G1 | C12: 304 | D12: ĐỖ THANH HƯƠNG | E12: 1 | F12: 4100000 | G12: 4400000 | H12: 4100000 | I12: 4100000 | K12: 30 | L12: 30 | O12: 2 | P12: 458 | Q12: 726 | R12: =Q12-P12 -> 268 | S12: 4000 | T12: =R12*S12 -> 1072000 | W12: 2 | X12: 120000 | Y12: =W12*X12 -> 240000 | AB12: =Z12*AA12 -> 0 | AC12: 1 | AD12: 100000 | AE12: =AC12*AD12 -> 100000 | AF12: 2 | AG12: 60000 | AH12: =AF12*AG12 -> 120000 | AO12: 2 | AP12: 120000 | AQ12: =AO12*AP12 -> 240000 | AT12: =AR12*AS12 -> 0 | AU12: =(SUM(T12,Y12,AB12,AE12,AH12,AK12,AN12,AQ12,AT12)) -> 1772000 | AV12: =AU12+I12*E12+J12+M12+N12 -> 5872000 | AX12: 5872000 | AY12: =IF(AND(AV12>0,AX12=0),"Chưa TT",IF(AX12-AV12>0,"Thừa",IF(AND(AV12=0,AX12=0),"Trống",IF(AND(AX12>0,AV12=0),"Đóng cọc",IF(AX12-AV12<0,"Thiếu",IF(AX12-AV12=0,"Đủ",0)))))) -> Đủ | AZ12: =AX12-AV12 -> 0
A13: 401G1 | B13: G1 | C13: 401 | D13: ĐỖ THANH HƯƠNG | E13: 1 | F13: 3800000 | G13: =4200000 -> 4200000 | H13: 3800000 | I13: 3800000 | K13: 30 | L13: 30 | O13: 1 | P13: 1401 | Q13: 1401 | R13: =Q13-P13 -> 0 | S13: 4000 | T13: =R13*S13 -> 0 | W13: 1 | X13: 120000 | Y13: =W13*X13 -> 120000 | AC13: 1 | AD13: 100000 | AE13: =AC13*AD13 -> 100000 | AF13: 1 | AG13: 60000 | AH13: =AF13*AG13 -> 60000 | AO13: 1 | AP13: 120000 | AQ13: =AO13*AP13 -> 120000 | AT13: =AR13*AS13 -> 0 | AU13: =(SUM(T13,Y13,AB13,AE13,AH13,AK13,AN13,AQ13,AT13)) -> 400000 | AV13: =AU13+I13*E13+J13+M13+N13 -> 4200000 | AX13: =5040000-840000 -> 4200000 | AY13: =IF(AND(AV13>0,AX13=0),"Chưa TT",IF(AX13-AV13>0,"Thừa",IF(AND(AV13=0,AX13=0),"Trống",IF(AND(AX13>0,AV13=0),"Đóng cọc",IF(AX13-AV13<0,"Thiếu",IF(AX13-AV13=0,"Đủ",0)))))) -> Đủ | AZ13: =AX13-AV13 -> 0
A14: 402G1 | B14: G1 | C14: 402 | D14: ĐỖ THANH HƯƠNG | E14: 1 | F14: 3900000 | G14: 4000000 | H14: 3900000 | I14: 3900000 | K14: 30 | L14: 30 | O14: 1 | P14: 1021 | Q14: 1021 | R14: =Q14-P14 -> 0 | S14: 4000 | T14: =R14*S14 -> 0 | W14: 1 | X14: 120000 | Y14: =W14*X14 -> 120000 | AC14: 1 | AD14: 100000 | AE14: =AC14*AD14 -> 100000 | AF14: 1 | AG14: 60000 | AH14: =AF14*AG14 -> 60000 | AK14: =AI14*AJ14 -> 0 | AO14: 1 | AP14: 120000 | AQ14: =AO14*AP14 -> 120000 | AT14: =AR14*AS14 -> 0 | AU14: =(SUM(T14,Y14,AB14,AE14,AH14,AK14,AN14,AQ14,AT14)) -> 400000 | AV14: =AU14+I14*E14+J14+M14+N14 -> 4300000 | AX14: 4300000 | AY14: =IF(AND(AV14>0,AX14=0),"Chưa TT",IF(AX14-AV14>0,"Thừa",IF(AND(AV14=0,AX14=0),"Trống",IF(AND(AX14>0,AV14=0),"Đóng cọc",IF(AX14-AV14<0,"Thiếu",IF(AX14-AV14=0,"Đủ",0)))))) -> Đủ | AZ14: =AX14-AV14 -> 0
A15: 403G1 | B15: G1 | C15: 403 | D15: ĐỖ THANH HƯƠNG | E15: 1 | F15: 4200000 | G15: =4300000 -> 4300000 | H15: 4200000 | I15: 4200000 | K15: 30 | L15: 30 | O15: 2 | P15: 693 | Q15: 1099 | R15: =Q15-P15 -> 406 | S15: 4000 | T15: =R15*S15 -> 1624000 | W15: 2 | X15: 120000 | Y15: =W15*X15 -> 240000 | AD15: 100000 | AE15: =AC15*AD15 -> 0 | AF15: 2 | AG15: 60000 | AH15: =AF15*AG15 -> 120000 | AO15: 2 | AP15: 120000 | AQ15: =AO15*AP15 -> 240000 | AT15: =AR15*AS15 -> 0 | AU15: =(SUM(T15,Y15,AB15,AE15,AH15,AK15,AN15,AQ15,AT15)) -> 2224000 | AV15: =AU15+I15*E15+J15+M15+N15 -> 6424000 | AX15: 6424000 | AY15: =IF(AND(AV15>0,AX15=0),"Chưa TT",IF(AX15-AV15>0,"Thừa",IF(AND(AV15=0,AX15=0),"Trống",IF(AND(AX15>0,AV15=0),"Đóng cọc",IF(AX15-AV15<0,"Thiếu",IF(AX15-AV15=0,"Đủ",0)))))) -> Đủ | AZ15: =AX15-AV15 -> 0
A16: 404G1 | B16: G1 | C16: 404 | D16: ĐỖ THANH HƯƠNG | E16: 1 | F16: 4000000 | G16: 4400000 | H16: 4000000 | I16: 4000000 | K16: 30 | L16: 30 | O16: 1 | P16: 511 | Q16: 653 | R16: =Q16-P16 -> 142 | S16: 4000 | T16: =R16*S16 -> 568000 | W16: 1 | X16: 120000 | Y16: =W16*X16 -> 120000 | AD16: 100000 | AE16: =AC16*AD16 -> 0 | AF16: 1 | AG16: 60000 | AH16: =AF16*AG16 -> 60000 | AO16: 1 | AP16: 120000 | AQ16: =AO16*AP16 -> 120000 | AT16: =AR16*AS16 -> 0 | AU16: =(SUM(T16,Y16,AB16,AE16,AH16,AK16,AN16,AQ16,AT16)) -> 868000 | AV16: =AU16+I16*E16+J16+M16+N16 -> 4868000 | AX16: 4868000 | AY16: =IF(AND(AV16>0,AX16=0),"Chưa TT",IF(AX16-AV16>0,"Thừa",IF(AND(AV16=0,AX16=0),"Trống",IF(AND(AX16>0,AV16=0),"Đóng cọc",IF(AX16-AV16<0,"Thiếu",IF(AX16-AV16=0,"Đủ",0)))))) -> Đủ | AZ16: =AX16-AV16 -> 0
A17: 601G1 | B17: G1 | C17: 601 | D17: ĐỖ THANH HƯƠNG | E17: 1 | F17: 3600000 | G17: 4100000 | H17: 3600000 | I17: 3600000 | J17: 3600000 | K17: 30 | L17: 30 | O17: 2 | P17: 522 | Q17: 522 | R17: =Q17-P17 -> 0 | S17: 4000 | T17: =R17*S17 -> 0 | X17: 120000 | Y17: =W17*X17 -> 0 | AD17: 100000 | AE17: =AC17*AD17 -> 0 | AG17: 60000 | AH17: =AF17*AG17 -> 0 | AP17: 120000 | AQ17: =AO17*AP17 -> 0 | AT17: =AR17*AS17 -> 0 | AU17: =(SUM(T17,Y17,AB17,AE17,AH17,AK17,AN17,AQ17,AT17)) -> 0 | AV17: =AU17+I17*E17+J17+M17+N17 -> 7200000 | AW17: kh mới 1/7 chốt giá 3tr6, tháng 7 chưa ở chỉ đóng tiền nhà | AX17: =1500000+3600000+2100000 -> 7200000 | AY17: =IF(AND(AV17>0,AX17=0),"Chưa TT",IF(AX17-AV17>0,"Thừa",IF(AND(AV17=0,AX17=0),"Trống",IF(AND(AX17>0,AV17=0),"Đóng cọc",IF(AX17-AV17<0,"Thiếu",IF(AX17-AV17=0,"Đủ",0)))))) -> Đủ | AZ17: =AX17-AV17 -> 0
A18: 603G1 | B18: G1 | C18: 603 | D18: ĐỖ THANH HƯƠNG | E18: 1 | F18: 3000000 | G18: 3300000 | H18: 3000000 | I18: 3000000 | K18: 30 | L18: 30 | O18: 2 | P18: 228 | Q18: 328 | R18: =Q18-P18 -> 100 | S18: 4000 | T18: =R18*S18 -> 400000 | W18: 2 | X18: 120000 | Y18: =W18*X18 -> 240000 | AB18: =Z18*AA18 -> 0 | AC18: 1 | AD18: 100000 | AE18: =AC18*AD18 -> 100000 | AF18: 2 | AG18: 60000 | AH18: =AF18*AG18 -> 120000 | AO18: 2 | AP18: 120000 | AQ18: =AO18*AP18 -> 240000 | AR18: =(285-282)/2 -> 1.5 | AS18: 4000 | AT18: =AR18*AS18 -> 6000 | AU18: =(SUM(T18,Y18,AB18,AE18,AH18,AK18,AN18,AQ18,AT18)) -> 1106000 | AV18: =AU18+I18*E18+J18+M18+N18 -> 4106000 | AX18: 4106000 | AY18: =IF(AND(AV18>0,AX18=0),"Chưa TT",IF(AX18-AV18>0,"Thừa",IF(AND(AV18=0,AX18=0),"Trống",IF(AND(AX18>0,AV18=0),"Đóng cọc",IF(AX18-AV18<0,"Thiếu",IF(AX18-AV18=0,"Đủ",0)))))) -> Đủ | AZ18: =AX18-AV18 -> 0
A19: 604G1 | B19: G1 | C19: 604 | D19: ĐỖ THANH HƯƠNG | E19: 1 | F19: 3500000 | G19: 3500000 | H19: 3500000 | I19: 3500000 | K19: 30 | L19: 30 | O19: 3 | P19: 597 | Q19: 1166 | R19: =Q19-P19 -> 569 | S19: 4000 | T19: =R19*S19 -> 2276000 | W19: 3 | X19: 120000 | Y19: =W19*X19 -> 360000 | AC19: 1 | AD19: 100000 | AE19: =AC19*AD19 -> 100000 | AF19: 3 | AG19: 60000 | AH19: =AF19*AG19 -> 180000 | AO19: 3 | AP19: 120000 | AQ19: =AO19*AP19 -> 360000 | AR19: =(285-282)/2 -> 1.5 | AS19: 4000 | AT19: =AR19*AS19 -> 6000 | AU19: =(SUM(T19,Y19,AB19,AE19,AH19,AK19,AN19,AQ19,AT19)) -> 3282000 | AV19: =AU19+I19*E19+J19+M19+N19 -> 6782000 | AX19: 6782000 | AY19: =IF(AND(AV19>0,AX19=0),"Chưa TT",IF(AX19-AV19>0,"Thừa",IF(AND(AV19=0,AX19=0),"Trống",IF(AND(AX19>0,AV19=0),"Đóng cọc",IF(AX19-AV19<0,"Thiếu",IF(AX19-AV19=0,"Đủ",0)))))) -> Đủ | AZ19: =AX19-AV19 -> 0

Sheet BÁO CÁO THÁNG 8
A1: BÁO CÁO KINH DOANH G1 THÁNG 8/2026 | F1: BẢNG CHIA CỔ PHẦN G1
A2: Tổng doanh thu tháng 8 | C2: ='HĐ T8.26 '!AX2-C7 -> 84186000 | D2: DT TRÊN HĐ - HOÀN CỌC | G2: Tỷ lệ % | H2: Vốn | I2: LN Gộp | J2: LN ròng | K2: LNR/GV | L2: CP/LNG | M2: Tổng nhận
A3: Cọc phòng mới | C3: 4100000 | D3: P203 | F3: CHUNG | G3: 10 | H3: =G3*($C$22/100) -> 4800000 | I3: =G3*$C$73/100 -> 2299093.2 | J3: =G3*$C$74/100 -> 1466496.9 | M3: =H3+J3 -> 6266496.9
C4: 3900000 | D4: P601 | F4: HẰNG | G4: 20 | H4: =G4*($C$22/100) -> 9600000 | I4: =G4*$C$73/100 -> 4598186.4 | J4: =G4*$C$74/100 -> 2932993.8 | M4: =H4+J4 -> 12532994
F5: TÙNG | G5: 15 | H5: =G5*($C$22/100) -> 7200000 | I5: =G5*$C$73/100 -> 3448639.8 | J5: =G5*$C$74/100 -> 2199745.4 | M5: =H5+J5 -> 9399745.4
A6: Cọc khách bỏ không ở | F6: NGỌC | G6: 5 | H6: =G6*($C$22/100) -> 2400000 | I6: =G6*$C$73/100 -> 1149546.6 | J6: =G6*$C$74/100 -> 733248.46 | M6: =H6+J6 -> 3133248.5
A7: Hoàn Cọc | C7: 2940000 | D7: P203 | F7: MẠNH | G7: 15 | H7: =G7*($C$22/100) -> 7200000 | I7: =G7*$C$73/100 -> 3448639.8 | J7: =G7*$C$74/100 -> 2199745.4 | M7: =H7+J7 -> 9399745.4
F8: HÀO | G8: 10 | H8: =G8*($C$22/100) -> 4800000 | I8: =G8*$C$73/100 -> 2299093.2 | J8: =G8*$C$74/100 -> 1466496.9 | M8: =H8+J8 -> 6266496.9 | N8: =H13+J13 -> 62664969
B9: Tổng số phòng phá hđ | C9: 1 | F9: A ĐIỆP | G9: 5 | H9: =G9*($C$22/100) -> 2400000 | I9: =G9*$C$73/100 -> 1149546.6 | J9: =G9*$C$74/100 -> 733248.46 | M9: =H9+J9 -> 3133248.5 | N9: =H13+J13 -> 62664969
B10: Tổng số phòng mới | C10: 2 | F10: LÂM | G10: 10 | H10: =G10*($C$22/100) -> 4800000 | I10: =G10*$C$73/100 -> 2299093.2 | J10: =G10*$C$74/100 -> 1466496.9 | M10: =H10+J10 -> 6266496.9
B11: Tổng số phòng trống | C11: 0 | F11: HUY ANH | G11: 10 | H11: =G11*($C$22/100) -> 4800000 | I11: =G11*$C$73/100 -> 2299093.2 | J11: =G11*$C$74/100 -> 1466496.9 | M11: =H11+J11 -> 6266496.9
B12: Doanh thu tiền phòng | C12: ='HĐ T8.26 '!I2-'HĐ T8.26 '!I17+'[17]PHÒNG MỚI THÁNG 8'!$H$18 -> 57348387
B13: Doanh thu điện | C13: ='HĐ T8.26 '!T2-'HĐ T8.26 '!T17+'HĐ T8.26 '!AT2+'[17]HOÀN CỌC'!$S$9 -> 12099500 | G13: =SUM(G3:G12) -> 100 | H13: =SUM(H3:H12) -> 48000000 | I13: =SUM(I3:I12) -> 22990932 | J13: =SUM(J3:J12) -> 14664969 | K13: =C78*100 -> 23.964299 | L13: =C80 -> 3.0238457 | M13: =SUM(M3:M12) -> 62664969
B14: Doanh thu nước | C14: ='HĐ T8.26 '!Y2-'HĐ T8.26 '!Y17+'[17]PHÒNG MỚI THÁNG 8'!$X$18 -> 3344516.1
B15: Doanh thu phí vệ sinh | C15: =(('HĐ T8.26 '!AQ2-'HĐ T8.26 '!AQ17)/2)+'[17]PHÒNG MỚI THÁNG 8'!$AP$18/2 -> 1792258.1
B16: Doanh thu mạng | C16: ='HĐ T8.26 '!AE2-'HĐ T8.26 '!AE17+'[17]PHÒNG MỚI THÁNG 8'!$AD$18 -> 1093548.4
B17: Doanh thu xe điện | C17: ='HĐ T8.26 '!AK2 -> 300000
B18: Doanh thu phí thang máy | C18: ='HĐ T8.26 '!AH2-'HĐ T8.26 '!AH17+'[17]PHÒNG MỚI THÁNG 8'!$AG$18 -> 1792258.1
B19: Doanh thu máy giặt | C19: =(('HĐ T8.26 '!AQ2-'HĐ T8.26 '!AQ17)/2)+'[17]PHÒNG MỚI THÁNG 8'!$AP$18/2 -> 1792258.1
B20: Doanh thu tổng dịch vụ nhà | C20: =SUM(C13:C19) -> 22214339
A22: Tiền thuê nhà 1 tháng | B22: Tiền thuê nhà | C22: 48000000
A23: Mua sắm thêm thiết bị
A28: Gía gốc dịch vụ | B28: Điện | C28: 12595068
B29: Nước | C29: 300000
B30: Mạng | C30: 0
B31: Phí thu rác | C31: 300000
B32: Phí môi trường
B33: Phí bảo trì thang máy
A34: Gía vốn( GV) | C34: =SUM(C22:C33) -> 61195068
A35: Chi phí vận hành | B35: Lương quản lý | C35: 1752429.3
B36: Lương quản lý tổng | C36: =(13000000/1382)*15 -> 141099.86
B37: Lương trưởng phòng vận hành | C37: =(20000000/1382)*15+10000*15 -> 367076.7
B38: Lương phó phòng vận hành | C38: =(4000000/1382)*15 -> 43415.34
B39: Lương nhân viên nguồn | C39: =(3000000/1382)*15 -> 32561.505
B40: Lương NVKD partime | C40: =(SUM('[18]THÁNG 8'!$Y$141/1382)*15) -> 621924.76
B41: Lương vệ sinh | C41: 550000
B42: Lương kế toán | C42: =150000+10000+(2000000/1382)*15 -> 181707.67
B43: Lương sửa chữa | C43: =(25000000/1343)*15 -> 279225.61
B44: Lương bảo vệ
B45: Thuê và dv VP | C45: =('[19]THÁNG 8.26 '!$B$12/1382)*15 -> 584492.38
A46: Chi phí bán hàng phát sinh | B46: Phí marketing | C46: =('[19]THÁNG 8.26 '!$F$10/1382)*15 -> 257029.67
C47: 2050000 | D47: P203
C48: 1365000 | D48: P601
B50: Sửa chữa ,thay thế,bảo trì | C50: 100000 | D50: Sửa tủ P304
B65: chi phí khác
A71: Tổng chi phí bán hàng (CPBH) | C71: =SUM(C35:C70) -> 8325962.8
A72: TỔNG CHI PHÍ (TCP) | C72: =C34+C71 -> 69521031
A73: Lợi nhuận gộp (LNG) | C73: =C2-C34 -> 22990932 | D73: DT-GV
A74: Lợi nhuận ròng (LNR) | C74: =C2-C72 -> 14664969 | D74: DT-TCP
A75: Gía vốn( GV) | C75: =C34 -> 61195068
A76: Tỷ lệ LNR /DT | C76: =C74/C2 -> 0.17419724
A77: Tỷ lệ LNG /DT | C77: =C73/C2 -> 0.27309686
A78: Tỷ lệ LNR /GV | C78: =C74/C75 -> 0.23964299
A79: Tỷ lệ LNR/LNG | C79: =C74/C73 -> 0.63785884
A80: CP/LNG | C80: =C72/C73 -> 3.0238457
A81: GV/DT | C81: =C75/C2 -> 0.72690314
A82: CPBH/DT | C82: =C71/C2 -> 0.098899612
A83: TCP/DT | C83: =C72/C2 -> 0.82580276
A84: LƯƠNG/CPBH | C84: =SUM(C35:C44)/C71 -> 0.47675456
A85: HH/CPBH | C85: =SUM(C46:C49)/C71 -> 0.44103364
A86: CPK/CPBH | C86: =SUM(C65:C70)/C71 -> 0

Sheet HĐ T8.26  
A1: Mã | B1: Tòa | C1: Phòng | D1: Quản lý | E1: Kỳ TT | F1: Cọc khách cũ | G1: Giá Niêm yết | H1: Giá QL | I1: Gía phòng hiện tại | J1: Cọc | K1: Ngày ở | L1: Ngày DV | M1: Nợ cũ | N1: Thu khác | O1: Số người | P1: Điện | U1: Nước | Z1: VỆ SINH | AC1: MẠNG | AF1: THANG MÁY | AI1: XE ĐIỆN | AL1: Máy giặt | AO1: DV khác | AR1: Điện chung | AU1: Tổng DV | AV1: Tổng cần đóng | AW1: Ghi Chú Hóa đơn | AX1: Tổng đã đóng link | AY1: Tình trạng | AZ1: Công nợ KH | BA1: GHI CHÚ
G2: =SUM(G4:G19) -> 61200000 | H2: =SUM(H4:H19) -> 57300000 | I2: =SUM(I4:I19) -> 57300000 | J2: =SUM(J4:J19) -> 4100000 | K2: =SUM(K4:K19) -> 480 | L2: =SUM(L4:L19) -> 480 | M2: =SUM(M4:M19) -> 0 | N2: =SUM(N4:N19) -> 0 | ... AX2: =SUM(AX4:AX19) -> 87126000
M3: (thiếu ghi âm) | N3: + | P3: CS cu | Q3: Cs moi | R3: SL | S3: Đơn giá | T3: Thành tiền | U3: CS cu | V3: CS moi | W3: SL | X3: Đơn giá | Y3: Thành tiền | Z3: SL | AA3: Đơn giá | AB3: Thành tiền | AC3: SL | AD3: Đơn giá | AE3: Thành tiền | AF3: SL | AG3: Đơn giá | AH3: Thành tiền | AI3: SL | AJ3: Đơn giá | AK3: Thành tiền | AL3: SL | AM3: Đơn giá | AN3: Thành tiền | AO3: SL | AP3: Đơn giá | AQ3: Thành tiền | AR3: SL | AS3: Đơn giá | AT3: Thành tiền | AY3: =AX3-AV3 -> 0
A4: 000G1 | B4: G1 | C4: 0 | D4: ĐỖ THANH HƯƠNG | E4: 1 | K4: 30 | L4: 30 | R4: 825 | S4: 3500 | T4: =R4*S4 -> 2887500 | AU4: =(SUM(T4,Y4,AB4,AE4,AH4,AK4,AN4,AQ4,AT4)) -> 2887500 | AV4: =AU4+I4*E4+J4+M4+N4 -> 2887500 | AW4: trừ 300k tiền nc | AX4: =2587000+300000 -> 2887000 | AY4: =IF(AND(AV4>0,AX4=0),"Chưa TT",IF(AX4-AV4>0,"Thừa",IF(AND(AV4=0,AX4=0),"Trống",IF(AND(AX4>0,AV4=0),"Đóng cọc",IF(AX4-AV4<0,"Thiếu",IF(AX4-AV4=0,"Đủ",0)))))) -> Thiếu | AZ4: =AX4-AV4 -> -500
A5: 101G1 | B5: G1 | C5: 101 | D5: ĐỖ THANH HƯƠNG | E5: 1 | F5: 3500000 | G5: 3600000 | H5: 3500000 | I5: 3500000 | K5: 30 | L5: 30 | O5: 2 | P5: 623 | Q5: 728 | R5: =Q5-P5 -> 105 | S5: 4000 | T5: =R5*S5 -> 420000 | W5: 2 | X5: 120000 | Y5: =W5*X5 -> 240000 | AD5: 100000 | AE5: =AC5*AD5 -> 0 | AF5: 2 | AG5: 60000 | AH5: =AF5*AG5 -> 120000 | AO5: 2 | AP5: 120000 | AQ5: =AO5*AP5 -> 240000 | AT5: =AR5*AS5 -> 0 | AU5: =(SUM(T5,Y5,AB5,AE5,AH5,AK5,AN5,AQ5,AT5)) -> 1020000 | AV5: =AU5+I5*E5+J5+M5+N5 -> 4520000 | AX5: =420000+4100000 -> 4520000 | AY5: =IF(AND(AV5>0,AX5=0),"Chưa TT",IF(AX5-AV5>0,"Thừa",IF(AND(AV5=0,AX5=0),"Trống",IF(AND(AX5>0,AV5=0),"Đóng cọc",IF(AX5-AV5<0,"Thiếu",IF(AX5-AV5=0,"Đủ",0)))))) -> Đủ | AZ5: =AX5-AV5 -> 0
A6: 201G1 | B6: G1 | C6: 201 | D6: ĐỖ THANH HƯƠNG | E6: 1 | F6: 4100000 | G6: 4200000 | H6: 4100000 | I6: 4100000 | K6: 30 | L6: 30 | O6: 2 | P6: 509 | Q6: 655 | R6: =Q6-P6 -> 146 | S6: 4000 | T6: =R6*S6 -> 584000 | W6: 2 | X6: 120000 | Y6: =W6*X6 -> 240000 | AC6: 1 | AD6: 100000 | AE6: =AC6*AD6 -> 100000 | AF6: 2 | AG6: 60000 | AH6: =AF6*AG6 -> 120000 | AI6: 1 | AJ6: 150000 | AK6: =AI6*AJ6 -> 150000 | AO6: 2 | AP6: 120000 | AQ6: =AO6*AP6 -> 240000 | AT6: =AR6*AS6 -> 0 | AU6: =(SUM(T6,Y6,AB6,AE6,AH6,AK6,AN6,AQ6,AT6)) -> 1434000 | AV6: =AU6+I6*E6+J6+M6+N6 -> 5534000 | AX6: 5534000 | AY6: =IF(AND(AV6>0,AX6=0),"Chưa TT",IF(AX6-AV6>0,"Thừa",IF(AND(AV6=0,AX6=0),"Trống",IF(AND(AX6>0,AV6=0),"Đóng cọc",IF(AX6-AV6<0,"Thiếu",IF(AX6-AV6=0,"Đủ",0)))))) -> Đủ | AZ6: =AX6-AV6 -> 0 | CA6: 1935 | CB6: 1967 | CC6: =CB6-CA6 -> 32 | CD6: 3800 | CE6: =CC6*CD6 -> 121600 | CG6: =CE6/3 -> 40533.333
A7: 202G1 | B7: G1 | C7: 202 | D7: ĐỖ THANH HƯƠNG | E7: 1 | F7: 3800000 | G7: 4000000 | H7: 3800000 | I7: 3800000 | K7: 30 | L7: 30 | O7: 2 | P7: 1632 | Q7: 2024 | R7: =Q7-P7 -> 392 | S7: 4000 | T7: =R7*S7 -> 1568000 | W7: 2 | X7: 120000 | Y7: =W7*X7 -> 240000 | AC7: 1 | AD7: 100000 | AE7: =AC7*AD7 -> 100000 | AF7: 2 | AG7: 60000 | AH7: =AF7*AG7 -> 120000 | AN7: =AL7*AM7 -> 0 | AO7: 2 | AP7: 120000 | AQ7: =AO7*AP7 -> 240000 | AT7: =AR7*AS7 -> 0 | AU7: =(SUM(T7,Y7,AB7,AE7,AH7,AK7,AN7,AQ7,AT7)) -> 2268000 | AV7: =AU7+I7*E7+J7+M7+N7 -> 6068000 | AX7: 6068000 | AY7: =IF(AND(AV7>0,AX7=0),"Chưa TT",IF(AX7-AV7>0,"Thừa",IF(AND(AV7=0,AX7=0),"Trống",IF(AND(AX7>0,AV7=0),"Đóng cọc",IF(AX7-AV7<0,"Thiếu",IF(AX7-AV7=0,"Đủ",0)))))) -> Đủ | AZ7: =AX7-AV7 -> 0 | CA7: 1935 | CB7: 1967 | CC7: =CB7-CA7 -> 32 | CD7: 3800 | CE7: =CC7*CD7 -> 121600 | CG7: =CE7/3 -> 40533.333
A8: 203G1 | B8: G1 | C8: 203 | D8: ĐỖ THANH HƯƠNG | E8: 1 | F8: 4100000 | G8: 4300000 | H8: 4100000 | I8: 4100000 | J8: 4100000 | K8: 30 | L8: 30 | O8: 3 | P8: 337 | Q8: 337 | R8: =Q8-P8 -> 0 | S8: 4000 | T8: =R8*S8 -> 0 | W8: 3 | X8: 120000 | Y8: =W8*X8 -> 360000 | AC8: 1 | AD8: 100000 | AE8: =AC8*AD8 -> 100000 | AF8: 3 | AG8: 60000 | AH8: =AF8*AG8 -> 180000 | AO8: 3 | AP8: 120000 | AQ8: =AO8*AP8 -> 360000 | AT8: =AR8*AS8 -> 0 | AU8: =(SUM(T8,Y8,AB8,AE8,AH8,AK8,AN8,AQ8,AT8)) -> 1000000 | AV8: =AU8+I8*E8+J8+M8+N8 -> 9200000 | AW8: kh mới 1/8 chốt giá 4tr1 | AX8: =4100000+5100000 -> 9200000 | AY8: =IF(AND(AV8>0,AX8=0),"Chưa TT",IF(AX8-AV8>0,"Thừa",IF(AND(AV8=0,AX8=0),"Trống",IF(AND(AX8>0,AV8=0),"Đóng cọc",IF(AX8-AV8<0,"Thiếu",IF(AX8-AV8=0,"Đủ",0)))))) -> Đủ | AZ8: =AX8-AV8 -> 0 | BA8: 46235 | BB8: 12th | BC8: 46629 | CA8: 144 | CB8: 209 | CC8: =CB8-CA8 -> 65 | CD8: 3800 | CE8: =CC8*CD8 -> 247000 | CG8: =CE8/3 -> 82333.333
A9: 301G1 | B9: G1 | C9: 301 | D9: ĐỖ THANH HƯƠNG | E9: 1 | F9: 3900000 | G9: 4200000 | H9: 3900000 | I9: 3900000 | K9: 30 | L9: 30 | O9: 1 | P9: 372 | Q9: 379 | R9: =Q9-P9 -> 7 | S9: 4000 | T9: =R9*S9 -> 28000 | W9: 1 | X9: 120000 | Y9: =W9*X9 -> 120000 | AC9: 1 | AD9: 100000 | AE9: =AC9*AD9 -> 100000 | AF9: 1 | AG9: 60000 | AH9: =AF9*AG9 -> 60000 | AI9: 1 | AJ9: 150000 | AK9: =AI9*AJ9 -> 150000 | AO9: 1 | AP9: 120000 | AQ9: =AO9*AP9 -> 120000 | AT9: =AR9*AS9 -> 0 | AU9: =(SUM(T9,Y9,AB9,AE9,AH9,AK9,AN9,AQ9,AT9)) -> 578000 | AV9: =AU9+I9*E9+J9+M9+N9 -> 4478000 | AX9: 4478000 | AY9: =IF(AND(AV9>0,AX9=0),"Chưa TT",IF(AX9-AV9>0,"Thừa",IF(AND(AV9=0,AX9=0),"Trống",IF(AND(AX9>0,AV9=0),"Đóng cọc",IF(AX9-AV9<0,"Thiếu",IF(AX9-AV9=0,"Đủ",0)))))) -> Đủ | AZ9: =AX9-AV9 -> 0 | CA9: 144 | CB9: 209 | CC9: =CB9-CA9 -> 65 | CD9: 3800 | CE9: =CC9*CD9 -> 247000 | CG9: =CE9/3 -> 82333.333
A10: 302G1 | B10: G1 | C10: 302 | D10: ĐỖ THANH HƯƠNG | E10: 1 | F10: 3800000 | G10: 4000000 | H10: 3800000 | I10: 3800000 | K10: 30 | L10: 30 | O10: 2 | P10: 549 | Q10: 627 | R10: =Q10-P10 -> 78 | S10: 4000 | T10: =R10*S10 -> 312000 | X10: 120000 | Y10: =W10*X10 -> 0 | AC10: 1 | AD10: 100000 | AE10: =AC10*AD10 -> 100000 | AF10: 2 | AG10: 60000 | AH10: =AF10*AG10 -> 120000 | AJ10: 150000 | AK10: =AI10*AJ10 -> 0 | AO10: 2 | AP10: 120000 | AQ10: =AO10*AP10 -> 240000 | AT10: =AR10*AS10 -> 0 | AU10: =(SUM(T10,Y10,AB10,AE10,AH10,AK10,AN10,AQ10,AT10)) -> 772000 | AV10: =AU10+I10*E10+J10+M10+N10 -> 4572000 | AX10: 4572000 | AY10: =IF(AND(AV10>0,AX10=0),"Chưa TT",IF(AX10-AV10>0,"Thừa",IF(AND(AV10=0,AX10=0),"Trống",IF(AND(AX10>0,AV10=0),"Đóng cọc",IF(AX10-AV10<0,"Thiếu",IF(AX10-AV10=0,"Đủ",0)))))) -> Đủ | AZ10: =AX10-AV10 -> 0 | CA10: 144 | CB10: 209 | CC10: =CB10-CA10 -> 65 | CD10: 3800 | CE10: =CC10*CD10 -> 247000 | CG10: =CE10/3 -> 82333.333
A11: 303G1 | B11: G1 | C11: 303 | D11: ĐỖ THANH HƯƠNG | E11: 1 | F11: 4000000 | G11: 4300000 | H11: 4000000 | I11: 4000000 | K11: 30 | L11: 30 | O11: 3 | P11: 1086 | Q11: 1299 | R11: =Q11-P11 -> 213 | S11: 4000 | T11: =R11*S11 -> 852000 | W11: 3 | X11: 120000 | Y11: =W11*X11 -> 360000 | AB11: =Z11*AA11 -> 0 | AD11: 100000 | AE11: =AC11*AD11 -> 0 | AF11: 3 | AG11: 60000 | AH11: =AF11*AG11 -> 180000 | AO11: 3 | AP11: 120000 | AQ11: =AO11*AP11 -> 360000 | AT11: =AR11*AS11 -> 0 | AU11: =(SUM(T11,Y11,AB11,AE11,AH11,AK11,AN11,AQ11,AT11)) -> 1752000 | AV11: =AU11+I11*E11+J11+M11+N11 -> 5752000 | AX11: 5752000 | AY11: =IF(AND(AV11>0,AX11=0),"Chưa TT",IF(AX11-AV11>0,"Thừa",IF(AND(AV11=0,AX11=0),"Trống",IF(AND(AX11>0,AV11=0),"Đóng cọc",IF(AX11-AV11<0,"Thiếu",IF(AX11-AV11=0,"Đủ",0)))))) -> Đủ | AZ11: =AX11-AV11 -> 0
A12: 304G1 | B12: G1 | C12: 304 | D12: ĐỖ THANH HƯƠNG | E12: 1 | F12: 4100000 | G12: 4400000 | H12: 4100000 | I12: 4100000 | K12: 30 | L12: 30 | O12: 2 | P12: 726 | Q12: 938 | R12: =Q12-P12 -> 212 | S12: 4000 | T12: =R12*S12 -> 848000 | W12: 2 | X12: 120000 | Y12: =W12*X12 -> 240000 | AB12: =Z12*AA12 -> 0 | AC12: 1 | AD12: 100000 | AE12: =AC12*AD12 -> 100000 | AF12: 2 | AG12: 60000 | AH12: =AF12*AG12 -> 120000 | AO12: 2 | AP12: 120000 | AQ12: =AO12*AP12 -> 240000 | AT12: =AR12*AS12 -> 0 | AU12: =(SUM(T12,Y12,AB12,AE12,AH12,AK12,AN12,AQ12,AT12)) -> 1548000 | AV12: =AU12+I12*E12+J12+M12+N12 -> 5648000 | AW12: kh đóng thừa | AX12: 5872000 | AY12: =IF(AND(AV12>0,AX12=0),"Chưa TT",IF(AX12-AV12>0,"Thừa",IF(AND(AV12=0,AX12=0),"Trống",IF(AND(AX12>0,AV12=0),"Đóng cọc",IF(AX12-AV12<0,"Thiếu",IF(AX12-AV12=0,"Đủ",0)))))) -> Thừa | AZ12: =AX12-AV12 -> 224000
A13: 401G1 | B13: G1 | C13: 401 | D13: ĐỖ THANH HƯƠNG | E13: 1 | F13: 3800000 | G13: =4200000+200000 -> 4400000 | H13: 3800000 | I13: 3800000 | K13: 30 | L13: 30 | O13: 1 | P13: 1401 | Q13: 1401 | R13: =Q13-P13 -> 0 | S13: 4000 | T13: =R13*S13 -> 0 | W13: 1 | X13: 120000 | Y13: =W13*X13 -> 120000 | AC13: 1 | AD13: 100000 | AE13: =AC13*AD13 -> 100000 | AF13: 1 | AG13: 60000 | AH13: =AF13*AG13 -> 60000 | AO13: 1 | AP13: 120000 | AQ13: =AO13*AP13 -> 120000 | AT13: =AR13*AS13 -> 0 | AU13: =(SUM(T13,Y13,AB13,AE13,AH13,AK13,AN13,AQ13,AT13)) -> 400000 | AV13: =AU13+I13*E13+J13+M13+N13 -> 4200000 | AX13: 4200000 | AY13: =IF(AND(AV13>0,AX13=0),"Chưa TT",IF(AX13-AV13>0,"Thừa",IF(AND(AV13=0,AX13=0),"Trống",IF(AND(AX13>0,AV13=0),"Đóng cọc",IF(AX13-AV13<0,"Thiếu",IF(AX13-AV13=0,"Đủ",0)))))) -> Đủ | AZ13: =AX13-AV13 -> 0
A14: 402G1 | B14: G1 | C14: 402 | D14: ĐỖ THANH HƯƠNG | E14: 1 | F14: 3900000 | G14: 4000000 | H14: 3900000 | I14: 3900000 | K14: 30 | L14: 30 | O14: 2 | P14: 1021 | Q14: 1050 | R14: =Q14-P14 -> 29 | S14: 4000 | T14: =R14*S14 -> 116000 | W14: 2 | X14: 120000 | Y14: =W14*X14 -> 240000 | AC14: 1 | AD14: 100000 | AE14: =AC14*AD14 -> 100000 | AF14: 2 | AG14: 60000 | AH14: =AF14*AG14 -> 120000 | AK14: =AI14*AJ14 -> 0 | AO14: 2 | AP14: 120000 | AQ14: =AO14*AP14 -> 240000 | AT14: =AR14*AS14 -> 0 | AU14: =(SUM(T14,Y14,AB14,AE14,AH14,AK14,AN14,AQ14,AT14)) -> 816000 | AV14: =AU14+I14*E14+J14+M14+N14 -> 4716000 | AX14: =4600000+116000 -> 4716000 | AY14: =IF(AND(AV14>0,AX14=0),"Chưa TT",IF(AX14-AV14>0,"Thừa",IF(AND(AV14=0,AX14=0),"Trống",IF(AND(AX14>0,AV14=0),"Đóng cọc",IF(AX14-AV14<0,"Thiếu",IF(AX14-AV14=0,"Đủ",0)))))) -> Đủ | AZ14: =AX14-AV14 -> 0
A15: 403G1 | B15: G1 | C15: 403 | D15: ĐỖ THANH HƯƠNG | E15: 1 | F15: 4200000 | G15: =4300000+200000 -> 4500000 | H15: 4200000 | I15: 4200000 | K15: 30 | L15: 30 | O15: 2 | P15: 1099 | Q15: 1381 | R15: =Q15-P15 -> 282 | S15: 4000 | T15: =R15*S15 -> 1128000 | W15: 2 | X15: 120000 | Y15: =W15*X15 -> 240000 | AD15: 100000 | AE15: =AC15*AD15 -> 0 | AF15: 2 | AG15: 60000 | AH15: =AF15*AG15 -> 120000 | AO15: 2 | AP15: 120000 | AQ15: =AO15*AP15 -> 240000 | AT15: =AR15*AS15 -> 0 | AU15: =(SUM(T15,Y15,AB15,AE15,AH15,AK15,AN15,AQ15,AT15)) -> 1728000 | AV15: =AU15+I15*E15+J15+M15+N15 -> 5928000 | AX15: 5928000 | AY15: =IF(AND(AV15>0,AX15=0),"Chưa TT",IF(AX15-AV15>0,"Thừa",IF(AND(AV15=0,AX15=0),"Trống",IF(AND(AX15>0,AV15=0),"Đóng cọc",IF(AX15-AV15<0,"Thiếu",IF(AX15-AV15=0,"Đủ",0)))))) -> Đủ | AZ15: =AX15-AV15 -> 0
A16: 404G1 | B16: G1 | C16: 404 | D16: ĐỖ THANH HƯƠNG | E16: 1 | F16: 4000000 | G16: 4400000 | H16: 4000000 | I16: 4000000 | K16: 30 | L16: 30 | O16: 1 | P16: 653 | Q16: 788 | R16: =Q16-P16 -> 135 | S16: 4000 | T16: =R16*S16 -> 540000 | W16: 1 | X16: 120000 | Y16: =W16*X16 -> 120000 | AD16: 100000 | AE16: =AC16*AD16 -> 0 | AF16: 1 | AG16: 60000 | AH16: =AF16*AG16 -> 60000 | AO16: 1 | AP16: 120000 | AQ16: =AO16*AP16 -> 120000 | AT16: =AR16*AS16 -> 0 | AU16: =(SUM(T16,Y16,AB16,AE16,AH16,AK16,AN16,AQ16,AT16)) -> 840000 | AV16: =AU16+I16*E16+J16+M16+N16 -> 4840000 | AX16: 4840000 | AY16: =IF(AND(AV16>0,AX16=0),"Chưa TT",IF(AX16-AV16>0,"Thừa",IF(AND(AV16=0,AX16=0),"Trống",IF(AND(AX16>0,AV16=0),"Đóng cọc",IF(AX16-AV16<0,"Thiếu",IF(AX16-AV16=0,"Đủ",0)))))) -> Đủ | AZ16: =AX16-AV16 -> 0
A17: 601G1 | B17: G1 | C17: 601 | D17: ĐỖ THANH HƯƠNG | E17: 1 | F17: 3600000 | G17: 4100000 | H17: 3600000 | I17: 3600000 | K17: 30 | L17: 30 | O17: 2 | P17: 522 | Q17: 556 | R17: =Q17-P17 -> 34 | S17: 4000 | T17: =R17*S17 -> 136000 | W17: 2 | X17: 120000 | Y17: =W17*X17 -> 240000 | AC17: 1 | AD17: 100000 | AE17: =AC17*AD17 -> 100000 | AF17: 2 | AG17: 60000 | AH17: =AF17*AG17 -> 120000 | AO17: 2 | AP17: 120000 | AQ17: =AO17*AP17 -> 240000 | AT17: =AR17*AS17 -> 0 | AU17: =(SUM(T17,Y17,AB17,AE17,AH17,AK17,AN17,AQ17,AT17)) -> 836000 | AV17: =AU17+I17*E17+J17+M17+N17 -> 4436000 | AW17: kh phá hd, kh mới 3/8 chốt giá 3tr9, | AX17: =3900000+4303000 -> 8203000 | AY17: =IF(AND(AV17>0,AX17=0),"Chưa TT",IF(AX17-AV17>0,"Thừa",IF(AND(AV17=0,AX17=0),"Trống",IF(AND(AX17>0,AV17=0),"Đóng cọc",IF(AX17-AV17<0,"Thiếu",IF(AX17-AV17=0,"Đủ",0)))))) -> Thừa | AZ17: =AX17-AV17 -> 3767000
A18: 603G1 | B18: G1 | C18: 603 | D18: ĐỖ THANH HƯƠNG | E18: 1 | F18: 3000000 | G18: 3300000 | H18: 3000000 | I18: 3000000 | K18: 30 | L18: 30 | O18: 2 | P18: 328 | Q18: 425 | R18: =Q18-P18 -> 97 | S18: 4000 | T18: =R18*S18 -> 388000 | W18: 2 | X18: 120000 | Y18: =W18*X18 -> 240000 | AB18: =Z18*AA18 -> 0 | AC18: 1 | AD18: 100000 | AE18: =AC18*AD18 -> 100000 | AF18: 2 | AG18: 60000 | AH18: =AF18*AG18 -> 120000 | AO18: 2 | AP18: 120000 | AQ18: =AO18*AP18 -> 240000 | AR18: =(287-285)/2 -> 1 | AS18: 4000 | AT18: =AR18*AS18 -> 4000 | AU18: =(SUM(T18,Y18,AB18,AE18,AH18,AK18,AN18,AQ18,AT18)) -> 1092000 | AV18: =AU18+I18*E18+J18+M18+N18 -> 4092000 | AX18: 4092000 | AY18: =IF(AND(AV18>0,AX18=0),"Chưa TT",IF(AX18-AV18>0,"Thừa",IF(AND(AV18=0,AX18=0),"Trống",IF(AND(AX18>0,AV18=0),"Đóng cọc",IF(AX18-AV18<0,"Thiếu",IF(AX18-AV18=0,"Đủ",0)))))) -> Đủ | AZ18: =AX18-AV18 -> 0
A19: 604G1 | B19: G1 | C19: 604 | D19: ĐỖ THANH HƯƠNG | E19: 1 | F19: 3500000 | G19: 3500000 | H19: 3500000 | I19: 3500000 | K19: 30 | L19: 30 | O19: 3 | P19: 1166 | Q19: 1606 | R19: =Q19-P19 -> 440 | S19: 4000 | T19: =R19*S19 -> 1760000 | W19: 3 | X19: 120000 | Y19: =W19*X19 -> 360000 | AC19: 1 | AD19: 100000 | AE19: =AC19*AD19 -> 100000 | AF19: 3 | AG19: 60000 | AH19: =AF19*AG19 -> 180000 | AO19: 3 | AP19: 120000 | AQ19: =AO19*AP19 -> 360000 | AR19: =(287-285)/2 -> 1 | AS19: 4000 | AT19: =AR19*AS19 -> 4000 | AU19: =(SUM(T19,Y19,AB19,AE19,AH19,AK19,AN19,AQ19,AT19)) -> 2764000 | AV19: =AU19+I19*E19+J19+M19+N19 -> 6264000 | AX19: 6264000 | AY19: =IF(AND(AV19>0,AX19=0),"Chưa TT",IF(AX19-AV19>0,"Thừa",IF(AND(AV19=0,AX19=0),"Trống",IF(AND(AX19>0,AV19=0),"Đóng cọc",IF(AX19-AV19<0,"Thiếu",IF(AX19-AV19=0,"Đủ",0)))))) -> Đủ | AZ19: =AX19-AV19 -> 0
